I01;I02;I10;INH;P01;P02;P1004;P1005;P1001I;P11;P16;P17;P29;P31;P3303;AUR;GEDAD;TDFUNC;P10R
1;1;198901;1;2;2;;;;6;;1;;5;4;2;15;8;2
1;1;79013;1;3;1;;;;6;;1;6;6;;2;10;7;2
1;1;237514;1;10;1;;;;6;;8;3;6;;1;8;8;2
1;1;171957;1;3;1;;;;6;1;6;;;;1;3;8;2
1;1;194796;1;1;2;;;;6;;4;6;2;2;2;9;8;2
1;1;145192;1;3;2;;;;6;1;6;;6;99;2;4;8;2
1;1;30629;1;2;2;;;;6;;11;2;5;2;1;9;8;2
1;1;148970;1;3;1;;;;6;1;11;;6;;1;5;8;2
1;1;50938;1;1;1;;;;6;;5;;5;;2;16;1;2
1;1;226151;0;12;1;;;;1;1;6;;6;;2;6;8;2
1;1;137459;1;3;2;;;;6;1;11;;6;99;2;7;9;2
1;1;207698;1;2;2;;;;6;;11;;5;1;2;9;8;2
1;1;166787;1;3;2;;;;6;1;6;;;;2;3;8;2
1;1;16678;1;3;1;;;;6;;8;6;6;;1;6;8;2
1;1;97482;1;1;1;;;;6;;11;;5;;1;16;8;2
1;1;134298;1;3;2;;;;6;1;8;;6;;1;5;8;2
1;1;51925;2;3;1;;;;6;;1;;;;2;2;9;2
1;1;11337;1;3;1;;;;6;1;6;;;;2;3;8;2
1;1;141918;1;3;2;;;;6;;8;;6;;2;6;8;2
1;1;114100;1;1;1;;;;6;;8;1;5;;2;10;8;7
1;1;39179;1;3;1;;;;6;1;3;;;;2;2;8;2
1;1;210343;1;3;2;;;;6;2;6;;;;1;3;8;2
1;1;159936;1;3;2;;;;6;2;6;;;;1;4;8;2
1;1;128898;1;1;1;;;;6;;5;;5;;1;17;8;2
1;1;199240;1;9;1;;;;6;2;11;1;6;;1;7;8;2
1;1;35784;1;3;2;;;;6;2;6;;6;;1;4;8;2
1;1;103483;1;1;2;;;;6;;11;1;2;1;1;13;8;2
1;1;229094;1;2;2;;;;6;;5;;5;3;1;14;8;2
1;1;128426;1;1;1;;;;6;;11;5;1;;1;8;8;2
1;1;211953;1;2;2;;;;6;;8;;5;3;1;11;8;2
1;1;19323;1;3;2;;;;6;;7;6;6;3;1;8;8;2
1;1;156419;1;2;2;;;;6;;5;;1;4;2;8;8;2
1;1;176520;1;1;1;;;;6;;12;2;5;;1;9;8;2
1;1;68839;1;3;1;;;;6;1;6;;;;1;3;9;2
1;1;237579;1;9;2;;;;6;1;6;;6;;2;4;8;2
1;1;175756;1;1;1;;;;6;;7;;5;;1;16;8;2
1;1;193419;1;3;1;;;;6;;8;1;6;;2;7;8;2
1;1;98952;1;11;2;;;13;1;;8;4;6;;1;5;8;6
1;1;132535;1;6;1;;;;6;;8;;6;;2;5;8;2
1;1;195883;1;3;2;;;;6;2;6;;;;1;3;8;2
1;1;208365;1;2;2;;;;6;2;11;;5;3;2;10;8;2
1;1;42523;1;2;2;;;;6;;5;;5;3;1;14;8;2
1;1;114179;1;3;1;;;;6;;11;6;6;;2;8;8;2
1;1;146433;1;3;1;;;;6;1;6;;6;;1;4;8;2
1;1;10857;1;3;2;;;;6;1;6;;;;1;3;8;2
1;1;100794;1;3;2;;;;6;1;6;;;;1;3;8;2
1;1;158163;1;1;2;;;;6;;5;;4;2;1;15;8;2
1;1;142416;1;1;1;;;;7;;5;;5;;1;17;8;2
1;1;185824;1;2;2;;;;6;;5;;5;3;2;9;8;2
1;1;59461;1;3;1;;;;6;;8;1;6;;2;7;8;2
1;1;182606;1;1;2;;;;6;;8;1;3;2;1;10;8;2
1;1;120275;1;1;1;;;;6;;11;2;3;;1;8;8;2
1;1;110230;1;5;1;;;;6;;5;1;5;;1;9;8;2
1;1;197662;1;9;1;;;;6;2;6;;;;1;3;8;2
1;1;153397;1;3;1;;;;6;1;6;;6;;2;4;8;2
1;1;43667;1;3;2;;;;6;1;6;;;;2;3;8;2
1;1;181238;1;3;2;;;;6;1;11;;6;;2;6;8;2
1;1;45030;1;3;1;;;;6;1;2;;;;1;1;8;
1;1;159767;1;2;2;;;;7;;10;6;1;;2;7;8;2
1;1;13814;1;2;2;;;;6;;5;5;5;99;2;13;8;2
1;1;160485;1;9;2;;;;6;;5;;6;;1;15;8;2
1;1;234344;1;2;2;;;;6;;7;;5;2;1;9;8;2
1;1;206203;0;12;2;;;;6;;8;;6;;1;20;7;2
1;1;233511;0;12;2;;;;6;;5;9;6;99;1;17;9;2
1;1;233756;1;3;2;;;;6;2;6;;6;;1;4;8;2
1;1;155905;1;6;2;;;;6;3;8;;6;;2;5;8;2
1;1;147138;1;6;2;;;;6;;8;;6;;2;5;6;2
1;1;197420;1;3;1;;;;6;1;8;;6;;2;4;8;2
1;1;63802;1;1;1;;;;6;;8;1;5;;1;7;8;2
1;1;3517;1;3;1;;;;6;;1;;;;2;2;8;2
1;1;16702;1;3;1;;;;6;1;6;;;;1;3;8;2
1;1;234531;1;3;1;;;;6;1;6;;;;2;4;8;2
1;1;210254;1;1;1;;;;6;;8;2;5;;2;12;5;2
1;1;31618;1;1;2;;;;6;;8;;6;3;2;8;8;2
1;1;42752;1;3;2;;;;6;1;8;;6;;2;5;8;2
1;1;108728;1;3;1;;;;6;;11;1;6;;1;8;8;2
1;1;8153;1;3;1;;;;6;;8;9;6;;2;6;9;2
1;1;72823;1;3;2;;;;6;2;8;;6;;2;5;8;2
1;1;238313;1;9;1;;;;6;;8;6;6;;2;7;8;2
1;1;79012;1;2;2;;;;6;;11;8;5;2;1;7;8;2
1;1;162879;1;1;1;;;;6;;5;6;5;;1;13;8;2
1;1;94437;1;9;1;;;;6;2;10;6;6;;1;7;8;2
1;1;39511;1;6;2;;;;6;2;6;;;;2;3;8;2
1;1;67449;1;3;1;;;;6;;1;;;;2;2;8;2
1;1;5306;1;1;1;;;;7;;8;1;1;;1;8;8;3
1;1;93155;1;1;1;;;;6;;13;1;3;;1;10;8;2
1;1;72412;1;2;1;;;;6;;5;1;6;;2;7;8;2
1;1;86758;1;1;1;;;;6;;5;6;5;;1;10;8;2
1;1;151026;1;1;1;;;;6;;9;6;5;;1;14;8;2
1;1;159070;1;2;2;;;;6;;8;1;5;2;1;10;8;2
1;1;218449;1;1;1;;;;6;;1;6;5;;1;12;8;2
1;1;29784;1;3;1;;;;6;;5;6;6;;1;12;8;2
1;1;183668;1;3;1;;;;6;1;8;;6;;2;5;8;2
1;1;148093;1;3;1;;;;6;2;11;;6;;2;5;8;2
1;1;202515;1;1;1;;;;6;2;11;;6;;1;6;8;2
1;1;129198;1;4;2;;;;6;1;6;;;;2;3;8;2
1;1;28081;1;3;2;;;;6;1;6;;;;2;3;8;2
1;1;175127;1;1;1;;;;6;;8;1;1;;2;12;8;2
1;1;61716;1;2;2;;;;6;;5;;5;2;1;14;8;2
1;1;45437;1;3;2;;;;6;2;6;;6;;1;4;8;2
1;1;171184;1;3;1;;;;6;2;6;;6;;1;4;8;2
1;1;89882;1;1;1;;;;6;;8;1;5;;1;10;8;2
1;1;2564;1;1;1;;;;6;;8;1;5;;1;7;8;2
1;1;55705;1;1;1;;;;6;;1;;4;;2;20;7;2
1;1;226927;1;1;2;;;;6;;1;;6;;2;16;5;2
1;1;57497;1;2;2;;;;6;;7;;5;2;1;15;8;2
1;1;211541;1;3;2;;;;6;1;6;;;;2;4;8;2
1;1;237537;1;3;1;;;;6;;11;7;6;;1;8;8;2
1;1;180378;1;1;1;;;;6;;8;6;6;;2;6;4;2
1;1;104720;1;1;1;;;;6;;4;3;5;;2;9;8;2
1;1;172368;1;6;1;;;;6;1;8;;6;;2;4;8;2
1;1;163350;1;3;2;;;;6;;8;;6;;2;5;8;2
1;1;242498;1;3;2;;;;6;1;8;;6;;2;5;8;2
1;1;150762;1;1;1;;;;6;;8;1;6;;2;7;8;2
1;1;66595;1;2;2;;;;6;;5;;1;99;2;14;7;2
1;1;69609;1;3;2;;;;6;1;6;;;;2;3;8;2
1;1;119469;1;3;2;;;;6;;8;;6;99;2;5;8;2
1;1;234131;1;1;2;;;;6;;5;5;6;99;1;13;8;2
1;1;156710;1;3;1;;;;6;;11;;6;;2;7;8;2
1;1;74022;1;1;1;;;;3;;8;6;6;;1;6;8;2
1;1;81668;1;1;1;;;;6;;11;1;6;;1;7;8;7
1;1;102117;1;3;2;;;;6;;7;6;6;;1;13;8;2
1;1;164642;1;2;2;;;;1;;6;6;1;2;1;6;8;2
1;1;207694;1;3;1;;;;6;;1;;;;1;2;8;2
1;1;221269;2;3;1;;;;6;1;6;;;;2;3;8;2
1;1;228049;1;3;1;;;;6;;7;8;2;;2;13;8;2
1;1;197137;1;3;1;;;;6;2;3;;;;1;2;8;2
1;1;78040;1;1;1;;;;6;;11;1;3;;1;10;8;2
1;1;226601;1;1;2;;;;6;;8;6;3;3;1;7;8;2
1;1;156868;1;1;2;;;;6;;11;6;5;2;1;10;8;2
1;1;92441;1;1;1;;;;6;;11;6;5;;1;14;8;2
1;1;102681;1;3;1;;;;6;;10;;6;;1;7;8;2
1;1;154257;1;2;2;;;13;1;;5;6;5;1;1;7;8;6
1;1;221586;1;3;1;;;;6;;1;;;;1;2;8;2
1;1;89828;1;3;2;;;;6;2;11;6;6;99;1;6;8;2
1;1;112962;1;1;1;;;;6;;5;6;5;;2;9;8;2
1;1;44854;1;3;1;;;;6;2;11;;6;;1;6;8;2
1;1;107624;1;1;1;;;;6;;7;6;1;;1;12;8;2
1;1;224659;1;1;1;;;;7;;7;;5;;1;18;8;7
1;1;162109;1;3;2;;;;6;2;11;;6;;1;6;8;2
1;1;152131;1;2;1;;;;6;1;11;9;1;;1;9;9;2
1;1;60093;1;9;1;;;;6;1;11;;6;;1;6;8;2
1;1;92958;1;3;2;;;;6;;6;6;6;;2;6;8;2
1;1;38520;1;9;2;;;;6;1;6;;;;1;3;8;2
1;1;140752;1;1;2;;;;7;;11;2;6;1;2;10;8;2
1;1;50345;1;1;2;;;;6;;8;1;3;1;1;9;8;2
1;1;116569;1;1;1;;;;6;;8;1;5;;1;13;8;2
1;1;5108;1;1;1;;;;6;;5;5;5;;2;9;8;2
1;1;133798;1;3;2;;;;6;;11;1;6;;2;7;8;2
1;1;186950;1;2;2;;;;6;;11;1;5;2;1;10;8;7
1;1;157515;1;3;1;;;;6;;11;6;6;;1;7;8;2
1;1;224185;1;1;1;;;;6;;5;1;5;;2;10;8;2
1;1;69051;1;2;2;;;;6;;5;9;5;99;1;9;9;2
1;1;88986;1;3;1;;;;6;;12;2;6;;2;8;8;2
1;1;66124;1;3;2;;;;5;;6;;;;2;4;8;2
1;1;64979;1;3;1;;;;6;;8;9;6;;2;6;9;2
1;1;154178;1;3;1;;;;6;;11;;6;;1;6;8;2
1;1;10727;1;2;2;;;;6;;8;6;5;3;2;9;8;2
1;1;127938;1;2;2;;;;6;;5;6;5;3;2;14;8;2
1;1;657;1;3;2;;;;6;;11;1;6;;2;8;8;2
1;1;150515;1;3;1;;;;6;2;11;1;6;;1;6;8;2
1;1;61763;1;3;1;;;;6;1;8;;6;;2;5;8;2
1;1;58389;1;1;2;;;;6;;11;1;2;4;2;9;8;2
1;1;95794;1;2;2;;;;6;;6;6;5;3;2;9;8;2
1;1;96970;1;2;2;;;;6;;8;;5;4;1;9;8;2
1;1;79090;1;3;2;;;;6;;11;7;5;1;2;8;8;2
1;1;135614;1;6;1;;;;6;2;8;;6;;1;5;8;7
1;1;159619;1;2;1;;;;6;;11;6;5;;2;12;8;2
1;1;175898;1;1;1;;;;6;1;11;;6;;1;7;8;2
1;1;47426;1;3;1;;;;6;1;3;;;;2;2;8;2
1;1;206294;1;1;1;;;;6;;5;2;5;;2;14;8;2
1;1;229799;1;1;1;;;;6;;5;9;5;;1;9;9;2
1;1;62545;1;3;1;;;;6;;8;;6;;1;5;8;2
1;1;224249;1;3;1;;;;6;1;6;;;;1;4;8;2
1;1;226327;1;1;1;;;;6;;8;1;5;;1;7;8;2
1;1;25404;1;2;2;;;;7;;11;1;5;3;1;13;8;2
1;1;179068;0;12;1;;;;6;3;6;;6;;1;4;8;2
1;1;186983;1;1;2;;;;7;;12;;6;3;1;13;8;7
1;1;100947;1;1;1;;;;7;;11;1;5;;1;11;8;7
1;1;56164;1;3;2;;;;6;;6;1;6;99;1;5;8;2
1;1;35924;1;3;2;;;;6;2;10;;6;;1;5;8;2
1;1;116107;1;3;2;;;;6;;8;;6;;1;6;8;2
1;1;223697;1;2;2;;;;2;;8;6;1;3;1;9;8;2
1;1;103556;1;6;1;;;;6;2;3;;;;1;2;8;2
1;1;23833;1;3;1;;;;6;;6;3;6;;2;6;8;2
1;1;123697;1;2;2;;;;6;;6;;5;3;2;7;8;2
1;1;9167;1;3;1;;;;6;;8;;6;;1;5;8;2
1;1;98963;1;3;1;;;;6;;8;3;6;;1;6;8;2
1;1;133157;1;1;2;;;;6;;5;;5;99;2;8;8;2
1;1;84034;1;6;1;;;;6;1;8;1;6;;2;5;8;2
1;1;164423;1;3;1;;;;6;1;6;;;;2;3;8;2
1;1;125529;1;2;2;;;;6;;11;;3;99;1;16;8;2
1;1;212676;1;1;2;;;;6;;11;2;1;2;1;8;8;2
1;1;100412;1;3;2;;;;6;1;6;;6;;2;4;8;2
1;1;42538;1;3;2;;;;6;;12;1;6;;1;8;8;2
1;1;217873;1;3;2;;;;6;;11;1;5;;1;8;8;7
1;1;99851;1;2;2;;;;6;;12;1;1;;1;7;8;2
1;1;48206;1;9;1;;;;6;;7;;5;;2;11;8;2
1;1;59703;1;3;1;;;;6;;11;5;6;;1;8;8;2
1;1;174653;1;2;2;;;;6;;5;;5;6;2;17;8;2
1;1;61859;1;1;2;;;;6;;6;;4;4;1;17;8;2
1;1;237377;1;1;2;;;;6;;11;5;3;3;1;13;8;2
1;1;141068;1;4;1;;;;6;2;8;;6;;1;5;8;2
1;1;110150;1;3;1;;;;6;2;11;1;6;;1;8;8;2
1;1;189155;1;3;2;;;;6;;8;1;6;99;2;6;8;2
1;1;217094;1;1;2;;;;6;;12;1;6;;1;8;8;2
1;1;96205;1;3;2;;;;6;2;6;;;;1;4;8;2
1;1;50782;1;1;1;;;;6;2;12;1;3;;2;8;8;2
1;1;162980;1;1;2;;;;6;;6;;6;99;2;7;8;2
1;1;222363;1;1;1;;;;6;;8;2;5;;1;11;8;2
1;1;206702;1;3;2;;;;6;2;11;1;6;99;2;8;8;2
1;1;176908;1;3;2;;;;6;1;11;;6;99;1;6;8;2
1;1;200142;1;7;2;;;;6;;5;;4;5;2;22;8;2
1;1;1441;1;3;2;;;;6;1;6;;6;;2;4;5;2
1;1;228964;1;3;2;;;;6;;8;1;6;2;2;8;8;2
1;1;182145;1;3;2;;;;6;;11;1;6;;1;7;8;2
1;1;28533;1;2;1;;;;6;1;11;9;5;;1;12;9;2
1;1;127095;1;2;2;;;;7;;7;;5;3;1;16;8;2
1;1;107465;1;2;1;;;;6;;8;6;5;;1;9;8;2
1;1;186791;1;1;2;;;;6;;5;6;4;4;1;15;8;2
1;1;66447;1;1;1;;;;6;;8;1;5;;1;7;4;2
1;1;45050;1;1;2;;;;6;;12;2;1;;1;8;8;2
1;1;204829;1;3;1;;;;6;;8;1;6;;2;5;8;2
1;1;16086;1;2;1;;;;6;;8;6;5;;1;12;8;2
1;1;147881;1;1;1;;;;6;;11;5;3;;1;14;8;2
1;1;90741;1;2;2;;;;6;;12;2;5;1;1;11;8;2
1;1;203803;1;3;2;;;;6;3;6;;;;1;3;8;2
1;1;4322;1;3;2;;;;6;;5;6;6;;2;10;8;2
1;1;89507;1;1;1;;;;6;;8;1;5;;1;9;5;2
1;1;171569;1;1;1;;;;6;;5;6;5;;1;11;8;2
1;1;130424;1;1;1;;;;6;;5;1;5;;2;10;8;2
1;1;167397;1;3;1;;;;6;;3;;;;2;2;8;2
1;1;161293;1;2;2;;;;6;;8;;1;1;1;15;8;3
1;1;133196;1;6;2;;;;6;1;6;;;;2;3;8;2
1;1;120509;1;1;2;;;;6;;5;;2;2;2;9;8;2
1;1;29292;1;2;2;;;;6;;5;5;5;2;1;10;8;2
1;1;92358;1;3;1;;;;6;;10;;6;;2;7;8;2
1;1;235601;1;2;2;;;;6;;5;;5;2;2;8;8;2
1;1;159084;1;1;2;;;;6;;11;7;6;;1;7;8;2
1;1;194593;1;3;1;;;;6;1;2;;;;1;2;8;2
1;1;63110;1;3;2;;;;6;3;6;;;;1;3;8;2
1;1;172248;1;3;1;;;;6;;8;;6;;1;5;9;2
1;1;182343;1;2;2;;;;6;;8;1;5;3;2;8;8;2
1;1;37155;1;1;2;;;;6;;8;5;5;2;1;12;8;2
1;1;168670;2;1;1;;;;6;;7;6;5;;1;9;8;2
1;1;220969;1;1;2;;;13;6;;5;;5;11;2;13;8;6
1;1;11592;1;2;2;;;;6;;5;9;5;99;1;10;9;2
1;1;192437;1;1;1;;;;6;1;8;;6;;1;5;8;2
1;1;234900;1;3;1;;;;6;;6;1;6;;2;7;8;2
1;1;228148;1;10;2;;;;6;;5;;3;4;1;15;8;2
1;1;230564;1;1;2;;;;6;;6;4;6;3;2;9;8;2
1;1;227707;1;3;1;;;;6;1;6;;6;;2;4;8;2
1;1;56067;1;3;1;;;;6;2;8;;6;;2;5;8;2
1;1;123490;1;1;1;;;;6;;5;3;1;;2;8;8;2
1;1;175855;1;3;1;;;;6;2;8;;6;;1;5;8;7
1;1;157875;1;1;1;;;;6;;8;6;5;;2;9;5;2
1;1;75440;1;2;2;;;;6;;6;;1;2;1;6;8;2
1;1;81667;1;6;1;;;;6;1;3;;;;1;2;8;2
1;1;91550;1;3;2;;;;6;1;6;;6;;1;4;8;2
1;1;79707;1;3;1;;;;6;2;11;1;6;;1;6;8;7
1;1;110376;1;3;1;;;;6;1;8;;6;;2;5;8;2
1;1;102149;1;3;1;;;;6;1;6;;6;;2;4;8;2
1;1;79636;1;1;2;;;;6;;5;;4;;1;11;8;2
1;1;155919;1;9;1;;;;6;1;2;;;;1;2;8;2
1;1;142682;1;9;2;;;;7;;7;;5;2;1;15;8;2
1;1;230819;1;3;2;;;;6;1;11;1;6;;1;6;8;2
1;1;98100;1;2;2;;;;6;;5;4;5;5;2;11;8;2
1;1;180964;1;2;2;;;;6;;11;6;5;1;2;8;8;2
1;1;72469;1;3;2;;;;6;;11;;6;;1;7;8;2
1;1;179768;1;3;1;;;;6;2;11;;6;;1;6;8;2
1;1;84362;1;1;1;;;;6;;5;;3;;1;15;8;2
1;1;15770;1;1;1;;;;6;;7;;4;;1;20;8;2
1;1;67513;1;3;2;;;;6;2;11;;6;;1;5;8;7
1;1;194313;1;1;1;;;;6;;11;5;5;;1;12;8;2
1;1;71180;1;3;1;;;;6;;8;6;6;;2;6;8;2
1;1;205499;1;1;1;;;;6;2;11;9;3;;1;12;9;2
1;1;69855;1;1;1;;;;6;;11;6;5;;1;7;8;2
1;1;166262;1;1;1;;;;6;1;11;9;1;;2;8;9;2
1;1;1828;1;2;2;;;;6;;12;6;1;;1;7;8;2
1;1;20289;1;1;1;;;;7;2;8;;6;;1;5;8;7
1;1;10632;1;2;2;;;;6;1;11;9;5;99;1;6;9;2
1;1;174512;1;3;1;;;;6;;8;6;6;;1;7;8;2
1;1;164380;1;3;2;;;;6;1;8;;6;;1;5;8;2
1;1;136951;1;1;2;;;;6;;1;;6;2;2;10;8;2
1;1;166485;1;1;1;;;;6;2;11;9;1;;1;11;9;2
1;1;153129;1;3;1;;;;6;2;6;;6;;1;4;8;2
1;1;156200;1;3;2;;;;6;;11;;6;1;2;8;8;2
1;1;24349;1;2;2;;;;6;;8;2;1;3;2;8;8;2
1;1;205218;2;3;2;;;;6;1;6;;;;2;3;8;2
1;1;210572;1;1;2;;;;6;;5;6;3;4;1;11;8;2
1;1;57842;1;3;2;;;;6;;8;4;6;;2;9;8;2
1;1;98793;1;3;1;;;;6;1;6;;;;2;3;8;2
1;1;123856;1;2;2;;;;6;;8;;5;2;1;10;8;2
1;1;97245;1;1;1;;;;6;;8;8;5;;1;13;8;2
1;1;76031;1;1;1;;;;6;;10;2;5;;1;8;8;2
1;1;202617;1;2;2;;;;6;;5;;5;2;2;10;8;2
1;1;79109;1;6;1;;;;6;3;6;;;;1;3;8;2
1;1;228455;1;3;2;;;;6;2;11;;6;;1;6;8;2
1;1;185533;1;3;1;;;;7;2;11;;6;;1;6;9;2
1;1;126742;1;9;1;;;;6;;6;1;6;;1;5;8;2
1;1;149581;1;1;1;;;;6;;5;;5;;1;17;9;2
1;1;15002;1;3;2;;;;6;1;6;;;;1;3;9;2
1;1;230353;1;3;2;;;;6;1;11;6;6;;2;5;8;7
1;1;140774;1;1;1;;;;6;;11;6;5;;1;12;8;2
1;1;80856;1;1;2;;;;6;;5;;4;6;2;16;1;2
1;1;160456;1;1;2;;;;6;;5;;6;;1;16;8;2
1;1;46879;1;1;2;;;;6;;5;;4;9;2;16;8;2
1;1;229196;1;3;1;;;;6;1;6;;;;2;3;8;2
1;1;151713;1;3;2;;;;6;1;6;;;;2;4;8;2
1;1;220965;2;1;1;;;;6;;5;6;5;;2;12;8;2
1;1;48083;1;9;2;;;;6;1;3;;;;1;2;8;2
1;1;182851;1;1;1;;;;6;;8;1;1;;2;6;8;2
1;1;24316;1;1;2;;;;1;;5;1;5;4;2;9;8;2
1;1;241870;1;3;2;;;;6;1;6;;;;2;3;8;2
1;1;218663;1;5;1;;;;6;;8;1;5;;2;9;8;2
1;1;69488;1;3;1;;;;6;4;2;;;;1;2;9;2
1;1;85601;1;3;1;;;;6;2;6;;6;;2;4;8;7
1;1;82787;1;1;1;;;;6;;5;3;5;;2;14;8;2
1;1;154424;1;3;2;;;;6;;8;1;6;1;1;11;8;2
1;1;151155;1;1;2;;;;7;;11;6;3;4;1;14;8;7
1;1;189506;1;2;2;;;;6;;7;;5;1;1;7;8;2
1;1;183379;1;3;2;;;;6;1;6;;;;2;3;8;2
1;1;204576;1;1;1;;;;6;;7;1;5;;2;10;8;2
1;1;213318;1;2;2;;;;6;;8;;5;3;2;9;8;2
1;1;67666;1;1;1;;;;6;2;11;1;5;;1;7;8;7
1;1;202182;1;1;2;;;;6;;5;6;4;4;1;13;8;2
1;1;122625;1;3;2;;;;6;1;11;;6;;1;5;8;2
1;1;84234;1;1;2;;;;6;;8;1;5;1;1;8;8;2
1;1;11808;1;3;1;;;;6;;5;1;5;;2;8;8;2
1;1;206693;1;3;2;;;;6;;11;;6;;1;7;8;2
1;1;220966;1;3;1;;;;6;;7;1;3;;1;13;8;2
1;1;39823;1;3;1;;;;6;1;6;;6;;1;4;8;2
1;1;107431;1;1;1;;;;6;;8;5;3;;2;13;8;2
1;1;8620;1;3;2;;;;6;1;6;;;;2;4;8;2
1;1;68665;1;3;2;;;;6;2;6;;;;2;3;8;2
1;1;17264;1;3;2;;;;6;;8;;1;1;2;6;5;2
1;1;101993;1;3;2;;;;6;;1;;;;1;2;8;2
1;1;10251;1;1;1;;;;6;2;11;1;6;;2;6;8;2
1;1;169747;1;9;2;;;;6;2;6;;;;1;3;8;2
1;1;73615;1;1;2;;;;6;;1;;6;;1;16;8;2
1;1;182802;1;1;1;;;;6;;7;6;5;;1;9;8;2
1;1;106653;1;3;2;;;;6;1;3;;;;2;2;8;2
1;1;217508;1;1;1;;;;6;;7;1;5;;1;12;8;2
1;1;222841;1;3;2;;;;6;1;2;;;;2;2;8;2
1;1;217822;1;10;2;;;;6;;5;;6;;1;19;8;2
1;1;141857;1;3;1;;;;6;2;3;;;;1;3;8;2
1;1;73120;1;3;1;;;;6;;5;;6;;1;9;8;2
1;1;50216;1;1;1;;;13;6;;5;3;1;;2;13;8;6
1;1;141830;1;3;2;;;;6;;8;4;6;;1;5;8;2
1;1;176468;1;3;2;;;;6;1;6;;;;2;3;8;2
1;1;239562;1;2;2;;;;6;;11;2;5;99;1;13;8;2
1;1;23687;1;3;2;;;;6;1;6;;;;2;3;8;2
1;1;170221;1;1;1;;;;6;;6;;5;;1;18;8;2
1;1;196341;1;1;1;;;;6;;11;6;5;;1;9;8;2
1;1;144588;1;3;2;;;;1;1;3;;;;2;2;8;2
1;1;198451;1;3;2;;;;6;1;6;;;;1;3;8;7
1;1;226560;1;3;1;;;;6;2;6;;;;1;3;8;2
1;1;94902;1;3;2;;;;6;1;8;;6;;1;5;8;2
1;1;12019;1;3;1;;;;6;;11;1;6;;1;9;8;2
1;1;63030;1;3;1;;;;4;;8;1;6;;2;6;8;2
1;1;224128;1;1;1;;;;6;;5;3;5;;2;14;8;2
1;1;159448;1;3;1;;;;6;1;6;;;;2;3;8;2
1;1;196627;1;10;1;;;;6;;12;1;6;;2;15;8;2
1;1;22629;1;1;2;;;;6;;8;;2;2;1;6;8;2
1;1;455;1;1;2;;;;6;;7;1;6;1;1;7;8;2
1;1;120956;1;3;1;;;;6;1;6;;6;;1;4;8;2
1;1;219052;1;1;1;;;;6;;7;;5;;1;13;8;2
1;1;235804;1;1;2;;;;6;;11;6;3;2;1;13;8;2
1;1;36670;1;9;2;;;;6;2;6;;;;2;3;8;2
1;1;166150;1;3;2;;;;6;1;3;;;;1;2;8;2
1;1;43185;1;1;2;;;;6;;11;2;3;99;2;9;9;2
1;1;24059;1;1;2;;;;6;;8;;5;2;1;9;8;2
1;1;167248;1;1;1;;;;6;;5;;6;;2;12;7;2
1;1;38050;1;1;2;;;;6;;7;1;5;2;1;8;8;2
1;1;39797;1;3;2;;;;6;1;11;;6;;1;6;8;2
1;1;234800;1;6;1;;;;6;1;6;;;;2;3;8;2
1;1;211724;1;1;1;;;;6;;12;2;5;;1;9;8;2
1;1;172278;1;9;2;;;;6;3;6;;6;;1;4;8;2
1;1;151889;1;1;1;;;;6;;10;2;1;;1;8;8;2
1;1;24680;1;2;2;;;;6;;5;;5;3;2;11;8;2
1;1;41513;1;3;2;;;;6;1;6;;6;99;2;4;8;2
1;1;62099;1;5;2;;;;6;;5;4;1;1;2;9;8;2
1;1;99067;1;9;1;;;;6;;12;6;6;;1;9;8;2
1;1;208821;1;1;1;;;;6;;5;9;1;;1;14;9;2
1;1;174364;1;2;2;;;;6;;11;7;5;;1;10;8;2
1;1;153985;1;3;2;;;;6;2;11;1;6;;1;6;8;2
1;1;30785;1;3;1;;;;6;;1;;;;1;2;8;2
1;1;113128;1;2;2;;;;6;;5;6;5;4;1;14;8;2
1;1;37482;1;1;1;;;;6;;11;2;5;;1;9;8;2
1;1;182705;1;9;2;;;;6;1;6;;6;;1;4;8;2
1;1;142054;1;2;2;;;;6;;7;;5;2;1;14;8;2
1;1;130499;1;1;1;;;;6;;11;1;1;;2;7;8;2
1;1;122424;1;3;2;;;;6;2;6;;6;;1;4;8;7
1;1;84018;1;3;1;;;;6;1;6;;;;1;4;6;2
1;1;92364;1;3;1;;;;6;;11;1;6;;1;8;8;2
1;1;129973;1;3;2;;;;6;;12;6;6;;1;8;8;2
1;1;23044;1;2;2;;;;6;;11;1;5;2;2;10;7;2
1;1;226431;1;1;2;;;;6;;8;;4;4;1;15;8;2
1;1;221210;1;4;1;;;;6;;8;;6;;1;5;8;2
1;1;229763;1;3;1;;;;6;1;8;;1;;2;5;8;2
1;1;39702;1;3;1;;;;6;;11;1;6;;2;8;8;7
1;1;107072;1;1;1;;;;6;;11;1;5;;1;11;8;2
1;1;91424;1;1;2;;;;6;;5;5;1;1;1;12;8;2
1;1;110561;1;2;2;;;;6;1;11;9;1;99;1;8;9;2
1;1;190989;1;3;1;;;;6;2;6;;;;1;3;8;2
1;1;93120;1;1;2;;;;6;;7;;2;2;2;11;8;2
1;1;196946;1;3;1;;;;6;;12;2;5;;1;10;8;2
1;1;63395;1;10;1;;;;6;;8;9;6;;1;5;9;2
1;1;77767;1;9;1;;;;6;;7;6;6;;1;15;8;2
1;1;124031;1;3;1;;;;6;;11;1;5;;1;11;8;2
1;1;203026;1;3;1;;;;6;1;11;;6;;1;5;8;2
1;1;32982;1;9;1;;;;6;1;6;;;;2;3;8;2
1;1;31683;1;10;2;;;;6;1;3;;;;1;2;8;2
1;1;126536;1;2;2;;;;6;;8;6;5;2;1;10;8;2
1;1;18690;1;1;2;;;;6;;7;;5;6;1;14;8;2
1;1;45974;1;6;1;;;;6;;1;;;;2;2;8;2
1;1;75046;1;3;2;;;;6;1;6;;;;2;3;8;2
1;1;93941;1;3;1;;;;6;;8;1;6;;1;6;8;2
1;1;86699;1;1;1;;;;6;;11;1;5;;1;8;8;2
1;1;9366;1;6;2;;;;6;;11;1;5;2;1;11;8;2
1;1;135117;1;3;1;;;;6;;8;1;5;;1;10;8;2
1;1;180684;1;3;2;;;;6;;11;2;6;;1;7;8;2
1;1;133299;1;1;2;;;;6;;7;1;5;2;1;12;8;2
1;1;142609;1;5;1;;;;6;;7;3;5;;2;7;8;2
1;1;177256;1;2;2;;;;6;;5;4;5;3;2;10;8;2
1;1;216812;1;2;2;;;;6;;5;;5;5;2;15;8;2
1;1;147768;1;2;2;;;;6;2;11;9;5;99;1;10;9;2
1;1;234912;1;3;1;;;;6;;1;;;;1;2;9;2
1;1;180083;1;2;2;;;;6;;7;;5;3;2;8;8;2
1;1;198955;1;2;2;;;;6;;8;;5;99;1;10;8;2
1;1;126875;1;3;1;;;;6;;8;4;5;;1;10;8;2
1;1;25417;1;1;1;;;;6;;7;6;6;;1;13;8;2
1;1;11820;1;1;2;;;;6;;11;;5;3;1;11;8;2
1;1;195440;1;2;1;;;;6;;7;6;3;;1;14;8;7
1;1;235671;1;1;1;;;;6;;11;1;5;;1;14;8;2
1;1;131572;1;1;1;;;;6;;5;1;5;;1;9;8;2
1;1;185461;1;1;1;;;;6;;5;3;5;;2;14;5;2
1;1;103418;1;3;2;;;;6;1;6;;;;2;3;8;2
1;1;143071;1;1;1;;;;6;1;11;1;6;;1;7;8;2
1;1;93452;1;3;2;;;;6;2;11;;6;1;1;7;8;2
1;1;19542;1;3;2;;;;6;1;6;;;;1;4;8;2
1;1;154591;1;2;2;;;;6;;7;;5;2;2;9;8;2
1;1;76416;1;1;1;;;;6;;5;9;1;;1;13;9;2
1;1;224151;1;3;1;;;;6;1;3;;;;2;2;8;2
1;1;142993;1;7;2;;;;6;;5;;4;3;1;20;8;2
1;1;16136;1;3;1;;;;6;1;11;;6;;1;5;8;2
1;1;8565;1;3;1;;;;6;1;8;;6;;1;5;8;2
1;1;229190;1;6;2;;;;6;2;6;;;;1;3;8;2
1;1;10667;1;2;2;;;;6;;12;1;5;3;1;11;8;2
1;1;21412;1;3;1;;;;6;;11;7;6;;1;7;8;2
1;1;220309;1;2;2;;;;6;;8;6;5;3;1;13;8;2
1;1;8284;1;1;2;;;;6;;5;6;6;2;1;9;8;2
1;1;26112;1;6;1;;;;6;1;8;;6;;2;5;8;2
1;1;132443;1;3;1;;;;6;1;6;;6;;2;4;8;2
1;1;119460;1;6;1;;;;6;;2;;;;2;4;7;2
1;1;89244;1;1;1;;;;6;;8;2;6;;1;10;8;2
1;1;50350;1;1;1;;;;6;;7;;5;;2;13;8;2
1;1;110986;1;1;1;;;;6;;8;1;5;;1;9;8;2
1;1;47151;1;2;1;;;;6;;11;1;1;;1;9;8;2
1;1;65360;1;3;1;;;;6;1;11;9;6;;1;5;9;2
1;1;87680;1;2;2;;;;6;;8;1;1;2;1;7;8;2
1;1;116296;1;1;1;;;;6;;5;1;5;;2;13;8;2
1;1;151238;1;1;2;;;;6;;5;;4;3;1;17;8;2
1;1;39498;1;10;1;;;;6;;11;1;6;;1;7;5;7
1;1;168957;1;1;1;;;;7;;5;;2;;1;17;8;7
1;1;75006;1;4;2;;;;6;1;6;;6;;2;4;8;2
1;1;93717;1;2;1;;;;6;;11;1;1;;1;8;8;2
1;1;92910;1;1;2;;;;6;;8;;1;1;2;6;8;2
1;1;92813;1;3;1;;;;6;1;8;;6;;2;5;8;2
1;1;236758;1;3;2;;;;6;1;11;;6;;1;6;8;7
1;1;173505;2;3;1;;;;6;;1;;;;2;2;8;2
1;1;2293;1;3;1;;;;6;;11;;6;;1;13;8;2
1;1;112960;1;2;2;;;;6;;11;1;5;;2;8;8;2
1;1;127743;1;3;1;;;;6;1;8;;6;;2;4;8;2
1;1;20838;1;2;2;;;;6;;11;6;5;99;1;9;8;2
1;1;842;1;1;1;;;;6;;5;3;5;;2;15;4;2
1;1;94343;1;2;2;;;;6;;8;;5;1;1;12;8;2
1;1;155784;1;1;1;;;;6;;11;1;3;;1;13;8;2
1;1;198516;1;3;1;;;;6;1;3;;;;2;2;8;2
1;1;121206;1;2;2;;;;6;;5;;5;99;1;16;8;2
1;1;103030;1;3;2;;;;6;;1;;;;1;1;8;
1;1;14979;1;3;2;;;;6;;1;;;;1;2;8;2
1;1;186237;1;2;2;;;;6;;5;;5;1;1;9;8;2
1;1;1743;1;6;1;;;;6;1;6;;;;2;3;8;2
1;1;216363;1;3;2;;;;6;2;6;;;;2;3;8;2
1;1;61506;1;9;1;;;;6;;6;1;6;;1;11;8;2
1;1;215235;1;1;1;;;;6;;8;;3;;1;14;8;2
1;1;160373;1;3;2;;;;6;1;8;;6;99;1;5;8;2
1;1;124206;1;2;1;;;;6;;6;3;5;;2;13;8;2
1;1;134745;1;6;2;;;;6;2;6;;;;2;4;8;2
1;1;182640;1;1;1;;;;6;;7;;5;;1;13;8;2
1;1;17620;1;1;1;;;;6;;11;2;6;;1;11;8;2
1;1;49708;1;3;2;;;;6;2;11;;6;;1;7;8;7
1;1;78010;1;1;2;;;;6;;8;1;3;5;1;12;8;2
1;1;133848;1;6;2;;;;6;1;3;;;;2;2;8;2
1;1;61948;1;3;1;;;;6;3;8;;6;;1;5;8;2
1;1;93582;1;6;2;;;;6;1;6;;;;1;3;8;2
1;1;111825;1;1;2;;;;2;;11;2;3;1;1;10;8;2
1;1;36512;1;1;2;;;;1;;6;;1;99;1;6;8;2
1;1;212569;1;1;1;;;;6;;11;2;5;;1;10;8;2
1;1;226483;1;3;1;;;;6;2;6;;;;1;4;8;2
1;1;31764;1;9;1;;;;6;1;11;;6;;2;6;8;2
1;1;19314;1;9;2;;;;6;;7;6;5;2;1;10;8;2
1;1;54961;1;1;2;;;;6;1;11;;3;99;2;11;9;2
1;1;17000;1;1;2;;;;6;;5;;4;5;2;10;8;2
1;1;113378;1;1;1;;;;6;;11;1;6;;1;10;8;7
1;1;173746;1;1;1;;;;6;;5;6;6;;2;10;8;2
1;1;32607;1;1;2;;;;6;;5;;5;4;1;10;8;2
1;1;84505;1;3;2;;;;6;1;11;;6;;2;5;8;2
1;1;140839;1;3;2;;;;6;3;6;;6;;1;4;8;2
1;1;237854;1;4;1;;;;6;2;6;;6;;1;4;8;2
1;1;78474;1;3;1;;;;6;1;6;;;;1;3;8;2
1;1;91184;1;3;2;;;;6;1;8;;6;;2;4;8;2
1;1;151550;1;7;2;;;;6;;5;6;5;1;1;11;8;2
1;1;79190;1;1;1;;;;6;;5;6;5;;2;10;8;2
1;1;213827;1;3;2;;;;6;2;6;;;;2;3;8;2
1;1;103099;1;1;2;;;;6;;5;6;4;4;2;16;8;2
1;1;15470;1;1;2;;;;6;;8;1;3;4;2;11;8;2
1;1;128528;1;3;1;;;;6;;1;;6;;2;7;7;2
1;1;236591;2;1;2;;;;6;;5;7;2;3;2;11;8;2
1;1;236950;1;3;1;;;;6;1;11;;6;;2;6;8;2
1;1;197173;1;4;2;;;;1;;11;2;6;1;2;6;8;2
1;1;177622;1;6;2;;;;6;2;6;;;;2;4;8;2
1;1;219928;1;3;1;;;;6;1;6;;6;;2;4;8;2
1;1;107745;1;1;1;;;;6;;8;1;1;;2;8;8;2
1;1;63901;1;2;2;;;;6;;5;;5;99;1;18;9;2
1;1;121817;1;3;2;;;;6;1;8;;6;;2;5;8;2
1;1;170060;1;1;2;;;;6;;11;2;6;1;1;9;8;2
1;1;228955;1;6;1;;;;6;2;6;;6;;1;4;8;2
1;1;182436;1;3;2;;;;6;;11;;6;;2;6;8;2
1;1;40413;1;3;1;;;;6;2;2;;;;1;2;8;2
1;1;190217;1;3;1;;;;6;2;6;;;;2;3;8;2
1;1;133478;1;3;2;;;;6;1;6;;;;1;4;8;2
1;1;204759;1;1;1;;;;6;;11;;5;;1;13;8;2
1;1;145124;1;2;2;;;;6;;7;;5;3;2;11;8;2
1;1;65747;1;3;2;;;;1;1;6;;;;1;4;8;2
1;1;123991;1;3;1;;;;6;;6;6;6;;2;10;8;2
1;1;213809;1;1;1;;;;6;;11;1;5;;1;8;8;2
1;1;234674;1;1;1;;;;6;;11;1;5;;1;8;8;2
1;1;41731;1;2;2;;;;6;;1;6;5;99;2;14;8;2
1;1;208362;1;1;1;;;;6;;7;1;2;;1;12;8;2
1;1;24980;1;3;1;;;;7;;11;1;6;;1;9;8;2
1;1;237229;1;3;2;;;;6;;8;;6;99;1;5;9;2
1;1;199028;1;1;1;;;;6;;7;1;5;;2;13;5;2
1;1;20933;1;3;2;;;;6;1;6;;6;99;1;4;8;2
1;1;188722;1;3;1;;;;6;2;6;;;;1;3;8;2
1;1;74264;1;1;1;;;;6;2;11;;6;;1;7;8;2
1;1;67011;1;3;1;;;;6;1;8;;6;;2;5;8;2
1;1;45601;1;3;1;;;;6;2;3;;;;1;2;8;2
1;1;23148;1;1;1;;;;6;;5;6;5;;2;11;8;2
1;1;86155;1;1;2;;;;6;;7;1;5;;1;11;8;2
1;1;169939;1;1;1;;;;7;;11;5;1;;1;13;8;2
1;1;64906;1;1;2;;;;6;;7;6;3;2;1;9;8;2
1;1;167908;1;1;2;;;;6;;11;2;6;2;2;13;8;2
1;1;1445;1;3;1;;;;6;1;3;;;;2;3;8;2
1;1;122602;1;1;2;;;;7;;8;;4;4;1;15;8;2
1;1;73323;1;3;1;;;;6;;12;1;5;;1;8;8;2
1;1;62340;1;1;2;;;;6;;11;1;6;;2;8;8;2
1;1;219924;1;3;1;;;;6;1;6;;;;1;4;8;2
1;1;177072;1;4;2;;;;6;1;8;;6;;1;5;8;2
1;1;139899;1;1;2;;;;6;;5;;5;7;2;12;5;2
1;1;79902;1;3;1;;;;6;1;6;;;;1;4;8;2
1;1;217135;1;2;2;;;;6;;12;1;5;1;1;8;8;2
1;1;140319;1;1;1;;;;6;;5;;5;;1;15;8;2
1;1;232217;1;2;2;;;;6;;8;6;5;3;1;13;8;2
1;1;50198;1;1;1;;;;6;;5;6;5;;2;16;8;2
1;1;180492;1;2;1;;;;6;;5;1;6;;2;10;8;2
1;1;192971;1;9;2;;;;6;;1;;;;2;1;8;
1;1;87684;1;1;2;;;;6;;5;;3;;2;13;8;2
1;1;16812;1;2;2;;;;6;;8;6;5;3;1;12;8;2
1;1;141618;1;3;2;;;;1;;12;1;5;;1;7;8;2
1;1;206584;1;1;1;;;;6;;11;5;5;;1;9;8;2
1;1;196314;1;1;1;;;;6;;10;2;5;;1;10;8;2
1;1;142340;1;1;1;;;;6;;7;;5;;1;15;8;2
1;1;193140;1;3;1;;;;6;1;8;;6;;1;5;8;2
1;1;192631;1;9;1;;;;6;;5;3;6;;1;11;8;2
1;1;209658;1;1;1;;;;1;;8;2;5;;1;12;8;2
1;1;225578;1;9;2;;;;6;;5;;4;8;1;21;8;2
1;1;171960;1;1;1;;;;7;;8;9;1;;1;9;9;2
1;1;223827;1;3;2;;;;6;1;11;;6;;1;5;8;2
1;1;1374;1;3;2;;;;6;;5;;6;3;2;8;8;2
1;1;67482;1;6;1;;;;6;;1;;;;2;2;8;2
1;1;211822;1;9;2;;;;6;;8;6;6;;1;14;8;2
1;1;19361;1;2;1;;;;6;;8;;5;;2;10;8;2
1;1;60878;1;2;2;;;;6;;5;;5;3;2;7;8;2
1;1;56029;1;2;2;;;;6;;8;6;5;;2;10;8;2
1;1;67938;1;3;2;;;;6;1;6;;;;2;3;6;2
1;1;84754;1;3;1;;;;6;;6;;;;1;4;8;2
1;1;174172;1;1;1;;;;6;1;11;9;5;;2;8;9;2
1;1;163370;1;7;2;;;;6;;4;;4;7;2;18;1;2
1;1;170047;1;2;2;;;;6;;12;5;5;2;1;8;8;2
1;1;133553;1;3;1;;;;6;1;6;;6;;1;4;8;2
1;1;136763;1;1;2;;;;6;;7;1;3;3;2;8;8;2
1;1;42745;1;1;1;;;;6;;11;2;5;;2;8;8;2
1;1;102484;2;2;2;;;;6;;8;;5;3;2;8;8;2
1;1;238766;1;2;2;;;;6;;8;;5;2;2;6;8;2
1;1;32588;1;1;1;;;;6;;8;4;5;;2;7;8;2
1;1;50650;1;1;1;;;;6;;5;9;1;;1;12;8;2
1;1;112484;1;7;2;;;;6;;11;1;4;3;1;13;8;2
1;1;89491;1;3;1;;;;6;3;11;9;6;;1;6;9;2
1;1;3110;1;1;2;;;;6;;8;1;5;3;1;12;8;2
1;1;132063;1;1;2;;;;6;;11;1;2;99;1;13;8;2
1;1;171921;1;1;1;;;;6;;8;6;5;;1;10;8;2
1;1;68127;1;3;1;;;;6;1;8;1;6;;2;5;8;2
1;1;180717;1;3;1;;;;6;1;6;;6;;1;4;8;2
1;1;204023;1;1;1;;;;6;;8;1;6;;1;12;8;2
1;1;93593;1;2;2;;;;6;;5;;5;2;2;14;8;2
1;1;146045;1;1;1;;;;6;;11;;4;;1;15;8;2
1;1;184074;1;3;2;;;;6;;8;;6;99;1;6;9;2
1;1;10460;2;1;2;;;;6;;11;;5;2;1;9;8;2
1;1;69197;1;2;2;;;;6;;8;1;1;2;1;6;8;2
1;1;39434;1;6;1;;;;6;1;6;;;;2;3;8;2
1;1;142600;1;3;1;;;;6;;8;1;6;;1;6;8;2
1;1;179595;1;2;2;;;;6;;5;9;5;99;1;9;9;2
1;1;216178;1;3;2;;;;6;;8;;6;;1;5;8;2
1;1;130583;1;3;1;;;;6;1;6;;6;;1;4;8;2
1;1;159437;1;3;1;;;;6;2;11;1;6;;1;8;8;2
1;1;230116;1;2;2;;;;6;;11;;5;3;1;9;8;2
1;1;134102;1;1;2;;;;6;;8;1;6;2;1;6;5;2
1;1;191615;1;2;1;;;;6;;5;;1;;2;10;8;2
1;1;59019;1;3;2;;;;6;2;8;;6;;1;5;5;2
1;1;32133;1;1;1;;;;6;;5;4;5;;2;10;8;2
1;1;191780;1;3;2;;;;6;2;11;;6;;1;7;5;2
1;1;211660;1;3;1;;;;1;;1;;;;2;2;8;2
1;1;131386;1;1;2;;;;6;;5;9;5;99;2;13;9;2
1;1;204945;1;2;2;;;;6;;8;6;5;2;2;9;8;2
1;1;18044;1;3;1;;;;6;;8;;6;;1;8;8;2
1;1;195071;1;1;2;;;;6;;5;3;4;4;2;11;8;2
1;1;93725;1;2;2;;;;6;;11;1;1;;1;8;8;2
1;1;195593;1;3;1;;;;6;1;6;;;;1;3;8;2
1;1;79888;1;3;2;;;;6;1;6;;;;2;3;8;2
1;1;165798;1;1;1;;;;6;;5;1;5;;1;12;8;2
1;1;85060;1;3;1;;;;6;;1;;;;2;1;8;
1;1;106440;1;3;2;;;;6;;7;;6;2;1;9;8;2
1;1;188737;1;1;2;;;;6;;8;6;5;0;2;12;8;2
1;1;78306;1;1;2;;;;6;1;11;1;2;99;1;8;8;2
1;1;151554;1;1;1;;;;6;;8;1;5;;2;9;8;2
1;1;52567;1;3;1;;;;6;;8;1;6;;2;7;8;2
1;1;11836;1;3;2;;;;7;2;11;2;6;;1;6;8;7
1;1;226151;0;12;1;;;;3;;6;;1;;2;6;8;2
1;1;197178;1;3;1;;;;6;;8;1;6;;2;5;8;2
1;1;12717;1;2;2;;;;6;;5;;5;3;2;9;8;2
1;1;206298;1;2;2;;;;6;;5;;5;6;2;20;7;2
1;1;189084;1;1;1;;;;6;1;6;1;5;;2;10;8;2
1;1;149919;1;9;1;;;;6;;8;6;6;;1;7;8;2
1;1;56000;1;3;1;;;;6;1;11;;6;;1;5;8;2
1;1;120951;1;3;1;;;;6;;5;6;5;;1;10;8;2
1;1;155869;1;3;2;;;;6;;11;1;3;2;1;7;8;7
1;1;226504;1;1;1;;;;7;;12;6;6;;1;16;8;7
1;1;152917;1;1;2;;;;6;;5;;6;2;2;11;8;2
1;1;103561;1;2;2;;;;6;;11;;5;3;1;17;8;7
1;1;31636;1;3;1;;;;6;2;8;;6;;1;5;8;2
1;1;81081;1;2;2;;;;6;;8;;5;3;1;10;8;7
1;1;215473;1;1;1;;;;6;;7;3;5;;2;7;8;2
1;1;192867;1;1;1;;;;6;;11;1;5;;1;16;8;2
1;1;226151;0;12;1;;;;2;;6;;6;;2;5;8;2
1;1;63047;1;1;1;;;;6;;5;3;5;;2;7;8;2
1;1;56902;1;3;2;;;;6;;5;;3;99;1;9;9;2
1;1;192764;1;2;2;;;;6;;8;;1;1;2;6;8;2
1;1;141728;1;3;2;;;;6;2;8;;6;;2;5;8;2
1;1;175346;1;1;1;;;;6;;5;9;5;;1;13;9;2
1;1;152310;1;3;1;;;;6;1;6;;;;1;4;8;2
1;1;216702;1;2;2;;;;6;;12;2;5;2;1;11;8;2
1;1;230001;1;2;1;;;;6;;5;6;5;;2;10;8;2
1;1;65383;1;1;2;;;;6;;5;6;3;4;1;16;8;2
1;1;76472;1;3;2;;;;6;1;6;;;;2;3;8;2
1;1;214583;1;1;1;;;;6;;5;6;1;;1;11;8;2
1;1;134313;1;2;2;;;;6;;12;2;5;4;2;11;8;2
1;1;948;1;2;1;;;;6;;5;1;5;;1;12;8;2
1;1;149818;1;1;1;;;;6;;5;6;4;;1;12;8;2
1;1;167080;1;9;2;;;;6;;12;2;6;;1;8;8;2
1;1;157141;1;8;2;;;;6;;1;;6;8;2;15;8;2
1;1;236088;1;3;2;;;;6;1;11;;6;;1;5;8;2
1;1;101267;1;1;2;;;;6;;5;;4;2;2;18;1;2
1;1;193683;1;1;2;;;;6;;11;6;4;1;1;9;8;2
1;1;46781;1;6;2;;;;6;2;8;;6;;1;5;8;2
1;1;45260;1;5;2;;;;6;;5;1;1;1;1;7;8;2
1;1;211035;1;9;1;;;;6;;8;5;5;;2;15;8;2
1;1;188791;1;3;1;;;;6;;5;6;6;;2;8;8;2
1;1;2026;1;7;2;;;;6;;5;;5;3;1;19;7;2
1;1;202509;1;3;2;;;;6;1;11;;6;;2;6;8;2
1;1;22896;1;1;2;;;;5;;7;6;6;2;1;10;8;2
1;1;90009;1;3;2;;;;6;1;6;;;;1;4;8;2
1;1;75694;1;3;2;;;;6;1;6;;6;;2;4;8;2
1;1;225649;1;2;2;;;;6;;8;6;1;2;1;7;8;2
1;1;233901;1;1;1;;;;6;;5;;5;;1;13;8;2
1;1;119819;1;3;2;;;;6;2;6;;6;99;1;4;9;2
1;1;103059;1;3;1;;;;7;1;6;;6;;1;4;8;7
1;1;204462;1;1;1;;;;6;;8;1;6;;1;9;8;2
1;1;201609;1;3;2;;;;6;;11;;6;;2;5;8;2
1;1;147479;1;1;1;;;;6;;11;1;5;;2;12;5;2
1;1;155397;1;1;1;;;;6;;8;1;1;;2;6;8;2
1;1;127159;1;3;1;;;;6;1;6;;6;;2;4;8;2
1;1;134253;1;1;2;;;;6;;11;6;4;3;1;11;8;2
1;1;46768;1;2;2;;;;6;;8;4;5;2;2;9;8;2
1;1;148038;1;3;1;;;;6;;8;6;6;;1;7;8;2
1;1;20619;1;1;1;;;;6;;8;9;6;;1;7;9;2
1;1;92442;1;3;1;;;;6;;6;3;6;;2;6;8;2
1;1;154411;1;3;1;;;;6;;8;;6;;2;6;8;2
1;1;88113;1;1;1;;;;6;;11;1;1;;1;10;8;2
1;1;94012;1;1;1;;;;6;;11;1;5;;1;11;8;2
1;1;193534;1;2;2;;;;6;2;11;;5;1;1;8;8;2
1;1;93573;1;2;2;;;;6;;8;1;6;99;1;7;8;2
1;1;130448;1;3;1;;;;6;;8;3;6;;2;6;8;2
1;1;242269;1;1;1;;;;6;;11;6;5;;1;15;8;2
1;1;84802;1;1;1;;;;6;;8;1;5;;1;8;8;2
1;1;11599;1;6;2;;;;6;1;6;;;;1;3;8;2
1;1;45369;1;1;2;;;;6;;11;2;5;1;1;7;8;2
1;1;236263;1;3;1;;;;6;;6;;3;;1;10;8;2
1;1;153812;1;4;2;;;;6;1;8;;6;;1;5;8;2
1;1;196877;1;1;2;;;;6;;5;;4;4;1;19;8;2
1;1;12715;1;3;1;;;;7;;8;1;6;;1;6;8;2
1;1;72133;1;3;2;;;;6;;7;1;6;;1;8;8;2
1;1;106150;1;7;1;;;;6;;5;;4;;1;18;8;2
1;1;51437;1;3;2;;;;6;1;8;;6;;1;5;8;2
1;1;55437;1;3;1;;;;6;;7;6;1;;2;7;8;2
1;1;121790;1;1;2;;;;6;;10;1;5;3;2;12;8;2
1;1;178630;1;2;2;;;;6;;8;5;5;2;2;9;8;2
1;1;133970;1;1;1;;;;6;;7;1;5;;2;9;8;2
1;1;230552;1;1;1;;;;6;;5;7;5;;1;13;8;2
1;1;85965;1;3;1;;;;6;;11;1;6;;1;8;8;2
1;1;209702;1;7;2;;;;6;;1;6;3;2;1;16;7;2
1;1;135428;1;1;1;;;;6;;5;6;1;;1;15;8;2
1;1;118509;1;1;1;;;;6;;5;6;5;;1;17;8;2
1;1;130638;1;1;1;;;;6;;11;2;6;;1;11;8;7
1;1;150548;1;3;1;;;;6;1;6;;;;2;2;8;2
1;1;89187;1;3;1;;;;6;1;6;;;;1;4;8;2
1;1;156598;2;2;2;;;;6;;11;5;5;3;2;8;8;2
1;1;37398;1;2;2;;;;6;;8;;5;3;1;12;8;2
1;1;32165;1;3;2;;;;6;2;6;;6;;1;4;8;2
1;1;42978;1;1;2;;;;6;;8;;5;2;1;10;8;2
1;1;70096;1;3;1;;;;6;;11;1;6;;1;9;8;2
1;1;78102;1;3;1;;;;6;1;6;;;;2;3;8;2
1;1;6257;1;2;2;;;;6;;5;;5;3;1;8;8;2
1;1;240365;1;3;2;;;;6;2;6;;;;2;3;8;2
1;1;39676;1;1;2;;;;6;;8;2;1;2;2;9;8;2
1;1;212476;1;3;2;;;;6;;8;1;6;;1;6;8;2
1;1;74261;1;3;2;;;;7;2;8;;6;;1;5;8;2
1;1;39489;1;6;1;;;;6;1;6;;6;;2;4;8;2
1;1;45080;1;3;1;;;;6;1;6;;;;2;3;8;2
1;1;84809;1;3;2;;;;6;;7;;2;3;2;7;8;2
1;1;204927;1;1;1;;;;6;;8;6;1;;1;6;8;2
1;1;39242;1;3;2;;;;6;1;6;;;;2;4;8;2
1;1;237362;1;2;2;;;;7;;8;1;1;;1;6;8;2
1;1;214717;1;3;1;;;;6;1;8;;6;;2;5;8;2
1;1;93466;1;3;2;;;;6;;11;6;6;;1;11;8;7
1;1;219786;1;3;1;;;;6;1;6;;;;2;3;8;2
1;1;69071;1;3;1;;;;6;1;8;;6;;2;5;8;2
1;1;212236;1;2;2;;;;6;;12;2;5;2;2;11;8;2
1;1;12184;1;2;2;;;;6;;8;;5;2;1;7;8;2
1;1;57273;1;3;2;;;;6;1;6;;;;2;2;8;2
1;1;139598;1;3;2;;;;6;;11;6;5;99;2;10;8;2
1;1;222708;1;1;2;;;;6;;5;3;3;3;2;10;8;2
1;1;18892;1;1;1;;;;6;;11;2;5;;1;13;5;2
1;1;98924;1;1;1;;;;6;;5;9;5;;1;14;9;2
1;1;36468;1;1;1;;;;6;;11;6;5;;2;14;8;2
1;1;126738;1;1;2;;;;6;;11;6;6;;1;6;8;2
1;1;92302;1;3;2;;;;6;1;6;;6;;2;4;8;2
1;1;120693;1;3;2;;;;6;2;8;;6;99;1;4;8;2
1;1;42509;1;3;1;;;;7;2;8;;6;;1;5;8;2
1;1;93258;1;6;2;;;;6;;1;;;;2;2;8;2
1;1;142890;1;1;1;;;;6;;8;6;6;;2;8;8;2
1;1;116003;1;7;2;;;;6;;5;;5;2;1;16;8;2
1;1;112604;1;1;1;;;;6;2;11;2;6;;1;7;8;7
1;1;51510;1;3;1;;;;6;1;8;;6;;1;5;8;2
1;1;159614;1;3;1;;;;6;1;6;;;;1;3;8;2
1;1;106352;1;1;1;;;;6;;7;6;5;;2;13;8;2
1;1;85764;1;1;2;;;;6;;5;;2;3;2;12;8;2
1;1;9209;1;3;2;;;;6;;1;;;;2;1;8;
1;1;48933;1;10;2;;;;6;2;11;;6;;1;5;8;2
1;1;12778;1;1;2;;;;6;;6;;5;7;1;12;8;2
1;1;231367;1;1;1;;;;6;;11;5;5;;1;9;8;2
1;1;110325;1;1;1;;;;6;;5;6;5;;2;13;8;2
1;1;47069;1;9;1;;;;6;1;3;;;;1;2;8;2
1;1;152517;1;3;1;;;;6;;8;;6;;1;12;6;2
1;1;193847;1;1;1;;;;6;;11;6;1;;1;10;8;2
1;1;107151;1;2;2;;;;6;;7;;5;2;2;10;8;2
1;1;62506;1;3;2;;;;6;1;6;;;;2;3;8;2
1;1;204317;1;3;2;;;;6;1;8;;6;;1;5;8;2
1;1;79362;1;1;1;;;;6;;8;2;5;;1;9;8;2
1;1;184831;1;7;2;;;;6;;5;6;3;99;1;15;8;2
1;1;42770;1;3;2;;;;6;2;6;;6;;1;4;8;2
1;1;184069;1;3;1;;;;6;;1;;;;1;1;8;
1;1;211424;1;3;2;;;;6;2;11;;6;;1;5;8;2
1;1;220372;1;3;2;;;;6;2;6;;;;2;3;8;2
1;1;110296;1;1;1;;;;6;;12;1;5;;1;9;8;2
1;1;220923;1;1;2;;;;6;;8;1;6;;2;7;8;2
1;1;127131;1;3;2;;;;6;2;8;;6;;1;4;8;2
1;1;115892;2;9;2;;;;6;;1;;6;1;2;16;8;2
1;1;61637;1;7;1;;;;6;;8;1;5;;1;11;8;2
1;1;33151;1;9;1;;;;6;;7;1;6;;1;9;8;2
1;1;54049;1;4;1;;;;6;;12;1;1;;1;8;8;2
1;1;79332;1;3;1;;;;6;2;6;;;;1;3;8;2
1;1;154043;1;1;1;;;;6;;11;2;1;;1;8;8;2
1;1;235559;1;3;2;;;;6;1;6;;;;1;3;8;2
1;1;194413;1;1;1;;;;6;;1;1;5;;2;13;8;2
1;1;158555;1;3;2;;;;6;1;8;;6;;2;5;8;2
1;1;185570;1;3;2;;;;6;;11;;6;;2;6;8;2
1;1;70433;1;3;1;;;;6;;10;1;6;;2;7;8;2
1;1;119726;1;9;2;;;;6;1;11;;6;;2;5;8;2
1;1;169547;1;1;1;;;;6;;11;6;5;;1;10;8;2
1;1;145772;1;3;2;;;;6;1;6;;6;;1;4;8;2
1;1;18374;1;6;1;;;;6;1;2;;;;2;2;8;2
1;1;217381;1;1;2;;;;6;;5;;6;99;2;18;9;2
1;1;175048;1;1;2;;;;6;;8;;6;2;2;7;8;2
1;1;172411;1;3;1;;;;6;4;3;;;;1;2;8;2
1;1;217954;1;3;2;;;;6;;5;;6;;2;10;8;2
1;1;108347;1;3;1;;;;6;1;6;;;;2;4;8;2
1;1;120850;1;1;1;;;;6;1;11;;6;;1;7;8;2
1;1;2899;1;3;1;;;;6;;12;2;5;;1;9;8;7
1;1;5957;1;1;2;;;;6;;5;9;1;99;2;9;9;2
1;1;92798;1;1;1;;;;6;;5;1;5;;2;14;8;2
1;1;101105;1;3;2;;;;6;1;6;;6;;2;4;8;2
1;1;26035;1;3;2;;;;6;1;8;;6;;2;5;8;2
1;1;9627;1;2;1;;;;6;;5;1;5;;2;11;8;2
1;1;10747;1;1;2;;;;6;1;11;;6;;1;5;8;2
1;1;18691;1;3;2;;;;6;;5;1;6;1;2;9;8;2
1;1;173270;1;3;2;;;;6;;6;;;;1;3;8;2
1;1;184662;1;1;1;;;;6;;11;;5;;1;15;8;2
1;1;44573;1;1;1;;;;6;;12;1;2;;2;13;8;2
1;1;233895;1;2;2;;;;6;;5;9;1;99;1;10;9;2
1;1;207922;1;2;2;;;;6;;8;1;1;1;1;6;8;2
1;1;193583;1;1;1;;;;6;;5;3;1;;1;11;8;2
1;1;56127;1;1;1;;;;6;;8;1;5;;2;12;8;2
1;1;128404;2;4;2;;;;6;1;6;;6;;1;4;5;2
1;1;47830;1;6;2;;;;6;;6;;;;2;3;8;2
1;1;217123;1;1;2;;;;6;;5;4;3;3;2;11;8;2
1;1;139329;1;3;1;;;;6;1;11;1;6;;2;6;8;7
1;1;223696;1;2;2;;;;6;;5;3;5;2;2;12;5;2
1;1;77061;1;1;1;;;;6;;5;;4;;2;20;4;2
1;1;88202;1;1;1;;;;6;;5;;1;;1;16;7;2
1;1;116343;1;9;1;;;;6;1;8;;6;;2;5;8;2
1;1;197566;1;6;2;;;;6;1;6;;;;1;3;8;2
1;1;187696;1;1;2;;;;6;;7;6;5;3;1;14;8;2
1;1;57598;1;3;1;;;;6;3;8;;6;;1;4;8;2
1;1;55374;1;3;2;;;;6;2;6;;;;1;4;8;2
1;1;154867;1;2;1;;;;6;;5;1;5;;2;11;8;2
1;1;4573;1;3;2;;;;6;1;11;;6;;1;8;8;2
1;1;99637;1;6;1;;;;1;1;6;;;;2;3;8;2
1;1;194980;1;3;2;;;;6;1;6;;;;1;4;8;2
1;1;78217;1;2;2;;;;6;;8;1;5;3;1;12;8;2
1;1;123971;1;3;1;;;;6;;8;;6;;1;5;8;2
1;1;226151;0;12;1;;;;4;;7;;5;;2;9;8;2
1;1;223896;1;1;1;;;;6;;8;6;5;;1;8;8;2
1;1;123270;1;1;1;;;;6;;5;;5;;1;18;7;2
1;1;68383;1;3;2;;;;6;;11;1;6;1;2;8;8;2
1;1;185195;1;2;2;;;;6;;11;;5;3;1;8;8;2
1;1;143679;1;1;1;;;;6;1;11;;5;;1;12;9;2
1;1;233511;0;12;1;;;;6;;5;9;6;;1;18;9;2
1;1;8699;1;3;1;;;;6;2;6;;6;;1;4;8;2
1;1;36528;1;2;2;;;;6;;5;6;5;3;2;13;8;2
1;1;151087;1;3;2;;;;4;1;8;;6;;1;5;8;2
1;1;50079;1;3;2;;;;6;;11;1;6;1;2;6;8;2
1;1;89199;1;2;1;;;;6;;10;6;5;;1;9;8;2
1;1;100911;1;3;1;;;;6;1;6;;6;;1;4;8;7
1;1;215201;1;1;2;;;;6;;7;2;5;3;2;13;8;2
1;1;238107;1;2;2;;;;6;;8;;5;2;1;10;8;2
1;1;2003;1;1;1;;;;6;;1;;5;;1;18;1;2
1;1;108986;1;2;2;;;;6;;6;;5;7;1;13;8;2
1;1;86976;1;3;1;;;;6;1;11;;6;;1;6;8;2
1;1;233475;2;6;1;;;;6;2;11;6;6;;1;7;8;2
1;1;228533;1;9;2;;;;6;;8;;1;;1;8;8;2
1;1;85444;1;2;2;;;;6;;5;;5;3;2;13;8;2
1;1;54069;1;5;2;;;;6;;11;1;5;2;1;8;8;2
1;1;80981;1;3;1;;;;6;3;11;9;6;;2;5;9;2
1;1;37232;1;1;1;;;;6;;11;1;1;;1;7;8;2
1;1;121072;1;1;1;;;;6;;11;1;5;;2;9;8;2
1;1;102899;1;3;1;;;;6;1;3;;;;2;2;8;2
1;1;68708;1;3;1;;;;6;;8;6;6;;2;8;8;2
1;1;97670;1;1;1;;;;6;;8;1;5;;1;10;8;2
1;1;189104;1;5;2;;;;6;;7;6;1;1;2;7;8;2
1;1;112802;1;3;1;;;;6;;11;5;6;;2;8;8;2
1;1;196145;1;1;1;;;;6;;7;;3;;1;8;8;2
1;1;142956;1;1;2;;;;6;;5;;4;2;1;14;8;2
1;1;137391;1;3;2;;;;6;1;9;;6;;1;6;8;2
1;1;200489;1;2;2;;;;6;;8;;5;2;1;12;8;2
1;1;24859;2;1;1;;;;6;;6;3;1;;2;6;8;2
1;1;139280;2;3;1;;;;6;1;6;;;;1;3;8;2
1;1;37973;1;3;1;;;;6;1;6;;6;;1;4;8;2
1;1;224562;1;2;2;;;;7;;5;9;1;99;1;16;9;2
1;1;130763;1;2;2;;;;6;;11;1;5;1;2;8;8;2
1;1;8524;1;1;2;;;;6;;5;6;1;3;1;12;8;2
1;1;166590;1;3;2;;;;6;3;6;;;;1;3;8;2
1;1;137179;1;1;1;;;;6;;5;;6;;2;13;8;2
1;1;187659;1;9;1;;;;6;;6;3;6;;2;6;8;2
1;1;10940;1;3;1;;;;6;2;2;;;;1;2;8;2
1;1;177698;1;1;1;;;;6;;5;;5;;1;16;8;2
1;1;18722;1;1;1;;;;6;;5;;3;;2;18;1;2
1;1;75477;2;3;2;;;;6;;1;;;;2;2;8;2
1;1;79006;1;1;2;;;;6;;11;1;3;2;1;10;8;2
1;1;220955;1;3;1;;5;;6;1;2;;;;2;2;8;5
1;1;25056;1;3;2;;;;6;1;6;;;;2;4;8;2
1;1;77716;1;3;1;;;;6;2;3;;;;1;2;8;2
1;1;25275;1;1;1;;;;6;;11;1;3;;1;8;8;2
1;1;91525;1;1;2;;;;6;;1;;4;4;2;15;7;2
1;1;115950;1;3;2;;;;6;;1;;;;1;1;8;
1;1;168955;1;1;1;;;;6;;11;1;5;;1;11;8;2
1;1;181794;1;3;1;;;;6;;11;1;6;;2;7;8;2
1;1;188516;1;1;1;;;;6;;5;1;5;;2;11;8;2
1;1;17370;1;1;2;;;;6;2;11;1;6;2;1;7;8;2
1;1;4611;1;3;1;;;;6;;8;1;6;;2;7;8;2
1;1;186501;1;1;1;;;;6;;11;6;5;;2;12;8;2
1;1;44825;1;3;1;;;;6;2;11;1;6;;1;7;8;2
1;1;54771;1;3;1;;;;6;1;6;;;;2;3;8;2
1;1;99925;1;1;2;;;;2;;7;6;5;8;1;11;8;2
1;1;93247;1;1;2;;;;6;;7;3;2;2;2;7;8;2
1;1;149771;1;2;1;;;;6;;5;4;5;;1;12;8;2
1;1;216306;1;1;1;;;;6;;11;6;6;;1;7;8;7
1;1;159667;1;3;2;;;;6;1;6;;6;;1;4;4;2
1;1;156568;1;3;1;;;;6;1;11;;6;;1;6;8;2
1;1;68769;1;3;1;;;;6;1;6;;6;;2;4;8;2
1;1;3673;1;1;2;;;;6;;7;;4;3;1;11;8;2
1;1;157955;1;3;1;;;;6;;1;;;;2;2;8;2
1;1;52887;1;3;1;;;;6;1;8;;6;;2;5;8;2
1;1;210900;1;1;1;;;;6;;11;6;1;;1;14;8;2
1;1;140871;1;3;2;;;;6;;8;;6;99;1;6;8;2
1;1;8453;1;3;2;;;;6;;11;;5;3;1;7;8;2
1;1;33228;1;6;2;;;;6;1;11;;6;;1;6;8;7
1;1;686;1;3;1;;;;6;2;8;;6;;2;5;8;2
1;1;210003;1;1;1;;;;6;;8;1;5;;1;7;8;2
1;1;176204;1;3;1;;;;6;2;6;;;;1;3;8;2
1;1;127214;1;6;1;;;;6;3;6;;;;2;4;8;2
1;1;209213;1;3;1;;;;6;2;10;;6;;1;6;8;2
1;1;116456;1;2;2;;;;6;;11;1;5;3;1;10;8;2
1;1;116230;1;3;1;;;;6;2;6;;;;2;3;8;2
1;1;70127;1;3;2;;;;6;1;8;;6;;1;5;8;2
1;1;70719;1;1;2;;;;6;;5;6;3;4;2;12;8;2
1;1;93933;1;3;2;;;;6;;1;;;;2;2;8;2
1;1;8681;1;2;2;;;;6;;8;1;1;1;1;7;8;2
1;1;197168;1;3;2;;;;6;1;3;;;;2;2;8;2
1;1;9851;1;3;2;;;;6;1;11;;6;99;2;7;9;2
1;1;70986;1;1;1;;;;6;;11;;5;;1;15;1;2
1;1;39263;1;1;2;;;;6;;8;1;6;3;1;13;8;2
1;1;151925;1;3;2;;;;6;1;2;;;;1;2;8;2
1;1;50053;1;6;1;;;;6;;1;;;;1;3;7;2
1;1;192791;1;3;2;;;;6;;8;;6;;1;11;8;2
1;1;129255;1;3;1;;;;6;1;6;;;;2;3;8;2
1;1;229907;1;3;1;;;;6;3;6;;;;1;3;8;2
1;1;62569;1;3;1;;;;6;1;11;;6;;2;6;5;2
1;1;56349;1;1;1;;;;6;;11;1;1;;2;14;8;2
1;1;134648;1;3;2;;;;6;;8;4;6;1;1;9;8;2
1;1;195909;1;1;1;;;;6;;7;;5;;1;15;8;2
1;1;84088;1;1;1;;;;6;1;12;1;5;;2;8;8;2
1;1;83199;1;1;1;;;;6;;8;;5;;1;17;8;2
1;1;235038;1;2;2;;;;6;;5;;5;4;2;10;8;2
1;1;151552;1;6;2;;;;6;1;6;;;;1;3;8;2
1;1;236106;1;3;1;;;;6;;8;;6;;1;5;8;2
1;1;210239;1;9;1;;;;6;1;6;;;;1;3;8;2
1;1;106694;1;2;1;;;;6;;8;;5;;1;13;7;2
1;1;73912;1;1;2;;;;6;;5;;4;9;2;13;7;2
1;1;136839;1;1;2;;;;6;;5;3;4;7;2;15;8;2
1;1;96886;1;9;1;;;;6;2;11;;6;;1;5;8;2
1;1;114007;1;6;2;;;;6;1;6;;;;2;3;8;2
1;1;18400;1;9;2;;;;6;;10;;6;1;1;12;8;2
1;1;83781;1;1;1;;;;1;;5;1;5;;2;10;8;2
1;1;109627;1;3;1;;;;6;1;6;;6;;2;4;8;2
1;1;32757;1;1;2;;;;6;;6;;6;3;2;7;8;2
1;1;139280;2;1;2;;;;6;;5;;1;2;1;8;8;2
1;1;221330;1;3;2;;;;6;1;6;;;;2;3;8;2
1;1;62591;1;3;2;;;;6;;8;1;6;1;1;6;8;2
1;1;132615;1;2;2;;;;6;;12;1;5;;1;7;8;7
1;1;25943;1;3;2;;;;4;2;6;;;;1;4;9;2
1;1;31424;1;3;1;;;;6;2;6;;;;1;2;8;2
1;1;128841;1;1;2;;;;6;;5;1;6;;2;12;8;2
1;1;79690;1;2;2;;;;6;;8;6;5;;1;9;8;2
1;1;214968;1;2;2;;;;6;;5;;5;2;1;13;8;2
1;1;42809;1;6;2;;;;6;2;2;;;;1;2;8;2
1;1;95053;1;9;2;;;;6;;8;9;6;99;1;6;9;2
1;1;203459;1;3;2;;;;6;1;6;;;;1;3;8;2
1;1;107582;1;3;2;;;;6;1;6;;6;;1;4;8;2
1;1;8349;1;2;1;;;;6;;11;6;5;;1;13;8;2
1;1;188745;1;2;2;;;;6;;8;;5;99;2;10;8;2
1;1;182548;1;3;2;;;;6;1;6;;;;2;3;8;2
1;1;123579;1;2;2;;;;6;;11;;5;1;1;15;8;2
1;1;197162;1;1;2;;;;6;;5;8;4;4;2;13;8;2
1;1;37043;1;1;1;;;;6;;7;;5;;2;14;4;2
1;1;18707;1;1;2;;;;6;;6;;5;3;2;8;8;2
1;1;200632;1;1;1;;;;6;;11;6;6;;1;9;8;2
1;1;235303;1;3;1;;;;6;;8;1;6;;1;6;8;2
1;1;78904;1;4;1;;;;6;1;6;;6;;1;4;8;2
1;1;219925;1;9;1;;;;6;;1;;;;1;2;8;2
1;1;229501;1;1;2;;;;6;;5;3;4;4;2;11;8;2
1;1;239914;1;3;2;;;;6;;8;9;6;99;2;7;9;2
1;1;33204;1;3;1;;;;6;2;6;;;;1;3;8;2
1;1;135612;1;2;2;;;;6;;8;;5;2;2;9;8;2
1;1;36484;1;9;1;;;;6;1;6;;6;;2;4;8;2
1;1;40946;1;3;2;;;;6;2;6;;;;1;3;8;2
1;1;203789;1;6;2;;;;6;;2;;;;2;2;8;2
1;1;194389;1;3;1;;;;6;1;6;;;;2;3;8;2
1;1;149966;1;3;2;;;;6;1;11;9;6;99;1;6;9;2
1;1;150081;1;9;1;;;;6;;8;;6;;1;17;8;2
1;1;49638;1;3;2;;;;6;;8;;6;;2;6;8;2
1;1;80585;1;3;1;;;;6;;1;;;;2;1;8;
1;1;193312;1;3;2;;;;6;2;6;;;;2;3;8;2
1;1;229351;1;1;2;;;;6;;6;;4;8;2;13;7;2
1;1;26620;1;3;2;;;;6;1;6;;;;2;3;8;2
1;1;236327;1;3;1;;;;6;2;6;;;;2;4;8;2
1;1;53883;1;1;1;;;;6;;1;;4;;2;22;7;2
1;1;30161;1;2;2;;;;6;;5;;5;2;2;19;8;2
1;1;157242;1;2;2;;;;6;;5;6;1;3;1;9;8;2
1;1;202388;1;3;2;;;;6;;8;1;6;;1;6;8;2
1;1;198674;1;1;2;;;;6;;12;1;6;;1;9;8;7
1;1;72270;1;3;2;;;;6;3;6;;;;1;4;8;2
1;1;237976;1;3;1;;;;1;1;6;;;;1;3;8;2
1;1;19653;1;9;1;;;;6;;7;;5;;2;16;8;2
1;1;9380;1;2;1;;;;6;;8;1;5;;2;8;8;2
1;1;114062;1;3;2;;;;6;;11;;6;;2;10;8;2
1;1;78875;1;2;1;;;;6;;8;6;1;;1;9;8;2
1;1;53764;1;2;1;;;;6;;5;9;1;;1;11;9;2
1;1;59583;1;2;2;;;;6;;11;1;5;3;1;12;8;2
1;1;182990;1;3;2;;;;6;;1;;;;1;2;8;2
1;1;227571;1;1;1;;;;6;;12;1;5;;1;12;8;7
1;1;42587;1;3;1;;;;6;2;6;;6;;1;4;8;2
1;1;60339;1;1;2;;;;6;;8;;5;3;1;12;8;2
1;1;162309;1;3;1;;;;6;2;6;;;;1;3;8;2
1;1;62963;1;9;1;;;;6;1;6;;6;;1;4;8;2
1;1;227750;1;1;2;;;;6;;11;1;6;;2;7;8;2
1;1;151257;1;3;2;;;;6;1;6;;;;1;4;9;2
1;1;2681;1;1;2;;;;6;;6;;2;2;2;7;8;2
1;1;203900;1;3;2;;;;6;1;6;;;;1;3;8;2
1;1;54556;1;1;1;;;;6;;8;2;5;;1;9;8;2
1;1;56047;1;1;1;;;;6;;11;;5;;1;19;8;2
1;1;70742;1;3;1;;;;6;;11;6;5;;1;7;8;7
1;1;130475;1;1;1;;;;6;;11;6;3;;1;15;8;2
1;1;233666;1;2;2;;;;6;;5;6;5;99;1;12;8;2
1;1;121189;1;1;1;;;;6;;5;1;5;;2;13;8;2
1;1;79487;1;3;2;;;;6;;11;1;6;;1;7;8;2
1;1;123367;1;9;1;;;;6;1;6;;;;1;3;8;2
1;1;207569;1;2;2;;;;6;;8;6;5;;2;9;8;2
1;1;110083;1;1;2;;;;6;;1;;5;7;2;15;1;2
1;1;175307;1;3;1;;;;6;;11;2;5;;1;7;8;2
1;1;109624;1;1;1;;;;6;;8;;6;;1;13;8;2
1;1;125260;1;3;2;;;;6;;8;1;6;99;1;5;8;2
1;1;172633;1;3;2;;;;6;1;3;;;;1;2;8;2
1;1;217299;1;2;2;;;;6;;11;1;5;2;1;10;8;7
1;1;8151;1;1;2;;;;6;1;11;3;2;99;2;12;9;2
1;1;162110;1;1;2;;;;6;;8;;3;3;1;14;8;2
1;1;151546;1;2;2;;;;6;;5;;5;2;2;9;8;2
1;1;190565;1;2;2;;;;6;;11;1;5;2;1;11;8;7
1;1;150616;1;1;1;;;;6;;5;5;5;;1;16;8;2
1;1;189957;1;3;2;;;;6;1;10;;1;99;1;6;8;2
1;1;23403;1;1;1;;;;6;;12;1;5;;2;12;8;2
1;1;169484;1;3;1;;;;6;;11;;6;;1;6;8;2
1;1;226151;0;12;1;;;;4;;7;;6;;2;10;8;2
1;1;206556;1;6;1;;;;6;1;6;;6;;1;5;8;2
1;1;50227;1;2;2;;;;6;;11;6;5;4;1;9;8;2
1;1;166703;1;2;2;;;;6;;11;1;5;4;1;12;8;2
1;1;122410;1;3;2;;;;6;;8;;5;2;1;10;8;2
1;1;29646;1;6;2;;;;6;2;6;;;;2;3;8;2
1;1;148368;1;2;1;;;;6;;11;;5;;1;17;8;2
1;1;164240;1;1;2;;;;6;;5;4;5;2;1;14;8;2
1;1;64895;1;1;2;;;;6;;6;;3;0;1;20;1;2
1;1;147455;1;1;2;;;;6;;12;2;3;2;1;13;8;2
1;1;160257;1;2;2;;;;6;;11;2;5;3;1;12;8;2
1;1;190938;1;2;1;;;;6;;11;5;5;;1;9;8;2
1;1;68065;1;2;2;;;;6;;5;;5;5;2;11;8;2
1;1;214596;1;3;1;;;;6;;8;1;3;;2;8;8;2
1;1;230133;1;2;2;;;;6;;8;;5;3;2;9;8;2
1;1;163796;1;3;1;;;;6;1;8;;6;;2;5;8;2
1;1;221810;1;6;2;;;;6;1;6;;;;2;3;8;2
1;1;66318;1;3;2;;;;6;1;6;;;;2;3;8;2
1;1;170279;1;3;2;;;;6;;1;;;;2;2;8;2
1;1;93591;1;2;2;;;;6;;5;;5;6;2;15;8;2
1;1;194279;1;1;2;;;;6;;11;1;3;99;1;11;8;2
1;1;197587;1;3;2;;;;6;2;6;;6;;1;4;8;2
1;1;36130;1;2;2;;;;6;;5;1;5;3;1;14;1;2
1;1;194434;1;3;1;;;;6;2;6;;;;1;3;8;2
1;1;2064;1;1;1;;;;6;;11;;5;;1;17;8;2
1;1;75388;1;1;1;;;;6;;8;1;1;;1;9;8;2
1;1;29417;1;3;1;;;;7;2;6;;6;;1;4;8;7
1;1;117026;1;3;2;;;;6;1;8;;6;;2;5;8;2
1;1;192865;1;1;1;;;;6;;11;6;5;;1;11;8;2
1;1;88705;1;9;1;;;;6;1;6;;;;1;3;8;2
1;1;19599;1;6;2;;;;6;1;6;;;;2;3;8;2
1;1;179010;1;9;2;;;;6;;11;1;5;1;1;7;8;7
1;1;204750;1;3;2;;;;6;;1;;;;1;2;9;2
1;1;95118;1;9;1;;;;6;;5;;6;;1;19;8;2
1;1;42623;1;1;1;;;;6;;11;1;5;;1;12;8;2
1;1;108770;1;8;2;;;;6;;11;;3;4;1;16;5;2
1;1;228227;1;1;2;;;;6;;12;2;3;1;1;9;8;2
1;1;44271;1;3;1;;;;7;;12;1;6;;1;8;8;7
1;1;128282;1;3;2;;;;6;2;11;;6;;2;6;8;2
1;1;160206;1;1;2;;;;6;;11;2;6;2;1;14;8;2
1;1;179742;1;6;2;;;;6;1;6;;;;1;3;8;2
1;1;209790;1;2;2;;;;6;;8;;5;1;1;16;8;2
1;1;10289;1;6;2;;;;1;;1;;;;2;2;8;2
1;1;167876;1;3;2;;;;6;;8;6;3;99;2;11;8;2
1;1;214823;1;9;2;;;;6;;6;1;6;3;1;6;8;2
1;1;175767;1;2;2;;;;6;;8;1;5;99;1;7;8;2
1;1;112606;1;1;2;;;;6;;11;;6;;1;10;8;2
1;1;134994;1;3;1;;;;6;1;11;2;6;;2;7;8;7
1;1;163746;1;3;2;;;;6;1;6;;;;2;4;7;2
1;1;121451;1;3;2;;;;6;;11;;5;1;2;9;8;2
1;1;238252;1;1;1;;;;6;;8;6;5;;1;6;8;2
1;1;20756;1;1;1;;;;6;1;11;9;5;;1;9;9;2
1;1;197162;1;3;1;;;;6;;8;8;6;;2;8;8;2
1;1;132845;1;6;1;;;;6;;1;;;;2;1;8;
1;1;200758;1;1;1;;;;6;;8;1;5;;2;13;8;2
1;1;169733;1;3;2;;;;6;2;2;;;;2;2;8;2
1;1;173347;1;3;1;;;;6;1;8;;6;;2;5;8;2
1;1;70789;1;3;1;;;;6;;11;6;6;;2;9;8;2
1;1;6321;1;3;2;;;;6;1;6;;;;1;3;8;2
1;1;141866;1;2;2;;;;6;;12;6;5;2;1;10;8;7
1;1;114019;1;1;2;;;;6;;6;;4;5;1;18;8;2
1;1;70564;1;6;2;;;;6;2;3;;;;1;2;8;2
1;1;147978;1;3;2;;;;6;1;6;;6;;1;4;8;2
1;1;68886;1;3;2;;;;6;1;6;;;;1;4;8;2
1;1;132752;1;2;2;;;;6;2;11;9;5;99;1;10;9;2
1;1;171673;1;3;1;;;;6;;1;;;;1;2;8;2
1;1;50916;1;1;1;;;;6;;11;1;1;;1;9;8;2
1;1;170855;1;1;1;;;;6;;5;1;5;;1;14;8;2
1;1;235986;2;3;1;;;;6;1;6;;;;2;4;8;2
1;1;33180;1;1;2;;;;6;;8;2;3;1;2;11;1;2
1;1;8386;1;1;1;;;;6;;5;1;5;;2;10;8;2
1;1;156088;1;3;1;;;;6;;8;;6;;1;5;9;2
1;1;94845;1;2;2;;;;6;;7;;5;4;1;12;8;2
1;1;92346;1;3;2;;;;6;3;8;;6;;1;5;8;2
1;1;12856;1;3;2;;;;6;2;8;;6;;1;5;8;2
1;1;109725;1;3;2;;;;6;2;6;;;;2;4;8;7
1;1;136674;1;3;1;;;;6;1;8;;6;;2;5;8;2
1;1;66116;1;2;2;;;;6;;5;1;1;2;2;7;8;2
1;1;235682;1;1;2;;;;6;;5;;1;8;2;15;7;2
1;1;114169;1;1;2;;;;6;;7;1;1;5;1;8;8;2
1;1;173448;1;3;2;;;;6;1;8;;6;99;1;5;9;2
1;1;71834;1;1;1;;;;6;;5;6;1;;2;8;8;2
1;1;151127;1;1;2;;;;6;;11;;3;4;1;15;8;2
1;1;25638;1;3;2;;;;6;2;6;;;;1;4;8;2
1;1;83292;1;6;1;;;;6;2;10;;6;;1;6;8;2
1;1;139159;1;3;2;;;;6;1;6;;6;99;1;4;8;2
1;1;138138;1;3;1;;;;6;1;6;;;;1;3;8;2
1;1;165637;1;2;2;;;;6;;5;;5;4;2;10;8;2
1;1;155824;1;1;2;;;;6;;5;;5;4;2;13;8;2
1;1;189875;1;3;2;;;;6;1;11;1;6;;1;6;8;2
1;1;127895;1;3;1;;;;6;1;6;;;;1;4;8;2
1;1;1389;1;3;2;;;;6;3;8;;6;;1;5;8;2
1;1;77921;1;3;1;;;;6;;11;1;6;;1;11;8;2
1;1;217929;1;6;1;;;;6;1;6;;6;;2;4;8;2
1;1;221441;2;3;1;;;;6;;7;6;6;;2;9;8;2
1;1;153431;1;6;1;;;;6;1;6;;;;1;3;8;2
1;1;46708;1;1;2;;;;6;;5;4;1;7;2;11;8;2
1;1;175631;1;3;2;;;;6;;5;1;6;99;2;10;8;2
1;1;80363;1;3;1;;;;6;1;6;;6;;1;4;8;2
1;1;201811;1;1;2;;;;6;;5;;5;5;2;14;8;2
1;1;168822;1;3;2;;;;6;1;6;;6;;1;4;8;2
1;1;127396;1;3;2;;;;6;1;3;;;;1;2;8;2
1;1;198429;2;3;1;;;;6;1;6;;;;1;3;8;2
1;1;51412;1;1;1;;;;6;;5;6;5;;1;10;8;2
1;1;128126;1;3;2;;;;6;1;8;;6;;2;5;8;2
1;1;126883;1;9;2;;;;6;;1;;;;1;2;9;7
1;1;68297;1;3;1;;;;6;1;6;;;;2;4;8;2
1;1;175604;1;1;1;;;;6;;11;1;6;;1;8;8;2
1;1;60339;1;3;1;;;;6;1;10;;6;;1;5;8;2
1;1;36087;1;2;1;;;;6;;5;3;5;;2;10;8;2
1;1;130856;1;3;2;;;;6;;1;;;;2;2;8;2
1;1;237504;1;3;1;;;;6;;8;1;6;;2;6;8;2
1;1;237914;1;1;1;;;;6;;5;6;5;;2;10;8;2
1;1;198526;1;1;2;;;;6;;7;;6;3;2;15;8;2
1;1;136876;1;7;2;;;;6;2;11;;6;2;1;13;8;2
1;1;142430;1;6;1;;;;6;;1;;;;1;2;7;2
1;1;181792;1;1;2;;;;4;;8;6;1;4;1;7;8;2
1;1;225698;1;9;2;;;;6;1;6;;;;2;3;8;2
1;1;216881;1;3;2;;;;6;1;6;;6;;2;4;8;2
1;1;216754;1;3;2;;;;6;2;11;;6;;1;6;8;7
1;1;148989;1;9;2;;;;6;;11;2;4;;1;11;8;2
1;1;214569;1;1;1;;;;6;;5;6;3;;2;12;8;2
1;1;89832;1;3;1;;;;6;2;11;2;6;;2;5;8;2
1;1;84241;1;3;2;;;;6;1;8;;6;;2;5;8;2
1;1;113794;1;3;1;;;;6;2;2;;;;1;2;8;2
1;1;15950;1;1;1;;;;6;;7;;1;;2;8;8;2
1;1;120704;1;3;1;;;;6;;11;6;5;;1;6;8;2
1;1;80589;1;2;2;;;;6;;7;1;5;3;1;13;8;2
1;1;226151;0;12;1;;;;6;;5;6;1;;2;12;8;2
1;1;39550;1;2;2;;;;6;;8;;5;1;2;10;8;2
1;1;172432;1;2;2;;;;6;;5;;1;3;2;9;8;2
1;1;149481;1;3;2;;;;6;;8;;6;;1;7;8;2
1;1;229264;1;3;1;;;;6;;8;1;6;;1;6;8;7
1;1;234312;1;1;1;;;;6;1;11;9;2;;1;10;9;2
1;1;196380;1;3;2;;;;6;1;6;;;;2;3;8;2
1;1;8044;1;3;1;;;;6;1;6;;;;2;3;8;2
1;1;200172;1;2;2;;;;6;;8;1;1;1;1;7;8;2
1;1;69220;1;1;2;;;;6;;5;;6;3;1;11;8;2
1;1;207106;1;9;1;;;;6;1;8;;6;;2;4;8;2
1;1;68436;1;3;1;;;;6;2;8;;6;;1;5;8;2
1;1;103480;2;3;2;;;;6;1;6;;6;;1;5;8;2
1;1;50386;1;6;1;;5;;6;;1;;;;2;2;8;5
1;1;206713;1;9;1;;;;6;2;11;;6;;1;6;8;2
1;1;63535;1;7;2;;;;6;;5;;6;1;1;19;8;2
1;1;82907;1;1;2;;;;6;;1;;1;3;2;7;8;2
1;1;213400;1;1;1;;;;6;;12;2;6;;1;8;8;7
1;1;195818;1;1;2;;;;6;;8;;5;2;2;8;8;2
1;1;114791;1;3;2;;;;6;;8;;6;;1;6;8;2
1;1;719;1;7;1;;;;6;;5;;4;;1;20;7;2
1;1;136786;1;1;1;;;;6;;8;1;5;;1;9;8;2
1;1;120988;1;7;2;;;;6;;8;1;6;4;1;12;8;2
1;1;49710;1;1;1;;;;6;;8;1;1;;1;9;8;2
1;1;45393;1;1;1;;;;6;;5;2;3;;1;11;8;2
1;1;197299;1;9;2;;;;6;;11;;6;;1;7;8;2
1;1;181307;1;1;2;;;;6;;11;1;6;;1;7;8;2
1;1;37319;1;3;2;;;;6;1;6;;6;;2;4;8;2
1;1;99860;1;3;2;;;;6;1;6;;6;;1;4;8;2
1;1;69449;1;3;1;;;;6;1;6;1;6;;2;4;8;2
1;1;220493;1;3;2;;;;6;;11;1;6;;2;7;8;2
1;1;113012;1;1;2;;;;6;;11;6;3;2;1;10;8;2
1;1;16365;1;1;2;;;;6;;7;;2;4;1;12;8;2
1;1;221111;1;2;1;;;;6;;6;;1;;2;6;7;2
1;1;80560;1;1;1;;;;6;;12;;5;;1;15;8;2
1;1;166813;1;6;1;;;;6;1;6;;;;1;4;8;2
1;1;203334;1;3;1;;;;6;2;6;;;;1;4;8;2
1;1;13592;1;1;2;;;;6;;7;1;4;99;2;10;8;2
1;1;100357;1;2;2;;;;6;;8;6;5;3;2;11;8;2
1;1;17147;1;3;2;;;;6;;7;1;2;2;2;10;8;2
1;1;79333;1;3;2;;;;6;;6;;6;;2;6;7;2
1;1;130643;1;9;1;;;;6;;7;1;6;;1;8;8;7
1;1;74637;1;3;2;;;;6;;8;1;3;1;1;10;8;2
1;1;25119;1;3;1;;;;6;;8;;6;;2;5;8;2
1;1;155288;1;3;2;;;;6;;6;1;6;1;1;6;8;2
1;1;228040;1;2;2;;;;6;;8;6;5;3;2;10;8;2
1;1;57103;1;1;2;;;;6;;8;6;6;1;1;10;8;2
1;1;83799;1;3;1;;;;6;;7;1;6;;2;8;8;2
1;1;184680;1;1;2;;;;6;;11;2;3;4;1;14;8;2
1;1;3615;1;1;2;;;;6;;8;;6;99;2;9;8;2
1;1;101307;1;3;2;;;;6;;11;6;6;;2;10;8;2
1;1;236421;1;3;2;;;;6;1;8;;6;;2;5;8;2
1;1;32655;1;3;1;;;;6;1;8;;6;;2;4;8;2
1;1;115773;1;1;2;;;;6;;11;;3;2;1;14;8;2
1;1;74639;1;10;2;;;;6;2;11;6;6;;1;6;8;7
1;1;236125;1;3;1;;;;6;;8;;6;;2;6;8;2
1;1;83757;1;2;2;;;;6;;5;6;5;3;2;10;8;2
1;1;79001;1;1;1;;;;6;;11;1;6;;1;7;8;7
1;1;162382;1;7;2;;;;6;;5;;3;1;1;18;8;2
1;1;87908;1;1;1;;;;6;;8;1;1;;1;6;8;2
1;1;111865;1;3;1;;;;6;2;6;;;;1;3;9;2
1;1;222878;1;3;1;;;;6;;11;6;6;;1;8;8;2
1;1;57657;1;2;2;;;13;6;;5;6;5;3;2;16;1;6
1;1;9968;1;3;1;;;;6;1;6;;;;2;3;8;2
1;1;156402;1;3;1;;;;6;2;11;;6;;1;6;8;2
1;1;121015;1;3;1;;;;6;1;6;;6;;1;4;8;2
1;1;234927;1;2;2;;;;6;;8;6;1;1;1;7;8;2
1;1;154141;1;3;1;;;;6;;5;1;6;;2;8;8;2
1;1;138352;1;3;1;;;;6;1;8;;6;;2;5;8;2
1;1;213879;1;6;2;;;;6;2;6;;;;2;3;8;2
1;1;196099;1;9;2;;;;6;;11;5;5;1;1;8;8;2
1;1;221234;1;2;1;;;;6;;8;1;1;;1;7;8;2
1;1;154451;1;3;2;;;;6;;7;1;6;;2;7;8;2
1;1;179226;1;3;1;;;;6;1;8;;6;;1;5;8;2
1;1;211390;1;3;1;;;;6;;8;1;6;;2;8;8;2
1;1;99360;1;2;2;;;;6;;6;;1;1;2;9;8;2
1;1;161795;1;3;2;;;;6;1;11;;6;;1;5;8;2
1;1;44442;1;7;2;;;;2;;5;1;3;2;1;11;8;2
1;1;177459;1;1;1;;;;6;;8;3;1;;2;5;8;2
1;1;158270;1;2;1;;;;6;;11;1;5;;1;10;8;2
1;1;32652;1;9;1;;;;6;1;8;;6;;1;5;8;2
1;1;226151;0;12;1;;;;5;;8;;1;;2;7;8;2
1;1;141182;1;9;2;;;;6;;8;;6;;1;7;8;2
1;1;88102;1;1;1;;;;6;;5;3;4;;2;11;8;2
1;1;135525;1;2;2;;;13;1;;8;;1;;1;5;8;6
1;1;155764;1;9;2;;;;6;;5;;6;99;1;13;8;2
1;1;161321;1;2;1;;;;6;;7;1;5;;1;9;8;2
1;1;72446;1;1;1;;;;6;;5;6;5;;1;14;8;2
1;1;183405;1;3;2;;;;6;1;6;;;;1;4;8;2
1;1;17507;1;2;1;;;;6;;12;2;1;;1;9;8;2
1;1;240555;1;9;1;;;;6;1;11;9;6;;2;7;9;2
1;1;171601;1;3;1;;;;6;1;6;;6;;1;4;8;2
1;1;185310;1;3;1;;;;6;1;3;;;;1;3;8;2
1;1;72011;1;1;1;;;;6;;8;6;5;;1;12;8;2
1;1;95873;1;9;1;;;;6;1;10;;6;;1;6;8;2
1;1;89243;1;4;1;;;;6;;11;1;6;;1;8;8;2
1;1;216252;1;7;2;;;;6;;5;;4;4;1;16;8;2
1;1;73907;1;1;1;;;;5;;5;1;5;;1;10;8;2
1;1;114944;1;9;2;;;;6;;5;6;6;;1;15;8;2
1;1;31556;1;3;2;;;;6;;1;;;;1;2;8;2
1;1;129582;1;1;1;;;;5;;7;;5;;2;14;8;2
1;1;115207;3;9;2;;;;6;;5;;5;5;2;9;8;2
1;1;210974;1;2;2;;;;6;;8;;5;2;1;10;8;2
1;1;53115;1;9;1;;;;6;;8;1;6;;1;5;8;2
1;1;213207;1;2;2;;;;6;;6;;1;6;2;10;8;2
1;1;95018;1;3;2;;;;6;1;11;9;6;99;2;7;9;2
1;1;175422;1;1;1;;;;6;;5;1;5;;1;12;8;2
1;1;93108;1;1;2;;;;6;;8;4;3;99;1;11;8;2
1;1;22435;1;1;1;;;;6;;8;1;6;;1;11;8;2
1;1;174531;1;3;1;;;;6;;11;;6;;1;8;8;2
1;1;210978;1;1;1;;;;6;3;6;;6;;1;12;8;2
1;1;239858;1;3;2;;;;6;1;6;;6;;2;5;5;2
1;1;112726;1;1;2;;;;6;;8;;6;2;2;7;8;2
1;1;230163;1;1;1;;;;6;;10;1;5;;1;14;8;2
1;1;111909;1;1;1;;;;6;;8;1;5;;2;10;8;2
1;1;200598;1;2;2;;;;6;;5;6;5;6;2;13;8;2
1;1;208169;1;9;2;;;;6;;5;1;6;;2;12;8;2
1;1;168115;1;3;2;;;;6;2;6;;6;;1;4;8;2
1;1;156244;1;3;2;;;;6;;1;;;;1;1;8;
1;1;55996;1;3;1;;;;6;3;6;;;;1;3;8;2
1;1;639;1;3;1;;;;6;;11;6;3;;2;9;8;2
1;1;150608;1;3;1;;;;6;1;6;;6;;1;4;8;2
1;1;121208;1;3;1;;;;6;1;8;;6;;2;5;8;2
1;1;149030;1;2;2;;;;6;;8;6;5;2;1;12;8;2
1;1;116064;1;2;2;;;;6;;7;4;5;3;2;7;8;2
1;1;72100;1;1;2;;;;6;;5;;4;6;1;19;8;2
1;1;200757;1;1;1;;;;6;;7;6;5;;1;14;8;2
1;1;12300;2;3;1;;;;6;2;2;;;;2;2;8;2
1;1;181976;1;9;1;;;;6;;7;;6;;2;8;4;2
1;1;165425;1;3;2;;;;1;1;6;;;;2;3;8;2
1;1;76117;1;3;2;;;;6;3;8;;6;99;2;5;9;2
1;1;178050;1;2;2;;;;6;;11;1;5;1;1;8;8;2
1;1;42862;1;3;2;;;;6;2;8;;6;;1;5;8;2
1;1;237224;1;3;1;;;;6;2;11;;6;;1;6;9;2
1;1;115131;1;7;1;;;;6;;7;1;5;;1;13;8;2
1;1;29609;1;1;1;;;;6;;5;3;5;;2;11;8;2
1;1;187869;1;1;1;;;;6;;12;1;5;;1;11;8;2
1;1;218104;1;3;2;;;;6;1;8;;6;;2;5;8;2
1;1;135846;1;1;2;;;;6;;5;;5;6;1;11;8;2
1;1;236812;1;2;2;;;;6;;11;6;5;3;1;12;8;2
1;1;216296;1;1;1;;;;6;;10;5;5;;1;15;5;2
1;1;113737;1;9;2;;;;6;;11;;6;2;1;7;8;2
1;1;2263;1;1;1;;;;6;;11;1;5;;1;10;8;2
1;1;96623;1;2;2;;;;6;;5;1;5;;2;14;7;2
1;1;13106;1;10;2;;;;6;;5;9;6;99;1;11;9;2
1;1;148885;1;9;2;;;;6;;5;6;4;2;2;14;8;2
1;1;63803;1;2;2;;;;6;;7;1;5;4;1;9;8;2
1;1;135561;1;1;1;;;;6;;10;1;5;;1;8;8;2
1;1;108372;1;6;1;;;;6;1;8;;6;;2;4;8;2
1;1;221824;1;3;1;;;;6;1;11;;6;;2;6;8;2
1;1;210751;1;1;1;;;;6;;8;7;5;;2;12;8;2
1;1;99024;1;3;1;;;;6;;8;;6;;1;8;8;2
1;1;148346;1;1;2;;;;6;;12;2;3;;1;8;8;2
1;1;44973;1;1;1;;;;6;;11;1;5;;1;12;8;2
1;1;230043;1;3;1;;;;6;1;8;;6;;1;5;8;2
1;1;88427;1;2;2;;;;6;;11;1;5;;1;7;8;2
1;1;91074;1;3;2;;;;6;1;6;;;;1;3;8;2
1;1;103265;1;2;2;;;;6;;5;6;5;2;1;10;8;2
1;1;178527;1;1;2;;;;6;;5;;4;8;1;18;8;2
1;1;149323;1;3;1;;;;6;1;6;;;;1;3;8;2
1;1;116913;1;1;2;;;;6;;6;;2;1;2;9;8;2
1;1;17605;1;3;2;;;;6;2;6;;;;1;4;8;2
1;1;11430;1;1;1;;;;6;;8;2;5;;1;10;8;2
1;1;225365;1;1;1;;;;6;;11;1;5;;1;12;5;2
1;1;57661;1;1;1;;;;7;;11;;3;;1;16;8;7
1;1;29249;1;1;1;;;;6;;6;6;5;;2;9;8;2
1;1;147695;1;3;1;;;;6;;8;1;5;;2;9;8;2
1;1;91029;1;6;1;;;;6;2;6;;;;1;3;8;2
1;1;218137;1;3;1;;;;6;2;11;;6;;2;6;8;2
1;1;96692;1;1;1;;;;6;;7;1;1;;1;8;8;2
1;1;92354;1;3;2;;;;6;2;11;;6;;1;5;8;2
1;1;240346;1;3;2;;;;6;1;6;;6;;2;4;8;2
1;1;135415;1;3;2;;;;6;2;11;;6;;1;6;8;2
1;1;122542;1;3;1;;;;6;2;11;;6;;2;5;8;2
1;1;220447;1;2;2;;;;6;;5;6;5;3;2;11;8;2
1;1;53048;1;3;1;;;;6;2;11;;6;;1;6;8;2
1;1;236967;1;1;1;;;;6;;11;1;5;;1;8;8;2
1;1;1954;1;3;2;;;;6;2;11;;6;;2;6;8;2
1;1;222856;1;3;2;;;;6;;8;;6;;1;5;8;2
1;1;122580;1;1;1;;;;6;;8;1;5;;1;8;8;2
1;1;217675;1;1;1;;;;6;;5;6;5;;2;13;8;2
1;1;146899;1;3;1;;;;6;1;6;;;;2;3;8;2
1;1;236281;1;3;1;;;;6;;11;4;6;;1;9;8;2
1;1;234882;1;1;2;;;;6;;6;1;6;2;1;9;8;2
1;1;40871;1;1;1;;;;6;2;11;9;3;;1;10;9;2
1;1;237535;1;1;1;;;;6;;9;6;5;;2;10;8;2
1;1;146727;1;3;2;;;;6;;1;;;;1;1;8;
1;1;25660;1;2;2;;;;6;;11;1;5;2;1;9;8;2
1;1;145721;1;1;1;;;;6;;11;6;5;;1;9;8;7
1;1;26166;1;3;2;;;;1;;11;6;6;1;1;8;8;2
1;1;44747;1;1;2;;;;6;;11;;4;3;1;16;8;2
1;1;91571;1;2;2;;;;6;;11;1;5;1;2;11;8;2
1;1;188248;1;3;1;;;;5;1;6;;;;1;3;8;2
1;1;94170;1;3;2;;;;6;1;8;;6;;1;5;8;2
1;1;201432;1;1;1;;;;6;;12;1;5;;1;10;8;7
1;1;200757;1;6;1;;;;6;1;6;;6;;1;4;8;7
1;1;24822;1;3;1;;;;6;2;6;;;;1;4;8;2
1;1;95723;1;2;2;;;;6;;11;;5;2;2;10;8;2
1;1;202189;1;10;1;;;;6;2;6;;6;;1;5;8;2
1;1;126313;1;3;1;;;;6;2;8;;6;;1;5;8;7
1;1;80353;1;3;2;;;;6;;11;;6;;1;7;8;2
1;1;57767;1;1;2;;;;6;2;11;9;1;99;1;12;9;2
1;1;187531;1;3;2;;;;6;1;6;;;;2;4;8;2
1;1;136901;1;9;1;;5;;6;4;6;;6;;2;4;7;5
1;1;4811;1;3;1;;;;6;1;6;;;;2;3;8;2
1;1;103090;1;3;2;;;;6;;8;;6;;1;13;8;2
1;1;92320;1;1;2;;;;6;;11;1;1;;2;7;8;2
1;1;44904;1;1;2;;;;6;;11;2;5;3;2;8;8;2
1;1;150658;1;1;1;;;;6;;11;;5;;1;16;8;2
1;1;187599;1;11;1;;;;6;;11;1;6;;1;6;8;2
1;1;168013;1;8;2;;;;6;;5;1;4;3;2;17;8;2
1;1;18582;1;1;2;;;;1;;8;;1;2;2;6;8;2
1;1;200050;1;3;1;;;;6;;8;;6;;1;6;8;2
1;1;220390;1;2;2;;;;6;;8;6;5;99;2;7;8;2
1;1;201009;1;1;1;;;;6;;5;;5;;2;16;7;2
1;1;180831;1;3;1;;;;6;2;6;;;;1;3;8;2
1;1;213768;1;1;2;;;;6;;5;6;5;5;2;10;8;2
1;1;3256;1;1;2;;;;6;;6;4;1;99;2;5;8;2
1;1;75976;1;9;2;;;;6;1;11;;6;;1;7;8;2
1;1;45348;1;1;1;;;;6;;11;2;5;;2;9;8;2
1;1;121050;1;3;1;;;;6;1;8;;6;;2;5;8;2
1;1;179842;1;3;2;;;;6;2;6;;;;1;3;8;2
1;1;103592;1;1;1;;;;6;;11;6;3;;1;13;8;2
1;1;219604;1;3;1;;;;6;;1;;;;2;2;8;2
1;1;66850;1;3;2;;;;6;1;6;;;;2;3;8;2
1;1;201651;1;1;2;;;;6;;8;;4;5;1;18;8;2
1;1;200124;1;3;2;;;;6;1;3;;;;2;2;8;2
1;1;42987;1;3;1;;;;6;1;6;;;;2;4;8;2
1;1;110348;1;2;2;;;;6;;5;3;5;5;2;11;4;2
1;1;172161;1;1;2;;;;6;;11;2;5;3;1;13;8;2
1;1;37018;1;1;2;;;;6;;5;;5;2;2;13;8;2
1;1;224276;1;3;1;;;;6;1;6;;6;;2;5;8;2
1;1;26455;1;9;2;;;;6;;8;1;5;3;1;11;8;2
1;1;216145;1;2;2;;;;6;;7;;5;4;1;16;8;2
1;1;184015;1;1;1;;;;6;2;11;9;1;;1;10;9;2
1;1;60451;1;3;1;;;;6;1;8;;6;;1;5;8;2
1;1;186361;1;3;1;;;;6;;8;;6;;2;6;8;2
1;1;50663;1;3;2;;;;6;2;6;;;;1;3;8;2
1;1;160361;1;1;2;;;;6;;6;6;3;2;1;12;8;2
1;1;182464;1;3;2;;;;6;1;6;;6;;2;4;8;2
1;1;217813;1;5;1;;;;6;1;6;;6;;2;5;8;2
1;1;137169;1;1;1;;;;6;;7;;5;;2;16;8;2
1;1;43845;1;1;1;;;;6;2;11;2;6;;1;7;9;2
1;1;8277;1;6;2;;;;6;1;8;;6;;2;5;8;2
1;1;172816;1;1;1;;;;7;;12;;3;;1;16;3;7
1;1;64962;1;2;2;;;;6;;11;;5;2;1;15;8;2
1;1;233983;1;3;2;;;;6;;12;6;6;;2;7;8;2
1;1;29768;1;3;1;;;;6;2;11;1;6;;1;6;8;2
1;1;57377;1;3;1;;;;6;;11;1;6;;2;7;8;2
1;1;71338;1;1;1;;;;6;;7;1;1;;1;11;8;2
1;1;56927;1;3;1;;;;6;1;6;;;;1;4;8;2
1;1;145418;1;3;2;;;;1;1;6;;;;1;3;8;2
1;1;137076;1;7;2;;;;6;;7;;6;1;1;15;8;2
1;1;134107;1;1;2;;;;6;1;11;;6;;1;7;8;2
1;1;132316;1;6;1;;;;6;1;11;;6;;2;5;8;2
1;1;123750;1;1;1;;;;6;;5;6;5;;2;11;5;2
1;1;326;1;2;2;;;;6;;8;;5;2;1;12;8;7
1;1;203336;1;1;2;;;;6;;5;;5;2;2;14;8;2
1;1;192527;1;1;1;;;;6;;12;1;5;;2;12;8;7
1;1;31191;1;3;1;;;;6;1;6;;;;2;4;8;2
1;1;194263;1;3;1;;;;6;2;6;;;;2;4;8;2
1;1;4595;1;2;2;;;;6;;5;;5;2;2;12;8;2
1;1;44172;1;1;1;;;;6;;11;2;5;;1;10;8;2
1;1;16683;1;1;1;;;;6;;6;;6;;2;10;8;2
1;1;77102;1;1;1;;;;6;;5;6;6;;2;14;8;2
1;1;126070;1;1;1;;;;6;1;11;;6;;1;6;8;2
1;1;109709;1;3;1;;;;6;1;3;;;;1;2;8;2
1;1;235312;1;10;2;;;;6;;8;4;6;;1;5;8;2
1;1;157027;1;9;2;;;;6;;11;7;6;;1;8;8;2
1;1;216779;1;9;1;;;;6;;1;;;;2;2;3;2
1;1;60289;1;3;2;;;;6;2;6;;;;1;3;8;2
1;1;115343;1;1;1;;;;6;;7;6;5;;1;16;8;2
1;1;90164;1;2;2;;;;6;;12;1;5;3;1;12;8;2
1;1;23858;1;1;1;;;;6;;8;6;5;;2;10;8;2
1;1;211428;1;3;1;;;;6;2;11;1;6;;1;5;8;2
1;1;146666;1;6;2;;;;6;2;6;;;;1;3;8;2
1;1;52001;1;2;2;;;;6;;11;1;5;2;2;8;8;2
1;1;47012;1;3;2;;;;6;1;6;;6;;1;4;8;2
1;1;35994;1;2;1;;;;6;;5;3;5;;2;16;8;2
1;1;100193;1;2;2;;;;6;;11;;5;;2;10;8;7
1;1;178398;1;2;2;;;;6;;8;;5;1;1;7;8;2
1;1;217808;1;3;1;;;;6;;6;1;6;;2;7;8;2
1;1;157358;1;3;2;;;;6;1;8;;6;99;2;6;8;2
1;1;119540;1;3;1;;;;6;2;6;;6;;1;4;9;2
1;1;91196;1;1;1;;;;6;;5;6;5;;1;14;8;2
1;1;9100;1;1;2;;;;6;;5;1;6;2;2;9;8;2
1;1;195163;1;6;1;;;;6;2;8;;6;;1;4;8;2
1;1;154687;1;6;1;;;;1;;8;1;6;;1;6;8;2
1;1;130621;1;3;2;;;;6;;6;;6;;1;5;8;2
1;1;50896;1;3;1;;;;6;;5;6;6;;2;8;8;2
1;1;143701;1;3;2;;;;6;;6;;6;;2;4;8;2
1;1;8102;1;1;2;;;;6;;11;1;5;3;1;11;8;2
1;1;14402;1;1;1;;;;6;;5;9;6;;1;9;9;2
1;1;210281;1;3;2;;;;6;1;8;;6;;2;4;5;2
1;1;30128;1;1;1;;;;6;;8;1;5;;2;8;8;2
1;1;1306;1;9;1;;;;6;;11;1;1;;2;7;8;2
1;1;123766;1;3;1;;;;6;;8;;6;;2;6;8;2
1;1;134872;1;3;1;;;;6;2;8;;6;;1;5;8;2
1;1;36141;1;2;2;;;;6;;5;1;5;3;1;9;8;2
1;1;45365;1;1;1;;;;6;;11;6;5;;1;14;8;2
1;1;83335;1;2;1;;;;6;;5;;5;;1;16;8;2
1;1;192800;1;3;2;;;;6;1;8;;6;;2;5;8;2
1;1;205679;1;2;2;;;;6;;5;4;1;6;2;11;8;2
1;1;75035;1;3;2;;;;6;;7;6;6;0;1;7;8;2
1;1;45722;1;1;1;;;;6;;12;2;6;;1;7;8;7
1;1;120242;1;1;2;;;;6;;13;1;6;1;1;8;8;7
1;1;23626;1;3;1;;;;6;1;11;;6;;1;6;8;2
1;1;219375;1;1;1;;;;6;;5;;5;;2;18;8;2
1;1;7936;1;9;2;;;;6;;11;1;6;99;2;7;8;2
1;1;29795;1;3;1;;;;6;;1;;;;1;2;8;2
1;1;207610;1;3;1;;;;6;;8;1;6;;2;6;8;2
1;1;93043;1;3;2;;;;6;;11;6;6;;1;7;8;2
1;1;188298;1;3;1;;;;6;;8;;6;;1;6;8;2
1;1;30790;1;1;1;;;;6;;5;3;5;;2;10;8;2
1;1;2191;1;1;2;;;;6;;7;;6;;2;15;8;2
1;1;77834;1;2;1;;;;6;;5;6;3;;1;10;7;2
1;1;207014;1;1;2;;;;6;;11;6;3;3;1;13;8;2
1;1;115667;1;1;2;;;;6;;11;5;3;2;1;8;8;7
1;1;25512;1;1;1;;;;6;;5;6;5;;2;12;8;2
1;1;141845;1;3;2;;;;2;1;6;;;;2;4;8;2
1;1;89114;1;3;1;;;;6;1;6;;6;;2;4;8;2
1;1;240095;1;3;2;;;;6;2;3;;;;1;2;8;2
1;1;58571;1;1;1;;;;6;;8;9;5;;1;9;9;2
1;1;226335;1;9;1;;;;6;;8;1;6;;1;6;8;2
1;1;25179;1;1;2;;;;6;;5;;5;8;1;13;8;2
1;1;67924;1;1;1;;;;6;;7;2;5;;2;9;8;2
1;1;36533;1;3;1;;;;6;;8;;6;;2;5;8;2
1;1;109968;1;2;1;;;;6;;8;1;5;;1;10;8;2
1;1;111331;1;3;1;;;;6;2;3;;;;2;2;8;2
1;1;173845;1;9;2;;;;6;;1;;6;;1;16;7;2
1;1;134003;1;3;2;;;;6;;11;2;5;;1;10;8;2
1;1;89659;1;1;1;;;;6;;11;2;5;;1;9;8;2
1;1;221985;1;3;2;;;;6;;7;;5;2;2;8;8;2
1;1;73496;1;1;2;;;;6;;11;1;5;3;1;11;5;2
1;1;77958;1;7;2;;;;6;;5;;4;3;2;17;8;2
1;1;121205;1;2;2;;;;6;;5;;5;;1;17;6;2
1;1;131035;1;1;2;;;;6;2;11;9;6;99;1;6;9;2
1;1;207442;1;1;1;;;;6;;7;1;1;;1;8;8;2
1;1;23914;1;1;2;;;;6;;5;;1;3;1;8;8;2
1;1;179306;1;1;2;;;;6;;7;;3;2;1;12;8;2
1;1;11969;1;1;2;;;;6;;5;5;3;3;1;13;8;2
1;1;196346;1;3;2;;;;6;;1;;;;2;2;8;2
1;1;223622;1;1;1;;;;6;;8;1;1;;1;7;8;2
1;1;9199;1;3;2;;;;6;2;11;;6;;1;5;8;2
1;1;235223;1;2;2;;;;6;;7;1;5;4;1;13;8;2
1;1;93906;1;2;2;;;;6;;5;1;1;;2;13;1;2
1;1;176519;1;1;1;;;;6;;11;;5;;1;15;4;2
1;1;2932;1;6;1;;;;6;1;6;;;;2;3;8;2
1;1;189008;1;3;1;;;;6;3;6;;;;1;4;8;2
1;1;31785;1;7;1;;;;6;;5;;5;;2;16;7;2
1;1;190884;1;1;1;;;;6;;12;6;6;;1;8;8;2
1;1;228049;1;1;1;;;;6;;5;6;4;;2;20;8;2
1;1;216085;1;1;2;;;;6;;8;1;3;2;2;12;8;2
1;1;175322;1;6;1;;;;6;1;6;;;;2;3;8;2
1;1;177429;1;2;2;;;;6;;5;6;5;4;1;14;8;2
1;1;58023;1;1;1;;;;6;;5;7;5;;1;11;8;7
1;1;135357;1;1;1;;;;6;;7;;5;;1;15;1;2
1;1;163329;1;3;2;;;;6;;5;;6;;1;12;8;2
1;1;38049;1;4;1;;;;6;;8;1;6;;1;6;8;2
1;1;235896;1;1;1;;;;7;;11;1;5;;1;10;8;7
1;1;152582;1;3;1;;;;6;2;6;;6;;1;4;8;2
1;1;177312;1;1;1;;;;6;;12;6;6;;1;7;8;7
1;1;159675;1;3;1;;;;6;1;10;1;6;;2;6;8;2
1;1;32602;1;1;1;;;;6;;8;1;6;;1;6;8;2
1;1;202079;1;1;2;;;;6;;5;;1;2;1;10;8;2
1;1;49104;1;2;2;;;;6;;5;;5;99;1;17;9;2
1;1;127173;1;8;2;;;;6;;7;;4;4;1;21;7;2
1;1;36024;1;3;2;;;;6;1;11;;6;;1;6;8;2
1;1;50712;1;3;1;;;;6;2;8;;6;;2;5;8;2
1;1;126986;1;3;1;;;;6;;5;1;3;;2;10;8;2
1;1;58126;1;2;2;;;;6;;7;;5;3;1;14;8;7
1;1;176817;1;3;1;;;;6;2;2;;;;1;2;9;2
1;1;62652;1;1;1;;;;6;;8;1;1;;2;7;8;2
1;1;190531;1;2;2;;;8;6;;8;3;1;;1;6;8;6
1;1;219555;1;2;2;;;;6;;13;;5;2;1;14;8;2
1;1;4069;1;2;1;;;;6;;8;1;1;;1;8;8;2
1;1;45837;1;3;2;;;;6;1;8;;6;;2;5;8;2
1;1;89574;1;3;1;;;;6;2;11;;6;;1;6;8;2
1;1;2870;1;3;1;;;;6;1;11;1;6;;2;7;8;2
1;1;26646;1;2;2;;;;6;;5;;5;99;1;9;9;2
1;1;87678;1;3;2;;;;6;;8;1;6;1;2;6;8;2
1;1;6987;1;6;2;;;;7;;1;;;;2;2;8;2
1;1;126584;1;3;1;;;;6;1;6;;;;2;4;8;2
1;1;10270;1;1;1;;;;6;;10;1;5;;2;7;8;2
1;1;158483;1;1;1;;;;6;;5;6;5;;2;12;8;2
1;1;88007;1;3;2;;;;6;1;8;;6;;1;5;8;2
1;1;214486;1;1;2;;;;6;;5;1;6;1;1;11;8;2
1;1;150573;1;2;2;;;;6;;6;;1;1;2;6;8;2
1;1;191212;1;2;1;;;;6;1;11;9;1;;2;10;9;2
1;1;74353;1;1;2;;;;6;;11;1;6;1;1;8;8;2
1;1;123165;1;7;2;;;;6;;5;;4;6;1;17;7;2
1;1;147597;1;6;2;;;;6;2;11;;6;;1;6;8;2
1;1;204278;1;3;2;;;;6;1;6;;6;;2;4;8;2
1;1;15452;1;10;1;;;;6;;5;6;6;;1;8;8;2
1;1;200505;1;3;1;;;;6;;1;;;;2;1;8;
1;1;87606;1;2;2;;;;6;;5;3;5;2;2;11;8;2
1;1;103113;1;3;1;;;;6;2;6;;6;;1;4;8;2
1;1;173990;1;3;2;;;;6;2;6;;6;;1;4;8;7
1;1;44482;1;2;1;;;;6;;12;2;5;;2;12;8;2
1;1;60820;1;2;2;;;;6;;11;1;1;1;1;7;8;2
1;1;168193;1;3;2;;;;6;;6;;;;1;4;9;2
1;1;193104;1;6;2;;;;1;;11;;6;;2;6;8;2
1;1;238604;1;3;1;;;;6;1;8;;6;;1;5;8;2
1;1;10664;1;6;2;;;;6;1;3;;;;2;2;8;2
1;1;42656;1;3;1;;;;6;2;11;;6;;1;6;8;2
1;1;24019;1;5;2;;;;6;;11;;5;1;1;9;8;2
1;1;10478;1;5;1;;;;6;;8;5;5;;2;8;8;2
1;1;22127;1;9;2;;;;6;2;6;;6;99;1;4;9;2
1;1;82298;1;3;2;;;;6;1;11;;6;;2;5;8;2
1;1;229870;1;3;2;;;;6;1;8;;6;;1;5;8;2
1;1;156738;1;1;1;;;;6;1;11;9;5;;1;8;9;2
1;1;31605;1;7;2;;;;6;;1;;5;3;1;18;7;2
1;1;210219;1;1;2;;;;6;;12;2;3;3;1;13;8;2
1;1;8434;1;3;2;;;;6;1;6;;;;1;3;8;2
1;1;200731;1;9;2;;;;6;1;11;;6;;1;5;8;2
1;1;197516;1;3;2;;;;6;;11;1;6;;1;8;8;2
1;1;25544;1;3;1;;;;6;2;6;;;;1;4;8;2
1;1;107372;1;1;2;;;;6;;1;;4;;2;17;7;2
1;1;532;1;3;1;;;;6;1;6;;;;2;4;8;2
1;1;1795;1;2;2;;;;6;;7;;5;2;1;14;8;2
1;1;206724;1;3;1;;;;4;1;6;;;;2;3;8;2
1;1;198287;1;1;1;;;;6;;5;3;5;;2;14;8;2
1;1;180240;1;4;2;;;;6;1;8;;6;;2;5;8;2
1;1;226658;1;1;1;;;13;1;;8;1;5;;1;8;6;6
1;1;233518;0;12;2;;;;6;;8;;6;;1;5;8;2
1;1;115468;1;3;1;;;;6;1;6;;;;2;4;9;2
1;1;1920;1;3;1;;;;6;1;8;1;6;;2;7;8;2
1;1;118110;1;3;1;;;;6;;6;;6;;2;5;9;2
1;1;88259;1;2;2;;;;6;;8;1;5;1;1;7;8;7
1;1;88967;1;3;1;;;;6;;8;9;6;;1;7;9;2
1;1;158696;1;2;2;;;;6;;8;;5;;1;16;3;2
1;1;44071;1;3;1;;;;6;1;11;;6;;1;5;8;7
1;1;37168;1;1;1;;;;6;;5;1;1;;2;10;8;2
1;1;17581;1;2;2;;;;6;;8;;1;3;2;8;8;2
1;1;198538;1;6;2;;;;6;2;11;;6;1;1;7;5;2
1;1;57608;1;9;1;;;;6;;1;;6;;2;11;8;2
1;1;24837;1;1;1;;;;6;;5;;5;;1;17;7;2
1;1;186382;1;10;1;;;;6;;10;1;6;;1;8;8;2
1;1;226151;0;12;1;;;;6;;5;;3;;2;8;8;2
1;1;219117;1;3;2;;;;6;1;8;;6;;1;5;8;2
1;1;85663;1;1;1;;;;6;;7;6;5;;1;12;8;2
1;1;150297;1;3;1;;;;6;2;8;;6;;2;5;8;2
1;1;55378;1;3;1;;;;6;1;8;;6;;1;5;8;2
1;1;52527;1;1;1;;;;6;;11;1;6;;1;8;8;7
1;1;82461;1;3;2;;;;6;2;3;;;;1;2;8;2
1;1;95653;1;2;2;;;;5;;8;9;5;99;1;7;9;2
1;1;107348;1;2;2;;;;6;;11;2;3;2;1;9;8;2
1;1;97363;1;3;2;;;;6;;6;6;6;1;2;9;8;2
1;1;124030;1;10;1;;;;6;;8;3;1;;2;6;8;2
1;1;24550;1;1;1;;;;6;;5;3;5;;2;13;8;2
1;1;106521;1;1;1;;;;6;;12;1;5;;1;10;8;2
1;1;85467;1;1;1;;;;6;1;11;9;2;;1;11;9;2
1;1;10075;1;3;2;;;;4;1;6;;;;2;2;8;2
1;1;67417;1;3;1;;;;6;3;3;;;;1;2;9;2
1;1;142982;1;3;2;;;;6;1;11;;6;;2;6;8;2
1;1;123398;1;9;2;;;;6;;8;2;6;;1;13;8;2
1;1;12533;1;1;1;;;;6;;11;2;6;;1;9;8;2
1;1;47238;1;2;2;;;13;6;;11;;5;2;1;10;8;8
1;1;110653;1;3;1;;;;6;2;6;;;;2;2;8;2
1;1;216779;1;1;1;;;;6;;8;1;1;;2;6;8;2
1;1;187825;1;3;2;;;;6;2;6;;;;1;4;9;2
1;1;4007;1;3;2;;;;6;1;6;;;;1;4;8;2
1;1;164014;1;1;1;;;;6;;5;;3;;1;17;8;2
1;1;174233;1;1;2;;;;6;;11;2;6;99;1;13;8;2
1;1;238089;1;9;2;;;;5;1;8;;6;;1;5;8;2
1;1;91688;1;2;2;;;;7;;11;1;1;2;1;8;8;7
1;1;158084;1;3;1;;;;6;1;8;;6;;2;5;8;2
1;1;49225;1;1;2;;;;6;;11;2;6;1;1;8;5;2
1;1;60539;1;1;1;;;;6;;8;5;5;;1;10;8;2
1;1;223325;1;1;2;;;;6;;1;;5;1;2;16;8;2
1;1;163614;1;3;1;;;;6;;11;1;6;;1;7;8;7
1;1;199049;1;3;1;;;;6;1;11;;6;;1;6;8;2
1;1;206597;1;3;1;;;;6;1;6;;;;1;4;8;2
1;1;112548;1;1;1;;;;6;;8;1;5;;2;9;8;2
1;1;4836;1;1;1;;;;6;;5;9;3;;1;11;9;2
1;1;123674;1;3;1;;;;6;1;6;;;;2;3;8;2
1;1;193025;1;7;2;;;;6;;5;;4;5;1;20;7;2
1;1;152302;1;1;2;;;;6;;8;1;6;2;2;8;8;2
1;1;155;1;1;2;;;;6;;6;6;2;4;2;10;8;2
1;1;210562;2;2;2;;;;6;;11;2;1;;1;11;8;2
1;1;157266;1;1;1;;;;6;;8;1;5;;1;12;8;2
1;1;147942;1;2;2;;;;6;;5;;5;3;1;10;8;2
1;1;2180;1;3;1;;;;6;2;11;;6;;1;5;8;7
1;1;80334;1;3;2;;;;6;;8;;6;1;2;7;8;2
1;1;194491;1;3;2;;;;6;1;6;;;;1;3;8;2
1;1;147344;1;2;2;;;;6;;12;2;5;2;1;10;8;2
1;1;168083;1;1;2;;;;6;;6;6;6;3;2;16;8;2
1;1;58508;1;3;1;;;;1;1;6;;;;1;4;8;2
1;1;108194;1;1;1;;;;6;;11;;5;;1;20;8;2
1;1;113128;1;1;1;;;;6;;5;5;5;;1;14;8;2
1;1;131333;1;1;1;;;;6;;5;;6;;1;15;9;2
1;1;71759;1;6;2;;;;6;2;6;;;;1;3;8;2
1;1;44936;1;7;1;;;;6;;6;;4;;1;19;7;2
1;1;140277;1;3;2;;;;6;1;11;;6;;1;5;8;2
1;1;140691;1;2;2;;;;6;;5;1;1;;2;11;8;2
1;1;178327;1;3;2;;;;6;;6;;;;1;4;8;2
1;1;122095;1;2;1;;;;6;;12;2;1;;1;8;8;2
1;1;228679;1;1;2;;;;7;;1;;3;3;1;17;7;2
1;1;97952;1;2;2;;;;6;;7;;5;99;1;16;8;2
1;1;220475;2;3;2;;;;6;1;6;;;;2;4;8;2
1;1;38768;1;6;2;;;;6;1;6;;6;;2;4;8;2
1;1;226593;1;3;1;;;;6;1;2;;;;2;2;8;2
1;1;172608;1;2;2;;;;7;;10;;5;1;1;8;8;7
1;1;211141;1;2;2;;;;6;2;11;9;1;99;1;13;9;2
1;1;37136;1;6;1;;;;6;1;6;;;;2;3;8;2
1;1;215051;1;3;1;;;;6;;11;6;6;;1;10;8;2
1;1;85651;1;9;2;;;;6;2;6;;;;1;3;8;7
1;1;164085;1;2;2;;;;6;;5;;1;99;1;11;9;2
1;1;128032;1;3;1;;;;6;;5;1;6;;1;10;8;2
1;1;93452;1;1;2;;;;6;;7;1;6;4;1;11;8;2
1;1;188302;1;1;1;;;;6;;5;6;5;;2;9;8;2
1;1;50395;1;1;1;;;;6;;8;5;5;;1;11;8;2
1;1;205308;1;3;1;;;;6;1;6;;;;2;3;8;2
1;1;51331;1;7;2;;;;6;;11;;5;3;1;15;8;2
1;1;23520;1;3;2;;;;6;2;8;;6;;1;5;8;2
1;1;44265;1;3;1;;;;6;1;6;;6;;2;4;8;2
1;1;157206;1;2;2;;;;6;;10;1;5;2;1;9;8;2
1;1;208104;1;2;2;;;;6;;8;2;5;1;2;9;8;2
1;1;1685;1;1;1;;;;6;;8;6;1;;2;7;8;2
1;1;105859;1;3;1;;;;6;3;6;;;;1;3;8;2
1;1;114226;1;1;1;;;;6;;5;;5;;1;18;8;2
1;1;92269;1;1;1;;;;6;;12;2;5;;1;8;8;2
1;1;141376;1;2;2;;;;6;;11;;5;3;1;10;8;2
1;1;25265;1;2;2;;;;6;;11;6;5;2;1;9;8;2
1;1;213184;1;3;1;;;;6;2;6;;6;;1;4;8;2
1;1;193816;1;2;2;;;;6;;8;1;3;5;2;12;8;2
1;1;40315;1;1;1;;;;6;2;11;6;6;;2;6;8;2
1;1;227502;1;2;2;;;;6;;7;;1;7;1;13;8;2
1;1;2807;1;6;2;;;;6;1;6;;6;;2;4;8;2
1;1;7791;1;3;2;;;;6;;11;1;6;99;1;8;8;2
1;1;128949;1;3;1;;5;;6;1;2;;;;2;2;8;5
1;1;103398;1;2;2;;;13;6;;5;;5;6;2;13;7;6
1;1;123689;1;3;2;;;;6;;1;;;;1;2;8;2
1;1;120777;1;2;1;;;;6;;6;6;1;;2;6;8;2
1;1;230462;1;3;1;;;;6;;5;3;6;;2;7;8;2
1;1;115108;1;1;2;;;;6;;8;1;6;2;2;9;8;2
1;1;68868;1;3;2;;;;6;1;8;;6;;1;5;8;2
1;1;148687;1;9;2;;;;6;;11;1;6;;1;7;8;7
1;1;187238;1;3;1;;;;6;1;11;;6;;2;6;8;2
1;1;134101;1;9;1;;;;6;;8;1;1;;1;6;8;2
1;1;127443;1;1;2;;;;6;;1;6;5;2;1;10;8;2
1;1;126883;1;1;2;;;;6;;7;;4;1;1;16;5;7
1;1;167497;1;3;2;;;;4;1;3;;;;2;2;8;2
1;1;205887;1;3;1;;;;6;1;6;;;;2;4;8;2
1;1;107832;1;3;1;;;;6;;1;;;;1;2;9;2
1;1;222658;1;1;1;;;;6;;8;;5;;1;14;7;2
1;1;72882;1;2;2;;;;6;;8;1;5;1;1;8;8;2
1;1;156677;1;5;1;;;;6;;5;1;6;;2;8;8;2
1;1;238529;1;1;1;;;;6;;8;1;5;;1;15;8;2
1;1;24878;1;1;1;;;;6;;8;;1;;2;11;8;2
1;1;82537;1;3;1;;;;6;;7;1;6;;2;10;8;2
1;1;61629;1;1;2;;;;6;1;11;;6;99;1;7;9;2
1;1;121836;1;1;1;;;;6;1;11;6;6;;2;11;8;2
1;1;208942;1;1;2;;;;6;;1;;2;2;1;7;8;2
1;1;159600;1;3;1;;;;6;2;6;;;;2;3;8;2
1;1;124453;1;3;1;;;;6;1;11;;6;;1;6;8;2
1;1;157846;1;1;1;;;;6;;11;1;6;;1;11;8;7
1;1;94250;1;1;2;;;;6;;8;6;5;2;2;9;8;2
1;1;156325;1;2;2;;;;6;;11;6;5;;1;10;8;2
1;1;215062;1;3;1;;;;6;1;2;;;;2;2;8;2
1;1;164649;1;3;1;;;;6;;5;1;3;;2;10;8;2
1;1;152883;1;3;1;;;;6;2;11;1;6;;1;7;8;2
1;1;124508;1;9;1;;;;6;;5;;6;;1;15;8;2
1;1;160705;1;3;2;;;;6;1;6;;6;;1;4;8;2
1;1;157703;1;3;2;;;;6;;6;;;;1;4;9;2
1;1;127473;1;4;1;;;;6;1;6;;;;1;4;8;2
1;1;69094;1;2;2;;;;6;;11;;5;2;1;10;8;2
1;1;177065;1;2;2;;;;6;;11;1;5;2;1;9;8;2
1;1;109928;1;3;1;;;;6;1;11;;6;;2;5;8;2
1;1;96848;1;1;1;;;;6;;5;1;5;;1;11;8;2
1;1;38537;1;2;2;;;;6;;7;;5;2;2;8;8;2
1;1;225179;1;3;2;;;;6;1;8;;6;;2;5;8;2
1;1;167857;1;3;2;;;;7;2;11;;6;;1;6;8;7
1;1;9249;1;1;2;;;;6;;11;6;6;2;1;9;8;2
1;1;217858;1;1;1;;;;6;;8;6;5;;1;15;8;2
1;1;92398;1;3;1;;;;6;;11;6;6;;1;10;8;7
1;1;237383;1;1;2;;;;6;;8;6;5;3;2;12;8;2
1;1;159948;1;2;2;;;;6;;8;8;5;2;2;8;8;2
1;1;195568;1;1;1;;;;6;;11;2;5;;2;11;8;2
1;1;198300;1;3;1;;;;6;1;3;;;;1;2;8;2
1;1;138236;1;1;1;;;;6;;12;5;6;;1;7;8;2
1;1;183887;1;2;2;;;;6;;11;6;5;1;1;7;8;2
1;1;165036;1;3;2;;;;6;;5;3;3;1;2;11;8;2
1;1;137277;1;1;2;;;;6;;5;;4;4;2;19;5;2
1;1;235432;1;3;2;;;;6;1;8;;6;;1;4;8;2
1;1;183765;1;1;1;;;;6;;11;2;3;;1;10;8;2
1;1;22478;1;1;2;;;;7;;12;;1;;1;15;8;7
1;1;16396;1;3;1;;;;6;1;6;;;;1;3;8;2
1;1;39042;1;1;1;;;;6;;5;1;5;;2;8;8;2
1;1;165004;1;3;2;;;;6;1;8;;6;;1;5;8;2
1;1;36739;1;1;1;;;;6;;5;3;5;;2;16;7;2
1;1;101625;1;3;1;;;;6;1;6;;;;2;4;8;2
1;1;196002;1;1;2;;;;6;;7;;5;;2;11;8;2
1;1;108737;1;9;2;;;;6;;3;;6;1;1;8;7;2
1;1;126732;1;2;2;;;;6;;6;;6;1;2;5;8;2
1;1;126838;1;2;2;;;;7;;11;;5;2;1;11;8;7
1;1;237018;1;3;2;;;;6;;5;1;6;;1;11;8;2
1;1;153986;1;1;1;;;;6;;11;1;5;;1;12;8;7
1;1;73255;1;2;2;;;;6;;5;;5;9;1;19;8;2
1;1;16123;1;9;2;;;;6;;5;6;6;;2;9;8;2
1;1;30392;1;3;2;;;;6;2;6;;;;1;3;8;2
1;1;3924;1;2;2;;;;6;;11;1;5;3;2;14;8;2
1;1;164787;1;3;1;;;;6;1;8;;6;;2;5;8;2
1;1;94440;1;1;2;;;;6;;8;6;4;4;1;12;8;2
1;1;170227;1;9;1;;;;6;;8;;6;;2;5;8;2
1;1;206764;1;3;2;;;;6;1;8;;6;;2;5;8;2
1;1;216708;1;1;1;;;;6;;12;6;5;;1;8;8;7
1;1;24183;2;3;1;;;;6;;1;;;;2;1;8;
1;1;101946;1;2;2;;;;6;;8;;5;2;1;11;8;2
1;1;157838;1;1;2;;;;6;2;11;;6;;1;5;8;2
1;1;160745;1;3;1;;;;6;1;11;1;6;;1;6;8;2
1;1;73633;1;1;2;;;;6;;5;;3;3;2;11;8;2
1;1;212862;1;3;2;;;;6;2;11;;6;;2;6;8;2
1;1;225513;1;3;1;;;;6;;6;;6;;1;4;9;2
1;1;160829;1;1;1;;;;6;;5;1;5;;2;9;8;2
1;1;45013;1;9;1;;;;6;1;6;;6;;2;4;8;2
1;1;187377;1;3;1;;;;6;3;8;;6;;1;4;8;2
1;1;30526;1;1;2;;;;6;;11;1;2;3;2;9;8;7
1;1;130886;1;3;1;;;;6;;8;1;6;;1;6;8;2
1;1;85085;1;9;2;;;;6;;11;6;6;;1;7;8;2
1;1;72707;1;3;2;;;;6;2;11;;6;;2;6;8;2
1;1;5575;1;3;1;;;;6;1;6;;6;;2;4;8;2
1;1;214836;1;3;1;;;;6;;6;;6;;1;4;9;2
1;1;177745;1;3;2;;;;6;1;8;;6;;2;5;8;2
1;1;51845;1;3;2;;;;6;2;8;;6;;2;5;8;7
1;1;227337;1;3;2;;;;6;1;6;;;;1;3;8;2
1;1;93438;1;3;2;;;;6;;11;;5;1;1;12;8;2
1;1;103853;1;2;2;;;;6;;11;2;5;2;2;8;8;2
1;1;219448;1;3;2;;;;6;1;6;;;;2;3;8;2
1;1;140624;1;1;1;;;;6;;5;1;5;;1;8;8;2
1;1;229190;1;3;2;;;;6;;8;1;6;1;1;9;8;2
1;1;209348;1;1;2;;;;6;;7;6;3;3;1;12;8;2
1;1;104373;1;3;1;;;;6;1;6;;;;1;3;8;2
1;1;232608;1;1;2;;;;7;;5;;5;99;1;11;5;2
1;1;38829;1;1;2;;;;1;;1;8;5;7;2;14;8;2
1;1;17927;1;3;1;;;;6;2;11;;6;;1;7;8;2
1;1;119264;1;1;2;;;;6;;11;6;5;99;1;9;8;2
1;1;16457;1;1;1;;;;6;;8;1;1;;1;7;8;2
1;1;96633;1;5;1;;;;6;;8;1;1;;1;6;8;2
1;1;72693;1;1;1;;;;6;;11;6;5;;1;13;8;2
1;1;190512;1;2;2;;;;6;2;10;;1;1;1;6;8;2
1;1;194496;1;3;1;;;;6;2;6;;6;;1;4;8;7
1;1;191349;1;1;2;;;;6;2;11;9;3;99;1;13;9;2
1;1;130186;1;2;1;;;;6;;5;6;5;;2;13;8;2
1;1;237069;1;3;1;;;;6;1;6;;;;2;3;8;2
1;1;47529;1;3;2;;;;6;2;6;;;;1;3;9;2
1;1;66340;1;1;1;;;;6;;5;6;5;;1;10;8;2
1;1;100603;1;1;1;;;;6;;5;;2;;1;17;8;2
1;1;44095;1;4;1;;;;6;2;6;;6;;2;4;8;2
1;1;164955;1;3;1;;;;6;1;6;;6;;1;4;8;2
1;1;231167;1;2;1;;;;6;;5;1;5;;1;11;8;2
1;1;191852;1;2;2;;;;6;;11;6;5;3;1;11;8;2
1;1;117850;1;3;1;;;;6;;11;1;5;;1;8;8;7
1;1;5050;1;2;1;;;;6;;5;9;5;;1;10;9;2
1;1;189896;1;3;2;;;;6;2;11;1;6;;1;6;8;7
1;1;140625;1;3;1;;;;6;1;6;;6;;2;4;8;2
1;1;136581;1;2;2;;;;6;;5;6;1;1;1;10;8;2
1;1;131175;1;1;2;;;;6;;13;2;6;2;1;8;8;2
1;1;120523;1;1;1;;;;6;;5;3;5;;2;14;8;2
1;1;2885;1;9;2;;;;6;;11;;6;;1;10;8;2
1;1;114018;1;3;2;;;;6;1;11;1;6;;1;6;8;2
1;1;2144;1;1;1;;;;6;;10;2;6;;2;6;8;2
1;1;173955;1;1;2;;;;6;;8;6;6;1;2;11;8;2
1;1;102122;1;7;2;;;;6;;8;1;5;4;1;11;8;2
1;1;50705;1;3;1;;;;6;1;6;;;;2;4;8;2
1;1;166520;1;1;1;;;;6;;8;1;5;;1;8;8;2
1;1;37426;1;1;1;;;;6;;5;;5;;1;15;8;2
1;1;216521;1;1;2;;;;6;;5;1;1;4;2;10;8;2
1;1;213487;1;1;1;;;;6;;12;2;6;;1;9;8;2
1;1;167753;2;9;1;;;;6;;12;1;6;;1;8;8;2
1;1;134816;1;1;1;;;;6;;5;6;5;;1;12;8;2
1;1;240728;1;3;1;;;;6;2;6;;;;1;3;9;2
1;1;197067;1;3;1;;;;6;2;6;;6;;1;4;8;2
1;1;210892;1;1;2;;;;6;;8;;5;1;2;8;8;2
1;1;75967;1;3;2;;;;6;1;8;;6;;2;5;8;2
1;1;153193;1;3;2;;;;6;1;6;;6;;2;4;8;2
1;1;142918;1;2;2;;;;6;;11;1;5;3;1;9;8;2
1;1;62518;1;2;2;;;;6;;11;;1;99;1;11;8;2
1;1;164331;1;2;2;;;;6;;5;6;5;3;2;10;8;2
1;1;236141;1;2;2;;;;6;;12;5;5;3;1;12;8;2
1;1;150029;1;3;2;;;;6;2;3;;;;2;2;8;2
1;1;24680;1;3;1;;;;6;;8;1;6;;2;6;8;2
1;1;202267;1;1;1;;;;6;;1;;5;;2;15;1;2
1;1;117891;1;2;2;;;;6;;8;1;5;3;2;11;8;2
1;1;167932;1;7;2;;;;6;;5;;4;5;1;18;8;2
1;1;222612;1;1;2;;;;6;;7;;4;4;1;14;8;2
1;1;140620;1;1;2;;;;6;;5;;4;9;2;19;1;2
1;1;4286;1;3;2;;;;6;1;11;;6;99;2;5;9;2
1;1;171716;1;6;2;;;;6;;12;6;6;1;1;7;8;2
1;1;50431;1;3;2;;;;6;2;6;;6;;1;4;8;2
1;1;213808;1;3;2;;;;6;2;11;;6;;2;5;8;2
1;1;52411;1;3;1;;;;6;;7;;6;;1;7;8;2
1;1;220120;1;2;2;;;;7;;11;;5;3;1;11;8;7
1;1;93477;1;2;2;;;;6;;10;;1;99;1;14;8;2
1;1;25382;1;6;1;;;;6;1;3;;;;2;2;8;2
1;1;211321;1;1;2;;;;6;;12;2;6;1;1;13;8;2
1;1;237315;1;1;1;;;;7;2;11;1;6;;1;9;8;2
1;1;10536;2;1;2;;;;4;;5;6;4;2;2;15;8;2
1;1;43663;1;7;2;;;;6;;5;;4;8;2;19;7;2
1;1;165090;1;3;1;;;;6;3;6;;;;1;3;8;2
1;1;196453;1;4;1;;;;6;1;6;;;;2;3;8;2
1;1;186284;1;2;2;;;;6;;7;;6;2;2;8;5;2
1;1;39660;1;1;1;;;;7;;5;6;4;;2;17;8;2
1;1;218024;1;3;2;;;;6;1;6;;;;2;3;8;2
1;1;1563;1;1;2;;;;6;;12;2;3;1;2;13;5;2
1;1;22162;1;9;2;;;;6;;7;;6;;2;9;8;2
1;1;135388;1;3;2;;;;6;1;11;;6;;2;6;8;2
1;1;202253;2;3;1;;;;6;1;6;;;;2;4;8;2
1;1;169762;1;9;1;;;;6;;8;1;1;;1;6;8;2
1;1;26336;1;2;2;;;;6;;11;;5;3;1;15;8;2
1;1;45770;1;3;1;;;;6;1;6;;6;;1;4;8;2
1;1;211801;1;2;2;;;;6;;8;;5;3;1;16;8;2
1;1;189379;1;1;1;;;;6;2;11;9;1;;1;12;9;2
1;1;52589;1;2;2;;;;6;;11;;5;2;1;8;8;2
1;1;11625;1;3;2;;;;6;;7;1;6;;2;10;8;2
1;1;103383;1;9;2;;;;6;;11;;6;;1;16;5;2
1;1;169291;1;9;2;;;;5;;8;5;6;;1;6;8;2
1;1;149565;1;7;1;;;;6;;5;;5;;2;17;1;2
1;1;129354;1;1;2;;;;6;;5;;3;1;2;16;1;2
1;1;107264;2;1;2;;;;6;;7;1;4;2;1;10;8;2
1;1;175501;1;3;1;;;;1;;1;;;;2;2;8;2
1;1;31812;1;3;2;;;;6;1;6;;6;;2;5;8;2
1;1;134386;1;1;1;;;;6;;11;1;5;;2;12;8;7
1;1;76369;1;1;1;;;;6;;11;;5;;1;16;8;2
1;1;121494;1;2;2;;;;6;;6;3;5;3;2;10;8;2
1;1;236798;1;2;2;;;;6;;11;1;5;;2;7;8;7
1;1;11443;1;10;1;;;;6;;11;1;6;;1;7;8;2
1;1;83623;1;2;1;;;;6;;5;9;1;;1;13;9;2
1;1;63973;1;1;2;;;;6;;8;;5;2;1;13;8;2
1;1;83115;1;1;2;;;;6;;5;6;3;5;2;11;8;2
1;1;14628;1;1;1;;;;6;;8;9;5;;1;7;9;2
1;1;174206;1;2;2;;;;6;;12;1;5;2;2;9;8;7
1;1;184000;1;3;2;;;;6;1;8;;6;;2;4;8;2
1;1;185432;1;1;1;;;;6;;11;;1;;2;8;8;2
1;1;155212;1;3;2;;;;6;;8;;6;;2;5;8;2
1;1;11185;1;1;2;;;;6;;5;6;3;2;2;9;1;2
1;1;35951;1;2;2;;;;6;;7;;5;3;1;15;8;2
1;1;89183;1;2;2;;;;6;;11;2;5;2;1;12;8;2
1;1;183978;1;1;2;;;;6;;5;4;6;4;1;9;8;2
1;1;35769;1;6;2;;;;6;;1;;;;1;2;8;2
1;1;212462;1;3;1;;;;7;2;11;;6;;2;6;8;7
1;1;100129;1;2;2;;;;6;2;11;1;1;3;2;9;5;2
1;1;12145;1;3;1;;;;1;3;6;;;;2;3;8;2
1;1;24604;1;2;2;;;;6;;5;1;1;3;2;9;8;2
1;1;211082;1;1;1;;;;6;;11;5;5;;1;14;8;2
1;1;160180;1;3;1;;;;6;2;8;;6;;1;5;8;2
1;1;78826;1;1;1;;;;6;;5;6;5;;2;13;8;2
1;1;236382;1;3;2;;;;6;;11;5;6;;1;7;8;2
1;1;10124;2;2;2;;;;6;;9;1;1;2;1;9;8;2
1;1;22532;2;3;1;;;;6;;8;6;6;;2;6;8;2
1;1;8316;1;1;2;;;;6;;8;1;1;2;1;10;8;2
1;1;229450;1;3;1;;;;4;1;8;;6;;1;5;8;2
1;1;222222;1;3;2;;;;6;;8;1;6;;2;9;8;2
1;1;31281;1;1;1;;;;6;;12;1;5;;2;10;8;2
1;1;40476;1;1;2;;;;6;;5;;4;99;1;18;9;2
1;1;176273;1;2;2;;;;6;;5;;5;3;1;14;8;2
1;1;20662;1;1;2;;;;6;;11;1;6;99;1;10;8;2
1;1;98283;1;3;1;;;;6;;1;;;;2;2;8;2
1;1;197378;1;1;1;;;;6;;5;;5;;2;14;8;2
1;1;134238;1;1;2;;;;1;;8;6;6;1;1;5;8;2
1;1;95140;1;2;2;;;;6;;5;6;5;2;1;12;8;2
1;1;173511;1;3;2;;;;6;;5;4;6;;2;9;8;2
1;1;8749;1;2;2;;;;7;2;11;;6;;1;5;8;2
1;1;92576;1;3;2;;;;6;2;8;;6;;2;5;8;2
1;1;148389;1;2;2;;;;6;;8;;5;4;1;11;8;2
1;1;239285;1;3;2;;;;6;;6;;;;1;3;9;2
1;1;29337;1;3;2;;;13;1;2;9;;5;2;2;7;8;6
1;1;127095;1;3;1;;;;7;;11;1;6;;1;10;8;2
1;1;89442;1;3;2;;;;6;;10;1;3;1;1;10;8;2
1;1;12103;1;1;2;;;;6;;1;6;2;9;2;15;5;2
1;1;52950;1;1;2;;;;6;;5;;2;99;2;10;8;2
1;1;174561;1;1;1;;;;6;;5;5;5;;2;11;8;2
1;1;205501;1;1;1;;;;6;;11;1;5;;1;9;8;7
1;1;119495;1;1;2;;;;6;2;6;1;6;2;2;7;8;2
1;1;217699;1;1;2;;;;6;;5;6;5;99;1;11;5;2
1;1;99759;1;3;2;;;;6;1;8;;6;;1;5;8;2
1;1;50864;1;2;2;;;;6;;12;1;5;2;1;12;8;2
1;1;45032;1;3;2;;;;6;;8;;6;99;1;5;8;2
1;1;117213;1;3;1;;;;6;1;2;;;;2;2;8;2
1;1;123574;1;1;2;;;;6;;11;6;3;2;1;9;8;2
1;1;206441;1;2;2;;;;6;;7;1;5;4;1;13;8;2
1;1;69289;1;3;2;;;;6;1;6;;;;2;3;8;2
1;1;212135;1;2;2;;;;6;;11;2;5;;1;8;8;7
1;1;74906;1;1;1;;;;6;;8;5;6;;1;8;8;2
1;1;223304;1;9;1;;;;6;;11;1;5;;1;9;8;2
1;1;115814;1;1;1;;;;6;;5;;5;;1;11;8;2
1;1;87573;1;3;1;;;;6;1;6;;6;;2;5;8;2
1;1;42986;1;3;2;;;;6;2;3;;;;1;2;8;2
1;1;223118;1;3;2;;;;6;1;8;;6;;1;5;8;2
1;1;145942;1;3;2;;;;6;2;6;;;;1;3;8;2
1;1;210121;1;1;1;;;;6;;11;2;1;;1;9;8;2
1;1;228066;1;2;2;;;;6;;5;6;5;3;1;10;8;2
1;1;143957;1;3;1;;;;6;;8;1;6;;1;6;8;2
1;1;94464;1;3;1;;;;6;1;11;;6;;1;7;8;2
1;1;17623;1;2;2;;;;6;;8;1;5;3;2;10;8;2
1;1;30326;1;6;2;;;;6;;6;1;6;1;2;6;8;2
1;1;156070;1;1;1;;;;6;;7;;5;;1;14;8;2
1;1;211836;1;4;1;;;;6;2;8;;6;;2;5;8;2
1;1;91614;1;1;1;;;;6;1;11;;5;;2;14;8;2
1;1;36632;1;1;2;;;;6;;11;;5;1;1;8;8;2
1;1;135702;1;2;2;;;;6;;5;;5;6;2;16;7;2
1;1;155281;1;3;2;;;;6;1;11;;6;;2;5;8;2
1;1;65124;1;2;2;;;;6;3;11;9;1;99;1;9;9;2
1;1;162869;2;3;2;;;;6;3;6;;;;1;3;8;2
1;1;12196;1;3;1;;;;6;2;11;;6;;1;6;8;2
1;1;62133;1;3;2;;;;6;;1;;;;2;2;8;2
1;1;1540;1;2;1;;;;6;;5;1;1;;1;10;8;2
1;1;25069;1;6;2;;;;6;1;6;;;;2;3;8;2
1;1;147836;1;3;1;;;;6;;11;6;6;;2;7;8;2
1;1;231707;1;1;1;;;;6;;8;9;5;;1;8;9;2
1;1;126524;1;1;1;;;;6;;7;1;6;;1;9;8;2
1;1;110165;1;1;2;;;;6;;6;;6;1;2;7;8;2
1;1;165579;2;1;1;;;;6;1;11;;6;;1;6;8;2
1;1;141253;1;3;1;;;;6;2;6;;6;;1;4;5;2
1;1;57296;1;2;2;;;;6;;11;6;1;2;1;8;8;2
1;1;133248;1;3;1;;;;6;;8;6;6;;1;6;8;2
1;1;150361;1;3;2;;;;6;2;3;;;;1;2;8;2
1;1;110474;1;6;2;;;;6;1;11;1;6;1;1;6;8;7
1;1;228439;1;9;2;;;13;1;;8;6;6;;1;6;8;6
1;1;63028;1;3;2;;;;6;1;6;;;;2;3;8;2
1;1;86433;1;1;1;;;;6;;10;1;5;;2;11;8;2
1;1;18812;2;3;2;;;;6;1;6;;;;2;3;8;2
1;1;96973;1;3;2;;;;6;;10;6;6;;1;6;8;2
1;1;205013;1;3;2;;;;6;;11;1;6;;1;7;8;7
1;1;234919;1;1;1;;;;6;2;12;1;5;;1;10;8;7
1;1;116764;1;9;2;;;;6;;11;;3;;1;13;8;2
1;1;204263;1;2;2;;;;6;;5;6;5;3;1;11;8;2
1;1;40987;1;3;1;;;;6;;1;;;;1;3;9;2
1;1;227909;1;3;2;;;;6;2;6;;6;99;1;4;9;2
1;1;64345;1;1;1;;;;6;;8;6;1;;1;12;7;2
1;1;84237;1;4;1;;;;6;1;6;;;;1;3;8;2
1;1;54373;1;3;2;;;;6;1;6;;6;99;2;4;9;2
1;1;41939;1;3;1;;;;6;1;6;;6;;1;4;9;2
1;1;144657;1;1;1;;;;6;;8;1;1;;1;8;8;2
1;1;135698;1;1;2;;;;6;;5;;3;3;1;20;7;2
1;1;168270;1;4;1;;;;6;2;6;;;;1;4;8;2
1;1;43357;1;1;1;;;;6;;11;;4;;1;18;8;2
1;1;23852;1;6;2;;;;6;;1;;;;1;2;8;2
1;1;143032;1;2;2;;;;6;;5;;5;1;2;17;4;2
1;1;68658;1;3;2;;;;6;1;6;;6;;2;4;8;2
1;1;57808;1;2;2;;;;6;;5;;5;3;2;11;8;2
1;1;84308;1;9;1;;;;6;1;6;;;;1;4;8;2
1;1;186671;1;1;1;;;;6;;5;6;5;;2;16;8;2
1;1;69320;1;1;2;;;13;6;;1;;4;99;2;18;7;6
1;1;166970;1;1;2;;;;7;;7;;5;2;2;12;8;2
1;1;143271;1;3;1;;;;6;;8;6;6;;2;6;8;2
1;1;231398;1;3;1;;;;6;1;6;;;;2;3;8;2
1;1;215262;1;3;2;;;;6;1;8;;6;;2;5;8;2
1;1;145161;1;3;2;;;;6;;12;2;6;1;1;9;8;2
1;1;136564;1;3;2;;;;6;2;11;1;6;;1;6;8;2
1;1;186824;1;2;1;;;;6;;5;;5;;2;15;7;2
1;1;16559;1;3;1;;;;6;1;6;;6;;2;4;8;2
1;1;102223;1;3;1;;;;6;1;6;;6;;2;4;8;2
1;1;106813;1;1;1;;;;6;;11;2;5;;1;11;8;2
1;1;176537;1;3;2;;;;6;3;6;;;;1;3;8;2
1;1;89261;1;2;2;;;;6;;5;;5;2;1;14;8;2
1;1;201904;1;1;1;;;;6;;7;6;5;;1;11;8;2
1;1;22033;1;3;1;;;;6;1;6;;;;1;3;8;2
1;1;18011;1;1;1;;;;6;;11;1;1;;1;12;8;2
1;1;196913;1;3;2;;;;6;;11;2;6;;2;12;8;2
1;1;45038;1;1;2;;;;6;;11;2;6;99;1;7;5;3
1;1;57412;1;3;1;;;;6;;11;6;6;;2;8;8;2
1;1;122737;1;1;1;;;;6;;8;;5;;1;15;5;2
1;1;189406;1;6;2;;;;6;2;6;;;;1;3;8;2
1;1;22506;1;1;1;;;;6;;6;6;5;;1;11;8;2
1;1;82718;1;7;2;;;;6;;5;;5;4;1;14;8;2
1;1;43259;1;1;1;;;;6;;12;2;1;;1;10;9;2
1;1;206408;1;3;1;;;;6;1;6;;;;1;3;8;2
1;1;18521;1;3;1;;;;6;;8;;6;;1;6;8;2
1;1;146911;1;1;1;;;;6;;13;1;5;;1;15;8;7
1;1;229176;1;1;1;;;;6;;7;1;2;;1;9;8;2
1;1;45071;1;3;1;;;;6;1;3;;;;2;2;8;2
1;1;59240;1;3;2;;;;6;1;6;;;;2;3;9;2
1;1;107985;1;1;1;;;;6;;5;6;1;;2;9;8;2
1;1;203461;1;1;1;;;;6;;11;6;5;;1;12;8;2
1;1;10681;1;1;1;;;;6;;11;6;5;;1;13;8;2
1;1;63040;1;2;2;;;;6;;7;1;1;1;1;9;8;2
1;1;169741;1;9;2;;;;6;1;2;;;;1;2;8;2
1;1;121827;1;3;2;;;;6;;1;;;;1;1;8;
1;1;219454;1;1;1;;;;6;;11;;1;;1;15;8;2
1;1;84021;1;2;1;;;;6;;11;1;5;;1;10;8;2
1;1;164818;1;8;2;;;;6;;5;;4;8;1;15;1;2
1;1;79961;1;3;2;;;;6;;8;1;6;;1;10;8;2
1;1;103882;1;2;2;;;;6;;11;1;5;2;1;13;8;2
1;1;215088;1;3;1;;;;6;;5;1;6;;2;8;8;2
1;1;140810;1;2;2;;;;6;;7;6;5;5;1;12;8;2
1;1;102332;1;1;1;;;;6;;11;1;6;;2;8;8;2
1;1;115870;1;1;1;;;;6;;5;6;5;;2;16;4;2
1;1;122895;1;2;2;;;;6;;5;6;5;4;2;10;8;2
1;1;46127;1;3;1;;;;6;1;6;;;;1;4;8;2
1;1;108242;1;3;1;;;;6;1;3;;;;1;2;8;2
1;1;88133;1;1;1;;;;6;;11;5;5;;1;11;8;2
1;1;220007;1;9;2;;;;6;;1;;4;3;2;18;8;2
1;1;120959;1;3;2;;;;6;1;6;;;;2;4;8;2
1;1;167845;1;3;1;;;;6;1;3;;;;1;2;8;2
1;1;186472;1;1;2;;;;6;1;11;;1;99;2;10;9;2
1;1;3307;1;3;1;;;;6;1;11;;6;;2;5;8;2
1;1;219983;1;1;1;;;;6;;11;6;5;;1;13;8;2
1;1;63603;1;2;2;;;;6;;11;6;5;99;2;11;8;7
1;1;238262;1;1;1;;;;6;;7;;5;;2;18;8;2
1;1;187726;1;1;1;;;;6;;5;6;5;;2;12;8;2
1;1;5522;1;1;1;;;;6;;5;6;5;;2;13;8;2
1;1;107665;5;2;2;;;;6;;11;1;3;3;1;9;8;2
1;1;226151;0;12;1;;;;1;;1;;6;;2;9;8;2
1;1;150208;1;3;2;;;;7;3;6;;6;;1;4;8;3
1;1;165143;1;1;1;;;;6;;8;6;5;;1;9;8;2
1;1;213356;1;3;1;;;;6;1;11;;6;;2;5;8;2
1;1;237998;1;3;1;;;;6;;8;6;6;;1;5;8;2
1;1;32739;1;3;2;;;;6;;12;6;6;;1;13;8;2
1;1;155357;1;9;1;;;;6;2;12;1;6;;1;8;8;2
1;1;78627;1;3;1;;;;7;1;3;;;;1;2;8;2
1;1;47529;1;1;2;;;;6;2;11;;5;99;1;9;9;2
1;1;131242;1;9;2;;;;6;;8;;6;;1;7;8;2
1;1;153644;1;2;2;;;;6;;8;1;5;99;1;13;8;2
1;1;61908;1;3;2;;;;6;1;6;;;;1;4;8;2
1;1;77718;1;3;1;;;;6;;6;;6;;2;5;8;2
1;1;53711;1;3;1;;;;6;1;6;;;;1;3;8;2
1;1;90118;1;4;1;;;;6;2;11;;6;;1;6;8;2
1;1;102915;1;6;2;;;;1;2;6;;;;1;4;8;7
1;1;17492;1;1;1;;;;6;;5;6;5;;2;9;8;2
1;1;143921;1;3;1;;;;6;2;6;;;;1;3;8;2
1;1;191408;1;3;1;;;;6;;8;1;6;;2;5;6;2
1;1;162278;1;1;2;;;;6;1;6;;6;;1;4;8;2
1;1;30854;1;2;2;;;;6;;8;;5;5;1;13;8;2
1;1;96109;1;1;1;;;;6;;7;1;3;;1;12;8;2
1;1;234820;1;1;1;;;;6;;8;2;5;;1;10;8;2
1;1;89811;1;1;1;;;;6;;11;1;5;;2;9;8;2
1;1;192154;1;9;1;;;;6;1;11;;6;;1;6;8;2
1;1;170589;1;3;1;;;;6;;11;1;2;;1;8;8;2
1;1;233999;1;1;1;;;13;6;;6;6;5;;2;13;8;6
1;1;113404;1;1;1;;;;6;;8;1;5;;1;10;8;2
1;1;145777;1;2;1;;;;6;;5;;5;;1;15;9;2
1;1;17855;1;1;1;;;;6;;7;1;5;;1;14;8;2
1;1;134898;1;2;2;;;;6;;5;1;1;1;2;9;8;2
1;1;60438;1;3;2;;;;6;;5;;6;1;2;10;7;2
1;1;195102;1;2;2;;;;6;;1;;5;2;1;16;1;2
1;1;164453;1;1;2;;;;6;;6;6;6;2;1;8;8;2
1;1;195706;1;3;2;;;;6;1;6;;;;1;3;8;2
1;1;225174;1;2;2;;;;6;;8;;5;3;1;16;8;2
1;1;78931;1;1;1;;;;6;;8;1;6;;1;8;8;2
1;1;220253;1;1;1;;;;6;;12;2;5;;1;8;8;2
1;1;208656;1;3;2;;;;6;2;6;;;;1;3;9;2
1;1;14054;1;3;2;;;;6;;6;;6;99;2;4;9;2
1;1;238641;1;1;2;;;;6;;5;9;4;99;1;13;9;2
1;1;87864;1;3;1;;;;7;2;6;;6;;1;4;8;2
1;1;151095;1;3;1;;;;6;1;8;;6;;1;4;8;2
1;1;70348;1;3;2;;;;6;1;8;;6;99;2;5;8;2
1;1;217498;1;3;2;;;;6;2;6;;;;1;3;9;2
1;1;194169;1;3;2;;;;6;1;11;;6;;2;5;8;2
1;1;154271;1;1;1;;;;6;1;11;;6;;1;7;9;2
1;1;77916;1;1;2;;;;6;;11;6;6;;1;7;8;2
1;1;39475;1;2;2;;;;6;;5;;5;3;2;9;8;2
1;1;101853;1;2;2;;;;6;;10;1;6;3;1;12;8;2
1;1;228298;1;1;2;;;;6;;5;;4;3;1;7;8;2
1;1;67173;1;6;2;;;;6;;8;;6;;2;6;8;2
1;1;132500;1;2;2;;;;6;;11;6;5;2;2;12;8;2
1;1;206661;1;2;2;;;;6;;5;1;5;5;1;14;8;2
1;1;142552;1;1;1;;;;6;;5;;5;;2;17;8;2
1;1;92850;1;3;1;;;;6;1;3;;;;1;2;8;2
1;1;211235;1;1;2;;;;6;;11;1;1;;1;8;8;2
1;1;207874;1;1;1;;;;6;;5;6;5;;2;12;8;2
1;1;59473;1;3;1;;;;6;;8;1;5;;1;7;8;2
1;1;164517;1;2;1;;;;6;;8;9;1;;1;8;9;2
1;1;30135;1;3;2;;;;6;;1;;;;2;2;8;2
1;1;201418;1;2;2;;;;6;;8;;5;5;1;10;8;2
1;1;210635;1;1;1;;;;6;;11;2;5;;2;12;5;2
1;1;127657;1;1;1;;;;6;;11;6;4;;1;11;8;2
1;1;81564;1;1;1;;;;6;;11;6;5;;1;7;8;2
1;1;64706;1;1;1;;;;6;;5;1;5;;2;12;1;2
1;1;141974;1;2;2;;;;6;;5;4;1;2;1;9;8;2
1;1;1303;1;1;1;;;;6;;11;1;3;;1;12;8;2
1;1;222744;1;1;1;;;;6;;8;6;1;;1;6;8;2
1;1;147251;1;1;1;;;;6;;5;3;5;;2;12;8;2
1;1;198526;1;9;1;;;;6;;5;6;2;;2;14;8;2
1;1;53322;1;3;2;;;;7;1;6;;;;1;4;8;2
1;1;234286;1;3;1;;;;6;;8;;6;;2;5;8;2
1;1;187645;1;2;1;;;;6;;5;3;5;;2;13;8;2
1;1;234906;1;3;1;;;;6;2;6;;;;1;4;8;2
1;1;224423;1;1;1;;;;6;;5;;6;;2;14;7;2
1;1;149030;1;3;2;;;;6;;11;2;6;;1;6;8;2
1;1;78160;1;9;1;;;;6;1;6;;;;2;4;8;2
1;1;237989;1;7;2;;;;7;;11;;4;2;1;16;8;2
1;1;183639;1;3;1;;;;6;2;6;;6;;1;4;8;2
1;1;152928;1;8;2;;;;6;;5;;6;1;1;15;8;2
1;1;50619;1;3;1;;;;6;1;8;;6;;2;5;8;2
1;1;23521;1;3;1;;;;6;;11;1;3;;1;8;8;2
1;1;196062;1;2;2;;;;6;2;11;2;5;4;1;10;8;2
1;1;61925;1;3;2;;;;6;1;6;;6;;2;4;8;2
1;1;238112;1;1;2;;;;6;;11;1;3;2;1;14;8;2
1;1;57694;1;3;2;;;;6;2;8;;6;;1;5;8;7
1;1;35951;1;9;2;;;;6;;7;;6;1;1;11;8;2
1;1;177255;1;2;1;;;;6;;8;1;5;;1;8;8;2
1;1;216472;3;3;2;;;;7;1;6;;;;1;4;8;2
1;1;211126;1;3;2;;;;6;;8;1;2;0;2;6;8;2
1;1;29631;1;9;2;;;;6;;12;1;6;1;1;11;8;2
1;1;75874;1;1;1;;;;6;;1;;5;;1;16;1;2
1;1;74041;1;3;2;;;;6;;8;9;3;99;1;8;9;2
1;1;162064;1;1;2;;;;6;;7;;5;3;2;12;8;2
1;1;79682;1;2;2;;;;6;;6;;5;3;1;9;8;2
1;1;197837;1;3;2;;;;6;2;6;;;;1;3;9;2
1;1;108616;1;3;2;;;;6;;11;1;6;;2;6;8;7
1;1;103074;1;2;2;;;;6;;5;;5;3;1;12;8;2
1;1;46350;1;6;2;;;;6;2;11;;6;;1;7;8;7
1;1;44;1;1;2;;;;6;;5;;4;5;1;15;8;2
1;1;237489;1;2;2;;;;6;3;11;9;1;99;1;12;9;2
1;1;36370;1;7;2;;;;6;;11;;2;3;1;14;8;2
1;1;136844;1;1;1;;;;6;;11;2;5;;1;9;8;2
1;1;238185;1;3;1;;;;6;2;8;;6;;2;5;8;2
1;1;55996;1;3;1;;;;6;3;6;;;;1;3;5;2
1;1;88622;1;3;1;;;;6;1;11;6;6;;1;6;8;2
1;1;3783;1;3;2;;;;6;;1;;;;2;1;8;
1;1;185065;1;2;2;;;;6;2;11;;1;2;2;7;8;2
1;1;182178;1;1;2;;;;6;;11;6;4;1;1;12;8;2
1;1;115621;1;2;1;;;;6;1;8;;6;;2;5;8;2
1;1;22373;1;3;2;;;;6;1;6;;;;2;4;8;2
1;1;101992;1;3;2;;;;6;;1;;;;1;1;8;
1;1;91574;1;3;1;;;;7;2;11;1;6;;2;6;8;2
1;1;44008;1;1;1;;;;6;;12;2;5;;1;12;8;2
1;1;200945;1;1;2;;;;6;;5;;6;99;2;18;8;2
1;1;152774;1;3;1;;;;6;1;6;;;;1;3;8;7
1;1;22460;1;3;2;;;;6;1;8;;6;;2;5;8;2
1;1;202998;1;1;2;;;;6;;11;1;6;;1;7;8;7
1;1;9604;1;3;1;;;;6;2;6;;;;1;3;8;2
1;1;72451;1;3;1;;;;6;1;6;;6;;1;5;8;2
1;1;9043;1;1;1;;;;6;;11;2;5;;1;14;8;2
1;1;121143;1;2;2;;;;6;;7;;5;5;1;15;8;2
1;1;185049;1;3;2;;;;6;;11;;6;;1;7;5;2
1;1;212841;1;1;1;;;;6;;11;2;5;;1;10;8;2
1;1;71747;1;2;2;;;;6;;5;6;5;6;2;10;8;2
1;1;205420;1;1;1;;;;6;;7;;5;;1;15;8;2
1;1;2624;1;3;2;;;;6;3;6;;6;;2;4;8;2
1;1;148227;1;1;1;;;;6;;12;2;5;;1;11;8;2
1;1;74998;1;9;2;;;;6;;5;;4;5;1;18;8;2
1;1;198827;1;3;1;;;;6;1;6;;;;2;3;8;2
1;1;81680;1;2;2;;;;6;;5;3;5;6;2;15;8;2
1;1;148944;1;2;2;;;;6;;11;2;5;3;2;9;8;2
1;1;180807;1;3;2;;;;6;;11;1;2;99;1;9;8;2
1;1;193345;1;3;2;;;;6;2;6;;;;1;3;8;2
1;1;72034;1;1;1;;;;6;;7;1;1;;2;10;8;2
1;1;127943;1;1;1;;;;6;;11;1;5;;1;9;8;2
1;1;188646;1;3;2;;;;6;1;11;;6;;2;6;8;2
1;1;147751;1;1;2;;;;6;2;11;;6;99;1;6;8;2
1;1;186495;1;3;2;;;;6;;8;6;5;;2;11;8;2
1;1;168291;1;1;2;;;;6;;11;6;6;1;1;9;8;2
1;1;146608;1;1;2;;;;6;;11;2;4;2;1;9;8;2
1;1;39612;1;3;2;;;;6;3;6;;6;;2;4;8;2
1;1;205117;1;1;1;;;;6;;5;6;1;;2;8;8;2
1;1;86436;1;2;2;;;;7;;11;1;5;;1;12;8;2
1;1;226151;0;12;1;;;;1;;8;;6;;2;6;8;2
1;1;52893;1;2;2;;;;6;;8;;5;2;1;8;8;2
1;1;104467;1;1;2;;;;6;;12;1;2;2;2;8;8;2
1;1;234324;1;2;2;;;;6;1;11;;5;1;1;7;8;2
1;1;7095;1;3;2;;;;6;1;6;;;;2;3;9;2
1;1;3920;1;3;1;;;;6;2;11;;6;;1;8;8;2
1;1;64695;1;1;1;;;;6;;11;2;5;;1;9;1;2
1;1;65048;1;1;2;;;;6;1;6;9;2;99;1;14;9;2
1;1;129070;1;1;1;;;;6;;11;6;5;;1;11;8;2
1;1;130598;1;3;2;;;;6;;1;;;;1;1;8;
1;1;236234;1;1;2;;;;6;;8;6;6;2;1;12;8;2
1;1;63007;1;6;1;;;;6;;1;;;;1;1;8;
1;1;111614;1;1;1;;;;6;;11;1;5;;1;10;8;2
1;1;61312;1;3;1;;;;6;;8;1;1;;2;6;8;2
1;1;144158;1;3;1;;;;6;;11;1;6;;2;6;8;7
1;1;221044;1;3;1;;;;6;2;6;;;;1;3;8;2
1;1;138197;1;1;1;;;;6;;8;;5;;1;15;8;2
1;1;209301;1;3;1;;;;6;;7;1;6;;1;7;8;2
1;1;110048;1;3;1;;;;6;;8;;6;;1;5;8;2
1;1;227631;1;1;1;;;13;6;;1;;5;;2;17;8;6
1;1;194414;1;2;2;;;;6;2;11;9;5;99;1;11;9;2
1;1;95705;1;1;2;;;;6;;5;3;6;3;2;11;8;2
1;1;172725;1;3;1;;;;6;;8;4;6;;1;8;8;2
1;1;2466;1;3;1;;;;6;;7;1;6;;1;9;8;2
1;1;99224;1;1;1;;;;6;;7;6;5;;1;9;8;2
1;1;223013;1;1;2;;;;6;;11;1;6;;1;8;8;2
1;1;156471;1;3;1;;;;6;;8;1;2;;1;10;8;2
1;1;137981;1;6;2;;;;6;;1;;;;2;1;8;
1;1;74614;1;3;1;;;;6;;11;1;6;;1;7;8;7
1;1;47863;1;1;1;;;;6;;5;1;6;;2;10;8;2
1;1;103030;1;3;1;;;;6;2;6;;;;1;3;8;2
1;1;165383;1;3;2;;;;6;2;11;;6;;1;6;8;2
1;1;211934;1;3;2;;;;6;;1;;;;2;1;8;
1;1;165034;1;3;1;;;;6;2;10;2;6;;2;6;8;2
1;1;180844;1;3;1;;;;6;1;8;;6;;2;4;8;2
1;1;52129;1;3;2;;;;6;;8;;6;;2;5;8;2
1;1;185253;1;3;2;;;;1;2;8;;6;;2;5;8;2
1;1;25673;1;1;2;;;;6;;5;;3;5;1;13;8;2
1;1;171589;1;3;1;;;;6;2;10;;6;;1;5;8;2
1;1;94658;1;3;1;;;;6;2;11;;6;;1;5;8;2
1;1;30913;1;3;2;;;;6;;8;;6;1;1;7;8;2
1;1;206352;1;3;2;;;;6;1;6;;;;2;3;8;2
1;1;181728;1;2;2;;;;6;;8;6;5;4;1;12;8;2
1;1;228429;1;5;2;;;;6;1;8;;6;1;2;5;8;2
1;1;142900;1;3;1;;;;6;;6;1;6;;2;7;8;2
1;1;201003;1;3;1;;;;6;1;3;;;;1;2;8;2
1;1;158888;1;1;2;;;;6;;1;3;4;3;2;12;8;2
1;1;32649;1;2;2;;;;6;;5;;5;4;2;14;8;2
1;1;222386;1;3;1;;;;6;;11;2;6;;2;7;8;7
1;1;215266;1;1;1;;;;6;;5;1;5;;2;13;4;2
1;1;62630;1;6;1;;;;6;;11;1;6;;1;7;8;2
1;1;148122;1;3;1;;;;6;2;6;;;;1;2;8;2
1;1;166945;1;1;2;;;;6;;5;;3;5;1;18;8;2
1;1;81728;1;2;2;;;;6;2;11;9;1;99;1;9;9;2
1;1;241506;1;2;2;;;;6;;5;;5;99;2;16;8;2
1;1;61135;1;3;1;;;;6;1;6;;;;1;3;8;2
1;1;64901;1;9;1;;;;6;2;11;;6;;1;6;8;2
1;1;195431;1;2;2;;;;6;;8;;5;2;1;8;8;2
1;1;122405;1;6;2;;;;3;;1;;;;1;2;8;2
1;1;222845;1;6;1;;;;6;1;6;;6;;2;4;8;2
1;1;242338;1;9;1;;;;6;;5;6;6;;2;11;8;2
1;1;124489;1;1;1;;;;6;;8;9;5;;1;6;9;2
1;1;63401;1;1;1;;;;6;;10;5;2;;1;8;8;2
1;1;114138;1;2;2;;;;6;;8;;5;1;2;7;8;2
1;1;31484;1;1;2;;;;6;;7;6;3;2;1;11;8;2
1;1;179080;1;9;1;;;;6;;8;9;6;;1;7;9;2
1;1;82283;1;6;1;;;;4;;1;;;;1;1;8;
1;1;239038;1;1;1;;;;6;1;11;9;1;;1;9;9;2
1;1;176838;1;3;1;;;;6;;1;;;;2;1;8;
1;1;3742;1;6;1;;;;6;1;3;;;;2;2;8;2
1;1;150902;1;2;2;;;;6;;11;1;5;2;1;11;8;2
1;1;50453;1;1;1;;;;6;;5;6;5;;1;11;8;2
1;1;184969;1;3;2;;;;6;1;6;;;;1;4;8;2
1;1;31944;1;2;2;;;;7;;7;5;5;1;1;10;8;2
1;1;24524;1;1;1;;;;6;;5;3;5;;2;11;8;2
1;1;207320;1;2;1;;;13;1;;8;1;5;;2;8;8;6
1;1;222661;1;1;1;;;;6;;8;1;5;;2;8;8;2
1;1;149873;1;3;2;;;;6;1;6;;;;1;3;8;2
1;1;139098;1;2;2;;;;6;;8;6;5;3;1;12;8;2
1;1;4348;1;3;1;;;;6;;11;1;6;;1;8;8;7
1;1;73947;1;6;2;;;;6;1;6;;;;1;4;8;2
1;1;42434;1;1;1;;;;6;;12;2;3;;1;10;5;3
1;1;219022;1;3;1;;;;6;;11;4;6;;2;7;4;2
1;1;61363;1;2;2;;;;6;;5;6;1;3;2;9;5;2
1;1;146932;1;3;1;;;;6;1;6;;;;1;3;8;2
1;1;58710;1;1;1;;;;6;;11;5;3;;1;11;8;7
1;1;237023;1;1;2;;;;6;;11;1;6;1;1;9;8;2
1;1;85914;1;1;1;;;;6;;5;6;5;;1;13;8;2
1;1;186999;1;1;2;;;;5;;7;1;3;4;1;13;8;2
1;1;176356;1;3;2;;;;6;2;8;;6;;1;5;8;2
1;1;32713;1;3;2;;;;6;1;8;;6;;2;5;8;2
1;1;134462;1;1;2;;;;6;;5;;5;5;2;13;8;2
1;1;31703;1;3;1;;;;6;;11;;6;;2;6;8;2
1;1;91091;2;3;1;;;;6;2;6;;;;1;3;8;2
1;1;238971;1;3;2;;;;6;1;6;;;;1;4;8;2
1;1;2391;1;3;1;;;;6;1;11;;6;;2;5;8;2
1;1;44950;1;3;1;;;;6;2;6;;;;2;4;8;2
1;1;23933;1;3;1;;;;6;2;6;;6;;1;4;8;2
1;1;223041;1;2;2;;;;6;;5;;5;2;2;14;8;2
1;1;128781;1;1;2;;;;6;;1;;5;10;2;10;8;2
1;1;26376;1;9;2;;;;6;1;11;;6;;1;6;8;2
1;1;182352;1;3;1;;;;6;;8;;6;;1;7;8;2
1;1;221287;1;1;2;;;;6;2;11;5;3;3;1;12;8;2
1;1;26342;1;1;1;;;;6;;5;6;5;;2;11;8;2
1;1;52137;1;1;1;;;;6;;7;6;5;;2;13;8;2
1;1;227628;1;1;1;;;;6;;8;6;5;;1;9;8;2
1;1;23742;1;3;2;;;;6;2;11;1;6;;1;6;8;7
1;1;148004;1;9;2;;;;7;;12;;5;3;1;15;8;2
1;1;162657;1;2;1;;;;6;;12;6;5;;1;8;8;7
1;1;30586;1;2;2;;;;6;;8;;5;3;1;12;8;2
1;1;137584;1;3;2;;;;2;;1;;;;2;2;8;2
1;1;175538;1;1;2;;;;6;;5;;5;5;2;14;8;2
1;1;156684;1;1;1;;;;6;;5;6;5;;2;13;8;2
1;1;2320;1;3;2;;;;6;2;8;;6;;1;5;8;2
1;1;1591;1;1;1;;;;6;;7;2;5;;1;9;8;7
1;1;8333;1;3;1;;;;6;;11;6;6;;2;8;8;2
1;1;33199;1;1;1;;;;6;1;11;;6;;1;7;8;2
1;1;73351;1;1;2;;;;6;;8;1;6;1;1;10;8;2
1;1;88131;1;1;1;;;;6;;5;6;5;;2;11;8;2
1;1;61854;1;2;2;;;;6;;11;6;5;2;1;8;8;2
1;1;82815;1;2;2;;;;6;;8;1;5;99;2;7;8;2
1;1;205041;1;3;2;;;;6;3;6;;;;1;4;8;2
1;1;23368;1;6;2;;;;6;2;11;;6;;2;6;8;2
1;1;47431;1;2;2;;;;6;;11;1;5;1;2;13;8;2
1;1;92687;1;3;2;;;;6;;8;;1;;1;5;8;2
1;1;79329;1;1;2;;;;6;;11;6;5;3;1;13;8;2
1;1;1098;1;3;2;;;;6;2;10;;6;;1;5;8;2
1;1;210352;1;1;2;;;;6;;10;1;3;2;1;10;8;2
1;1;70363;1;3;1;;;;1;;8;3;6;;2;5;8;2
1;1;164991;1;2;2;;;;6;;1;6;5;6;1;16;7;2
1;1;168084;1;2;2;;;;6;;7;6;5;2;1;11;8;2
1;1;130641;1;9;1;;;;6;;7;1;6;;1;7;8;2
1;1;24656;1;3;2;;;;6;2;6;;6;;1;4;8;2
1;1;206896;1;1;1;;;;6;;11;1;5;;1;7;8;2
1;1;7313;1;1;2;;;;6;;5;;4;2;2;18;4;2
1;1;29970;1;1;1;;;;6;;8;9;6;;1;9;9;2
1;1;105478;1;1;1;;;;6;;8;1;5;;1;6;8;2
1;1;96877;1;3;1;;;;6;;1;;;;2;2;8;2
1;1;52516;1;3;2;;;;6;2;11;;6;;1;6;8;2
1;1;36010;1;3;2;;;;6;1;11;1;6;;1;6;8;2
1;1;57388;1;1;2;;;;6;;5;;4;8;1;12;4;2
1;1;79475;1;1;2;;;;6;;5;;5;13;2;17;1;2
1;1;195963;1;6;2;;5;;6;;1;;;;1;2;8;5
1;1;175499;1;6;2;;;;6;1;8;;6;;1;5;8;2
1;1;14912;1;1;1;;;;6;;5;1;1;;1;12;8;2
1;1;236388;1;1;1;;;13;1;;5;6;6;;1;10;1;6
1;1;110777;1;3;1;;;;6;;8;4;6;;1;7;8;2
1;1;212585;1;3;2;;;;6;1;11;;6;;2;6;8;2
1;1;231707;1;3;2;;;;6;;1;;;;1;3;9;2
1;1;83343;1;1;1;;;;6;;5;9;1;;1;10;9;2
1;1;157897;1;3;2;;;;6;;7;;6;;1;10;8;2
1;1;117100;1;2;2;;;;6;;8;;5;3;1;7;8;2
1;1;154164;1;2;2;;;;6;;8;6;5;2;1;13;8;2
1;1;50487;1;6;2;;;;6;1;8;;6;;1;5;8;2
1;1;148626;1;3;1;;;;6;2;11;;6;;1;6;8;2
1;1;1713;1;9;1;;;;6;;1;;;;1;2;8;2
1;1;9524;1;2;1;;;;6;1;8;;6;;1;4;8;2
1;1;8837;1;3;2;;;;6;1;6;;6;;2;4;8;2
1;1;103050;1;3;2;;;;6;1;8;;6;99;1;5;8;2
1;1;175027;1;3;2;;;;6;;8;;1;1;2;6;1;2
1;1;152970;1;3;1;;;;6;2;11;;6;;2;6;8;2
1;1;91232;2;1;2;;;;6;;5;;5;5;2;12;8;2
1;1;84437;1;1;2;;;;6;;1;;6;2;2;12;1;2
1;1;155556;1;1;1;;;;6;1;11;1;1;;2;7;9;2
1;1;80771;1;1;1;;;;6;;5;;4;;1;17;9;2
1;1;178912;1;1;2;;;;6;;5;;3;99;1;12;9;2
1;1;48;1;1;2;;;;6;;5;6;3;4;2;11;5;2
1;1;129811;1;9;2;;;;6;2;3;;;;1;2;8;2
1;1;182954;1;2;2;;;;6;;7;1;5;2;2;11;8;2
1;1;1722;1;2;1;;;;2;;8;6;1;;1;7;8;2
1;1;119686;1;1;1;;;;6;;5;1;5;;2;11;8;2
1;1;45686;1;1;1;;;;6;;11;2;5;;2;9;8;2
1;1;200461;1;6;2;;;;6;;1;;;;1;1;8;
1;1;166046;1;2;2;;;;6;;11;1;5;2;1;8;8;7
1;1;58658;1;2;2;;;;6;;7;1;1;3;1;13;8;2
1;1;94369;1;1;1;;;;6;;8;1;5;;1;8;8;2
1;1;209830;1;1;2;;;;6;;11;2;5;3;1;13;8;2
1;1;222302;1;6;1;;;;6;1;8;;6;;2;5;8;2
1;1;20620;1;1;2;;;;6;1;11;9;5;99;1;13;9;2
1;1;16478;1;3;2;;;;6;1;11;;6;;1;5;8;2
1;1;200621;1;3;1;;;;6;2;6;;;;1;4;8;2
1;1;960;1;9;1;;;;6;;7;1;6;;1;9;8;2
1;1;212929;1;3;2;;;;6;2;11;1;6;;1;6;5;2
1;1;137112;1;6;1;;;;6;1;6;;;;2;4;8;2
1;1;11766;1;1;2;;;;6;;11;4;6;1;1;6;8;2
1;1;235195;1;3;2;;;;6;1;6;;;;1;3;8;2
1;1;50791;1;1;1;;;;6;;5;1;5;;2;10;8;2
1;1;216734;1;2;2;;;;6;;11;;5;1;1;12;8;2
1;1;70822;1;2;2;;;;6;;8;1;5;2;2;6;8;2
1;1;82593;1;3;2;;;;6;2;8;;6;99;2;5;8;7
1;1;100621;1;2;2;;;;6;;5;;5;3;1;11;1;2
1;1;130090;1;2;1;;;;6;;5;1;6;;1;11;8;2
1;1;211565;1;3;1;;;;6;;12;2;6;;1;7;8;2
1;1;93774;1;3;2;;;;6;2;11;;6;;2;7;8;2
1;1;199001;1;9;1;;;;6;1;6;;;;2;3;8;2
1;1;147604;1;2;2;;;;6;;5;6;5;1;2;9;8;2
1;1;11989;1;1;2;;;;6;;6;8;4;3;1;15;8;2
1;1;16607;1;9;2;;;;6;;7;;6;;1;18;8;2
1;1;211057;1;2;2;;;;6;;8;;1;99;2;6;8;2
1;1;58149;1;2;2;;;;6;;8;5;5;3;2;12;8;2
1;1;42189;1;2;2;;;;6;;5;;5;99;2;8;8;2
1;1;63320;1;3;2;;;;6;;11;2;6;;2;8;8;2
1;1;212566;1;2;2;;;;6;;11;1;5;2;1;11;8;2
1;1;137934;1;3;1;;;;6;;8;8;6;;2;5;8;2
1;1;165380;1;3;2;;;;6;;1;;;;1;1;8;
1;1;223682;1;2;1;;;;6;;5;9;5;;1;19;9;2
1;1;167485;1;1;1;;;;7;;12;1;6;;1;10;8;2
1;1;109331;1;2;2;;;;6;;8;1;3;3;2;11;8;2
1;1;104841;1;3;1;;;;6;;8;;6;;1;7;9;2
1;1;180041;1;3;1;;;;6;1;6;;;;1;2;8;2
1;1;203274;1;3;1;;;;6;1;11;9;1;;2;10;9;2
1;1;89048;1;3;2;4;;;6;;11;1;6;;1;7;8;9
1;1;35682;1;1;1;;;;6;;5;6;5;;2;13;8;2
1;1;67767;1;1;1;;;;6;;11;1;5;;1;10;8;2
1;1;114589;1;2;2;;;;6;;5;;5;5;2;10;8;2
1;1;206349;1;2;2;;;;6;;5;;5;4;2;16;8;2
1;1;137577;1;1;1;;;;6;;5;6;5;;1;12;8;2
1;1;165447;1;1;1;;;;6;;5;5;5;;1;10;8;2
1;1;150316;1;2;2;;;;6;;11;;5;2;1;15;1;2
1;1;30957;1;3;1;;;;6;1;6;;;;2;4;8;2
1;1;15376;1;1;2;;;;6;4;6;8;6;4;1;9;8;2
1;1;189176;1;1;2;;;;6;1;11;;6;;1;7;8;2
1;1;196739;1;1;1;;;;6;;11;1;5;;2;10;8;2
1;1;8703;1;2;1;;;;6;;5;6;5;;2;14;8;2
1;1;206743;1;6;2;;;;6;1;6;;;;2;4;8;2
1;1;183330;1;1;1;;;;6;;5;3;5;;2;13;4;2
1;1;218193;1;6;2;;;;6;3;6;;;;1;3;8;2
1;1;132934;1;3;2;;;;6;1;6;;;;1;3;8;2
1;1;194805;1;1;1;;;;6;;8;1;2;;2;9;8;2
1;1;68533;1;7;2;;;;6;;7;;2;4;1;14;5;2
1;1;100638;1;3;2;;;;6;1;6;;;;1;4;8;2
1;1;25658;1;2;2;;;;6;;5;;5;4;1;12;8;2
1;1;151700;1;3;1;;;;6;1;6;;6;;1;4;7;2
1;1;77981;1;3;2;;;;6;2;11;;6;;1;6;8;7
1;1;156645;1;3;1;;;;6;;8;3;6;;2;9;8;2
1;1;163070;1;2;2;;;;6;;8;;5;2;1;10;8;2
1;1;137228;1;4;2;;;;6;2;6;;6;;1;4;8;2
1;1;219762;1;3;1;;;;6;2;6;;;;1;3;8;2
1;1;193238;1;1;1;;;;6;;12;6;5;;1;14;4;2
1;1;198975;1;6;1;;;;6;3;6;;;;1;3;8;2
1;1;30839;1;5;1;;;;6;;8;1;5;;2;10;8;2
1;1;207875;1;3;1;;;;6;;8;1;6;;1;7;8;2
1;1;186111;1;2;2;;;;6;;11;5;1;2;1;8;8;7
1;1;230523;1;3;1;;;;6;1;6;;;;1;3;8;2
1;1;212336;1;3;1;;;;6;;8;1;6;;2;6;8;2
1;1;154008;1;6;2;;;;6;;1;;;;2;1;9;
1;1;153717;1;1;1;;;;6;;7;1;6;;1;7;8;2
1;1;83037;1;3;1;;;;6;;5;1;6;;2;8;4;2
1;1;225242;1;1;2;;;;6;;4;;4;;2;14;8;2
1;1;73354;1;5;2;;;;6;;7;1;1;1;2;7;8;2
1;1;84891;1;2;2;;;;1;;5;;5;2;2;10;8;2
1;1;113499;1;9;1;;;;6;;7;1;3;;1;9;8;2
1;1;189581;1;1;2;;;;4;;8;1;3;3;1;11;8;2
1;1;194370;1;3;1;;;;6;2;11;1;6;;2;7;8;2
1;1;100244;1;3;2;;;;6;;8;;6;1;1;5;8;2
1;1;51922;1;3;1;;;;6;1;6;;6;;1;4;8;2
1;1;52967;1;3;2;;;;6;;8;;6;;2;5;8;2
1;1;174580;1;1;1;;;;6;;7;7;1;;2;11;8;2
1;1;175688;1;1;2;;;;6;;5;;6;99;2;9;1;2
1;1;146872;1;3;1;;;;6;;11;;6;;1;7;8;2
1;1;170352;1;1;1;;;;6;;8;;5;;1;11;8;2
1;1;154351;1;3;1;;;;6;;11;1;6;;1;6;8;2
1;1;238151;1;1;1;;;19;1;;8;9;5;;2;7;9;1
1;1;120955;1;3;1;;;;6;1;3;;;;1;2;8;2
1;1;59669;1;2;2;;;;6;;11;;5;;1;14;8;2
1;1;51482;1;3;1;;;;6;;1;;;;2;2;8;2
1;1;53023;1;3;1;;;;6;2;11;;6;;1;6;8;7
1;1;80345;1;6;1;;;;6;1;6;;;;2;3;8;2
1;1;206478;1;1;1;;;;6;;5;;5;;1;17;8;2
1;1;60344;1;3;2;;;;6;2;3;;;;1;2;8;2
1;1;236858;1;3;1;;;;6;;11;1;6;;1;7;8;2
1;1;30255;1;2;2;;;;6;;5;;5;6;2;10;8;2
1;1;91286;1;2;2;;;;6;;12;1;5;2;1;9;8;2
1;1;10740;1;3;1;;;;6;;8;;6;;2;6;8;2
1;1;215619;1;9;2;;;;6;;11;6;2;2;1;8;8;2
1;1;90045;1;1;1;;;;6;;5;;4;;1;8;8;2
1;1;206067;1;9;2;;;;6;;5;;6;1;2;8;8;2
1;1;47657;1;3;2;;;;6;1;8;;6;;1;5;8;2
1;1;1433;1;3;1;;;;6;1;6;;;;2;3;8;2
1;1;179943;1;1;2;;;;6;;7;6;6;;1;7;8;2
1;1;208378;1;9;2;;;;6;2;11;;6;;2;6;8;2
1;1;152687;1;3;2;;;;6;2;11;4;6;;1;6;8;2
1;1;43015;1;3;1;;5;;6;;1;;;;1;2;8;5
1;1;211477;1;3;2;;;;6;;11;2;6;;1;7;8;2
1;1;198489;1;3;1;;;;6;2;11;2;6;;2;7;6;2
1;1;6880;1;1;1;;;;6;;11;;5;;1;19;8;2
1;1;96847;1;9;1;;;;6;4;8;;6;;1;5;8;2
1;1;190776;1;3;2;;;;6;;11;1;5;2;2;8;8;2
1;1;228428;1;1;1;;;;6;;11;1;5;;2;12;8;2
1;1;128729;2;2;2;;;;6;;8;1;1;3;2;8;8;2
1;1;119141;1;2;2;;;;6;;7;1;5;2;1;10;8;2
1;1;156250;1;1;1;;;;6;;12;1;5;;2;10;8;7
1;1;189585;1;2;1;;;;6;;8;6;1;;1;8;8;2
1;1;235338;1;1;1;;;;6;;8;2;5;;1;9;8;2
1;1;164321;1;3;1;;;;6;1;8;1;4;;2;8;8;2
1;1;192331;1;3;1;;;;6;3;6;;;;1;3;8;2
1;1;39508;1;2;2;;;;6;;11;6;5;3;1;13;8;2
1;1;175884;1;1;2;;;;6;;7;6;6;2;1;9;8;2
1;1;51861;1;3;2;;;;6;1;6;;;;2;4;8;2
1;1;153093;1;3;2;;;;6;2;6;;6;;1;4;8;2
1;1;210824;1;3;2;;;;6;2;3;;;;2;2;8;2
1;1;47616;1;1;2;;;;1;;5;;4;5;2;15;8;2
1;1;7512;1;2;1;;;;6;;5;3;1;;1;13;8;2
1;1;62400;1;3;1;;;;6;1;6;;;;1;3;8;2
1;1;237532;1;9;2;;;;6;;11;2;6;;1;13;8;2
1;1;16331;1;3;1;;;;6;1;6;;;;2;4;8;2
1;1;32592;1;2;2;;;;6;;5;;5;3;1;15;8;2
1;1;238035;1;3;2;;;;6;;11;1;6;;1;7;8;2
1;1;67815;1;1;1;;;;6;;8;1;5;;2;7;8;2
1;1;174369;1;2;2;;;;6;;8;;5;6;1;17;8;2
1;1;67941;1;1;1;;;;6;;11;6;5;;1;13;8;7
1;1;9008;1;6;2;;;;6;2;6;;;;2;4;9;2
1;1;51226;1;1;1;;;;6;;5;1;5;;1;15;8;2
1;1;61782;1;1;2;;;;6;;5;;1;5;2;10;8;2
1;1;209054;1;1;1;;;;6;;11;;5;;1;17;8;2
1;1;172667;1;3;1;;;;6;1;11;;6;;1;6;8;2
1;1;99512;1;3;1;;;;6;1;3;;;;2;2;8;2
1;1;50445;1;1;1;;;;6;;5;;5;;2;14;8;2
1;1;166068;1;1;1;;;;6;;8;1;6;;1;6;8;2
1;1;44969;1;3;2;;;;6;2;11;;6;;1;5;8;2
1;1;25667;1;6;2;;;;6;;1;;;;1;2;8;2
1;1;143847;1;3;1;;;;6;1;3;;;;1;2;8;2
1;1;72615;1;3;1;;5;;6;;1;;;;2;2;8;5
1;1;229544;1;1;1;;;;6;;11;;5;;2;16;1;7
1;1;109288;1;2;2;;;;1;;5;;1;2;1;8;8;2
1;1;213124;1;1;1;;;;6;;12;2;1;;1;13;8;2
1;1;184066;1;1;1;;;;6;;8;1;5;;1;7;8;2
1;1;164166;1;3;1;;;;6;;1;;;;2;2;8;2
1;1;18407;1;3;1;;;;6;1;8;;6;;2;5;8;2
1;1;192534;1;3;1;;;;6;2;6;;6;;2;4;8;2
1;1;153470;1;2;1;;;;6;;8;;5;;1;9;8;2
1;1;26508;1;2;1;;;;6;;5;1;1;;1;11;8;2
1;1;67795;1;1;2;;;;6;;5;;6;3;1;11;8;2
1;1;211294;1;3;2;;;;6;1;11;;6;1;1;6;5;2
1;1;170112;1;1;1;;;;6;;8;3;5;;1;10;8;2
1;1;148599;1;1;1;;;;6;;7;;5;;1;13;8;2
1;1;5801;1;2;1;;;;6;;5;9;1;;1;11;9;2
1;1;88481;1;3;2;;;;6;2;6;;;;2;3;8;2
1;1;226151;0;12;1;;;;4;1;6;6;1;;2;7;8;2
1;1;56300;1;5;2;;;;6;;8;;5;2;1;6;8;2
1;1;167752;2;2;2;;;;6;;5;6;5;4;1;13;8;2
1;1;31296;1;1;2;;;;7;;7;;5;2;1;16;8;7
1;1;82217;1;4;2;;;;6;;11;;6;1;1;7;6;2
1;1;174313;1;3;2;;;;6;;8;6;6;1;2;7;8;2
1;1;108275;1;1;1;;;;6;;11;2;5;;1;10;8;2
1;1;59741;1;2;2;;;;6;;1;;5;3;1;15;8;2
1;1;229803;1;6;1;;;;6;2;6;;;;2;3;8;2
1;1;209560;1;3;2;;;;6;;8;;6;;2;5;8;2
1;1;132440;1;3;2;;;;6;;8;;6;;1;8;8;2
1;1;179522;1;1;1;;;;6;;5;3;5;;2;13;8;2
1;1;100995;1;9;1;;;;6;1;8;;6;;2;5;8;2
1;1;191784;1;3;2;;;;6;;7;1;3;1;1;7;5;2
1;1;139469;1;3;1;;;;6;1;6;;;;2;3;8;2
1;1;30619;1;2;2;;;;6;;7;;5;2;2;9;8;2
1;1;200366;1;1;2;;;;6;;12;2;2;4;1;10;8;2
1;1;200531;1;1;1;;;;6;;5;2;5;;1;15;8;2
1;1;175305;1;2;2;;;;6;;8;6;5;2;1;8;8;2
1;1;179559;1;2;2;;;;6;;7;6;5;3;1;11;8;2
1;1;227082;1;6;1;;;;6;2;6;;;;1;4;8;2
1;1;222778;1;1;1;;;;6;;8;1;5;;2;8;8;2
1;1;98061;1;1;2;;;;6;;7;;6;99;2;10;1;2
1;1;207871;1;1;1;;;13;1;;6;;1;;1;6;8;6
1;1;145631;1;1;1;;;;6;;11;1;6;;1;8;8;2
1;1;17693;1;2;2;;;;6;;8;6;5;99;1;12;8;2
1;1;87686;1;1;1;;;;6;;7;6;5;;2;12;8;2
1;1;69626;1;6;2;;;;6;;1;;;;2;2;8;2
1;1;163704;1;2;2;;;;6;;5;6;5;7;1;11;8;2
1;1;70769;1;3;1;;;;6;;8;6;6;;2;6;8;2
1;1;92613;1;3;1;;;;6;1;11;;6;;1;6;8;2
1;1;56742;1;1;1;;;;6;;11;6;5;;1;13;8;2
1;1;148689;1;8;2;;;;6;;11;;3;0;1;18;8;2
1;1;61764;1;3;1;;;;6;2;6;;;;1;3;8;2
1;1;53178;1;3;1;;;;6;;8;1;6;;2;9;8;2
1;1;218096;1;2;2;;;;6;;6;;5;5;2;13;8;2
1;1;2364;1;3;2;;;;6;;8;5;3;1;2;13;8;2
1;1;61557;1;2;2;;;;6;;9;;5;99;1;12;8;2
1;1;105777;1;3;1;;;;6;3;6;;;;2;4;8;2
1;1;82950;1;3;2;;;;6;;8;;6;;2;6;8;2
1;1;39685;1;1;1;;;;6;;7;1;5;;1;11;8;2
1;1;106167;1;1;1;;;;6;;8;1;5;;1;12;8;7
1;1;3389;1;6;2;;;;6;1;8;;6;;2;4;8;2
1;1;93760;1;2;1;;;;6;;5;6;5;;2;14;8;2
1;1;80008;1;2;2;;;;6;;8;6;5;2;1;8;8;2
1;1;178978;1;2;2;;;;6;;5;4;5;2;1;13;8;2
1;1;19371;1;3;2;;;;6;1;6;;;;2;3;8;2
1;1;186530;1;4;1;;;;6;1;6;;6;;2;4;8;2
1;1;232949;1;2;2;;;;6;;8;1;5;99;2;7;8;2
1;1;154803;1;2;1;;;;6;1;11;;5;;2;11;8;2
1;1;194614;1;2;2;;;;7;;11;1;5;1;1;12;8;7
1;1;168802;1;3;1;;;;6;;8;;6;;2;5;1;2
1;1;217028;1;1;1;;;;6;;11;1;6;;1;9;8;7
1;1;147072;1;3;2;;;;6;1;6;;;;2;3;8;2
1;1;150790;1;1;1;;;;6;;8;1;6;;1;9;8;2
1;1;231445;1;3;1;;;;6;1;11;;6;;1;5;8;2
1;1;208482;1;3;2;;;;6;;8;;6;;1;5;8;2
1;1;159495;1;6;1;;;;6;3;6;;6;;1;4;8;2
1;1;95827;1;2;2;;;;6;;5;3;5;2;2;14;8;2
1;1;26076;1;3;1;;;;6;;6;;6;;2;5;8;2
1;1;79889;1;2;2;;;;6;;8;6;5;2;1;11;8;2
1;1;218370;1;1;1;;;;6;;11;;6;;1;13;7;2
1;1;146176;1;3;2;;;;6;2;8;;6;;1;5;8;2
1;1;205389;1;3;2;;;;6;2;11;;6;;1;6;8;7
1;1;209859;1;2;2;;;;6;;12;2;5;2;1;14;8;2
1;1;212217;1;1;1;;;;6;;11;2;5;;2;12;8;2
1;1;212959;1;1;2;;;;6;;8;1;1;1;2;5;8;2
1;1;227938;1;3;2;;;;6;;5;4;6;;2;9;8;2
1;1;164416;1;3;1;;;;6;1;11;;6;;1;5;8;7
1;1;57563;1;3;2;;;;6;1;8;;6;;2;5;8;2
1;1;214656;1;2;2;;;;6;;11;;5;3;1;15;8;2
1;1;170578;1;1;1;;;;6;;11;6;1;;1;9;8;2
1;1;218149;1;2;2;;;;6;;11;1;5;;1;7;8;7
1;1;187896;1;2;2;;;;6;;8;1;1;2;2;8;8;2
1;1;141347;1;3;2;;;;6;1;6;;;;1;3;8;2
1;1;125184;1;6;2;;;;6;2;8;;6;;1;5;8;2
1;1;1632;1;1;1;;;;6;;8;5;5;;1;9;8;2
1;1;164320;1;6;1;;;;6;1;6;;6;;2;4;8;2
1;1;76057;1;3;1;;;;6;1;11;9;6;;1;10;9;2
1;1;36194;1;1;1;;;;6;;6;3;1;;2;8;8;2
1;1;115144;1;1;1;;;;6;2;11;;5;;1;11;9;2
1;1;138804;1;1;1;;;;6;2;11;1;1;;1;7;8;2
1;1;201301;1;1;1;;;;6;;8;6;5;;1;12;8;2
1;1;194568;1;3;2;;;;6;1;8;;6;;1;5;8;2
1;1;201383;1;9;2;;;;6;;5;1;6;2;1;10;8;2
1;1;143955;1;3;2;;;;6;1;11;;6;;1;6;8;2
1;1;38107;1;3;1;;;;6;1;11;;6;;2;5;8;2
1;1;183175;1;3;2;;;;6;1;6;;6;;1;4;8;2
1;1;226657;1;1;1;;;;6;1;12;6;5;;1;12;8;2
1;1;44497;1;2;2;;;;6;;11;1;5;;1;10;8;7
1;1;197521;1;3;2;;;;6;1;3;;;;2;2;8;2
1;1;186758;1;3;1;;;;6;;5;3;6;;1;9;8;2
1;1;58415;1;3;2;;;;6;1;8;;6;;2;5;8;2
1;1;134736;1;3;1;;;;6;1;6;;;;2;4;8;2
1;1;19100;1;1;1;;;;1;;5;6;5;;1;15;8;2
1;1;101625;1;1;1;;;;6;;5;1;5;;2;8;8;2
1;1;211519;1;3;2;;;;6;;11;;6;2;1;8;8;2
1;1;9225;1;1;1;;;;6;;12;6;3;;1;12;8;2
1;1;96459;1;2;2;;;;6;;5;;5;99;1;10;9;2
1;1;91982;1;3;1;;;;6;2;11;1;6;;1;6;8;7
1;1;95771;1;1;1;;;;6;;11;7;5;;1;14;8;2
1;1;155628;1;2;2;;;;6;;5;;1;99;1;14;9;2
1;1;157064;1;3;1;;;;6;1;6;;;;2;3;8;2
1;1;152903;1;3;1;;;;1;1;6;;;;1;3;8;2
1;1;192367;1;3;1;;;;6;;11;1;6;;2;8;8;2
1;1;88651;1;1;2;;;;6;;8;6;3;2;1;11;8;2
1;1;195150;1;6;1;;;;6;;8;;6;;1;6;8;2
1;1;32917;1;3;1;;;;6;;8;1;1;;1;6;8;2
1;1;45053;1;3;2;;;;6;1;8;;6;;2;5;8;2
1;1;183915;1;3;1;;;;6;;8;;6;;2;5;8;2
1;1;56955;1;3;2;;;;6;2;6;;;;1;3;8;2
1;1;134400;1;3;2;;;;6;;8;;1;1;1;7;8;2
1;1;143799;1;3;1;;;;6;2;11;1;6;;1;5;8;2
1;1;89356;1;1;1;;;;6;;11;6;5;;1;13;8;2
1;1;128208;1;1;2;;;;6;;7;;5;5;2;14;8;2
1;1;119094;1;6;1;;;;7;1;8;;6;;1;5;8;2
1;1;91792;1;3;1;;;;6;2;11;1;6;;1;6;8;2
1;1;109511;1;3;2;;;;6;;11;2;5;2;1;9;8;2
1;1;85234;1;3;2;;;;6;;6;;6;2;2;8;8;2
1;1;236737;2;5;2;;;;6;;7;1;1;;2;7;8;2
1;1;43814;1;1;2;;;;6;;8;1;3;3;1;11;8;2
1;1;211298;1;1;1;;;;6;;12;1;3;;1;11;8;2
1;1;147689;1;1;1;;;;6;;11;1;5;;1;9;8;2
1;1;201027;1;1;2;;;;6;;8;6;3;2;2;13;8;2
1;1;69110;1;3;1;;;;6;2;6;;6;;1;4;8;2
1;1;197539;1;1;2;;;;6;;5;4;6;2;2;10;8;2
1;1;239292;1;3;2;;;;6;;1;;;;2;1;9;
1;1;160771;1;2;2;;;;6;;11;1;5;2;1;10;8;2
1;1;82512;1;3;1;;;;6;1;11;;6;;1;6;8;2
1;1;101260;1;6;2;;;;6;1;6;;6;;2;4;8;2
1;1;120977;1;2;1;;;;6;;7;6;1;;2;13;8;2
1;1;79335;1;2;2;;;;6;;7;;5;5;1;12;8;2
1;1;74816;1;9;1;;;;6;2;8;;6;;2;6;8;2
1;1;211159;1;1;1;;;;6;;8;1;5;;1;11;8;2
1;1;3958;1;6;2;;;;6;1;2;;;;2;2;8;2
1;1;49428;1;1;1;;;;6;;6;6;5;;1;14;8;2
1;1;229874;1;3;2;;;;6;1;6;;;;2;3;8;2
1;1;143405;1;6;1;;;;6;;1;;;;2;1;9;
1;1;143107;1;1;2;;;;6;;11;;4;4;1;15;8;2
1;1;105745;1;6;2;;;;6;1;6;;;;2;3;8;2
1;1;236342;1;3;2;;;;6;1;11;;6;;1;5;8;2
1;1;223938;1;2;2;;;;6;;8;;1;3;1;12;8;2
1;1;92482;1;7;2;;;;6;;5;;4;7;2;20;8;2
1;1;146672;1;2;2;;;;6;;12;2;5;2;2;10;8;2
1;1;69737;1;3;2;;;;6;2;11;;6;;1;5;8;2
1;1;129348;1;1;1;;;;6;;12;1;5;;1;12;8;2
1;1;139510;1;6;1;;;;6;;11;;6;;1;7;8;2
1;1;159113;1;3;2;;;;6;;8;;6;;1;5;8;2
1;1;191046;1;2;2;;;;5;;6;;5;4;1;11;8;2
1;1;207746;1;3;2;;;;6;1;6;;;;2;4;8;2
1;1;220634;1;2;1;;;;6;;5;2;5;;2;13;8;2
1;1;13627;1;3;1;;;;6;3;8;;6;;2;5;8;2
1;1;47830;1;3;2;;;;6;;7;6;6;99;2;7;8;2
1;1;175758;1;7;2;;;;6;;1;;4;4;2;21;7;2
1;1;26241;1;2;2;;;;6;;8;;5;3;2;13;8;2
1;1;198663;1;2;2;;;;6;;7;;5;3;1;15;8;2
1;1;80722;1;1;1;;;;6;;5;1;1;;2;9;5;2
1;1;175605;1;1;2;;;;6;;11;1;3;1;2;11;8;2
1;1;153273;1;2;2;;;;7;;7;;5;99;1;11;8;2
1;1;190117;1;1;1;;;;6;;5;3;5;;2;14;8;2
1;1;172170;1;3;2;;;;6;1;8;;6;;1;5;8;2
1;1;154099;1;2;2;;;;6;;8;;1;2;1;6;8;2
1;1;158597;1;3;2;;;;6;;11;;6;;1;6;8;2
1;1;62332;1;1;2;;;;6;;11;2;6;;2;12;5;2
1;1;57479;1;9;2;;;;6;;8;;6;;2;5;7;2
1;1;178077;1;1;1;;;;6;;5;;6;;2;16;7;2
1;1;160193;1;6;1;;;;6;;1;;;;2;2;8;2
1;1;52195;1;6;1;;;;6;1;6;;;;1;3;8;2
1;1;216789;1;3;1;;;;6;1;6;;;;2;3;8;2
1;1;114563;1;3;2;;;;6;2;11;;6;1;2;6;8;2
1;1;46336;1;2;1;;;;6;;8;1;5;;2;9;8;2
1;1;84756;1;3;2;;;;6;;8;;6;;2;6;8;2
1;1;78226;1;3;2;;;;6;2;11;;6;;1;6;8;2
1;1;157444;1;3;1;;;;6;1;6;;;;1;3;8;2
1;1;205763;1;9;1;;;;6;;8;1;6;;2;8;8;2
1;1;148961;1;3;1;;;;6;2;6;;;;1;3;8;2
1;1;139841;1;2;2;;;;6;;8;;5;2;1;13;8;2
1;1;217799;1;7;2;;;;6;;4;;5;5;1;16;5;2
1;1;150591;1;1;1;;;;6;;11;2;1;;1;9;8;7
1;1;151651;1;2;2;;;13;1;3;11;;5;3;1;8;5;1
1;1;31106;1;1;2;;;;6;;1;;4;3;2;20;7;2
1;1;226836;1;2;2;;;;7;;11;;5;;1;15;8;7
1;1;19684;1;3;1;;;;6;1;6;;;;1;3;8;2
1;1;90602;1;2;1;;;;6;;11;;5;;2;13;5;2
1;1;138815;1;3;1;;;;6;2;6;;6;;2;4;8;2
1;1;242010;1;1;1;;;;6;;12;5;5;;2;8;8;7
1;1;16494;1;3;2;;;;6;2;8;;6;;1;4;8;2
1;1;56876;1;2;1;;;;6;;11;6;5;;1;15;8;2
1;1;150832;1;6;2;;;;6;2;6;;;;1;3;8;2
1;1;61047;1;3;1;;;;6;1;8;;6;;1;5;8;2
1;1;42400;1;1;1;;;;6;;10;2;5;;1;8;8;2
1;1;62190;1;2;2;;;;6;;5;;5;4;2;11;6;2
1;1;141977;1;6;2;;;;6;1;6;;;;1;3;8;2
1;1;49657;1;2;2;;;;6;;8;;5;6;1;9;8;2
1;1;58677;1;6;1;;;;6;;1;;;;2;2;8;2
1;1;193083;1;3;1;;;;6;3;8;;6;;1;5;8;2
1;1;194362;1;3;1;;;;6;;8;;6;;1;5;8;2
1;1;37962;1;1;1;;;;6;;6;1;5;;1;9;8;2
1;1;97029;1;2;1;;;;6;1;8;;6;;2;5;8;2
1;1;205862;1;3;1;;;;6;;8;1;6;;1;6;8;2
1;1;96009;1;8;2;;;;6;;7;;4;6;1;18;8;2
1;1;188963;1;3;1;;;;6;;1;;;;2;2;8;2
1;1;122516;1;1;2;;;;6;;11;5;5;2;1;10;8;7
1;1;109917;1;3;2;;;;6;;8;1;6;;2;5;8;2
1;1;228129;1;2;1;;;;6;;8;;6;;2;11;8;2
1;1;18098;1;9;2;;;;6;3;8;;6;;2;5;8;2
1;1;88515;1;3;2;;;;6;;8;1;6;;1;6;8;2
1;1;30412;1;3;2;;;;6;1;6;;;;1;4;8;2
1;1;204283;1;3;2;;;;6;1;8;;6;;1;5;8;2
1;1;205892;1;1;2;;;;6;;1;;3;99;2;14;8;2
1;1;36865;1;3;1;;;;6;;1;;;;2;2;8;2
1;1;1820;1;1;2;;;;4;;5;;2;6;2;16;8;2
1;1;235823;1;1;1;;;;6;;8;2;5;;1;10;8;2
1;1;93635;1;2;2;;;8;6;;8;1;1;2;1;6;8;6
1;1;172565;1;1;1;;;;6;;5;6;1;;2;10;8;2
1;1;209382;1;1;1;;;;6;;11;1;5;;1;9;8;2
1;1;103663;1;3;2;;;;6;2;11;;6;;1;6;8;2
1;1;129539;1;3;2;;;;6;2;8;;6;;1;5;8;2
1;1;99927;1;9;1;;;;6;;8;2;6;;1;6;8;2
1;1;81704;1;6;2;;;;6;;8;;5;2;1;8;8;2
1;1;226438;1;1;1;;;;6;;11;5;5;;1;10;8;2
1;1;11091;1;3;1;;;;2;;11;1;6;;1;6;8;2
1;1;23661;1;3;1;;;;6;2;8;;6;;1;5;8;2
1;1;214939;1;2;2;;;;6;;7;;5;2;2;10;8;2
1;1;62994;1;3;2;;;;6;1;6;;6;;2;4;8;2
1;1;113320;1;6;1;;;;6;2;6;;6;;1;4;8;2
1;1;63736;1;2;2;;;;6;;5;6;1;3;1;12;8;2
1;1;114279;1;3;2;;;;6;1;6;;;;2;4;8;2
1;1;44585;1;7;2;;;;6;;5;;4;4;1;17;1;2
1;1;220133;1;9;1;;;;6;;8;1;6;;1;5;8;2
1;1;216197;1;1;1;;;;6;1;11;;6;;1;6;8;2
1;1;99995;1;3;1;;;;6;1;6;;;;1;3;8;2
1;1;200660;2;1;2;;;;6;2;11;;6;;1;6;8;7
1;1;208269;1;3;2;;;;6;1;6;;;;2;3;9;2
1;1;164006;1;1;2;;;;6;;8;;4;99;2;13;8;2
1;1;223065;1;1;2;;;;6;;6;;6;3;1;9;8;2
1;1;199958;1;3;1;;;;6;;8;1;6;;2;6;8;2
1;1;174688;1;2;2;;;;6;;13;;5;99;1;12;8;2
1;1;15152;1;1;2;;;;6;;5;9;3;99;2;11;9;2
1;1;199646;1;1;1;;;;6;2;11;9;5;;1;10;9;2
1;1;47519;1;3;2;;;;6;1;6;;;;2;4;8;2
1;1;125559;1;1;1;;;;6;;10;2;6;;1;6;8;2
1;1;32434;1;3;1;;;;6;;7;;6;;1;15;8;2
1;1;89310;1;4;1;;;;6;2;11;2;6;;1;7;8;2
1;1;99167;1;3;2;;;;6;3;6;;;;1;4;8;2
1;1;193488;1;1;1;;;;7;;12;1;5;;1;10;8;3
1;1;142976;1;3;2;;;;1;1;6;;6;;2;4;8;2
1;1;16145;1;3;2;;;;6;1;11;;6;;1;6;8;2
1;1;68455;1;1;1;;;;6;;5;2;1;;1;9;8;2
1;1;83118;1;1;2;;;;1;;4;1;6;;2;11;8;2
1;1;241726;1;2;1;;;;6;3;11;9;1;;1;9;9;2
1;1;85204;1;1;1;;;;6;;5;;5;;1;17;8;2
1;1;146968;1;1;1;;;;6;;11;2;5;;2;11;8;2
1;1;125521;1;1;1;;;;6;;5;6;3;;2;11;8;2
1;1;188288;1;1;1;;;;6;;8;1;6;;1;8;8;2
1;1;73369;1;8;2;;;;6;;5;;5;3;2;21;8;2
1;1;154462;1;3;2;;;;6;;8;1;6;99;2;9;8;2
1;1;239375;1;3;2;;;;6;2;6;;;;2;3;8;2
1;1;137323;1;3;2;;;;6;1;6;;6;;2;4;8;2
1;1;211031;1;9;2;;;;6;2;11;9;5;99;1;13;9;2
1;1;67237;1;9;2;;;;7;;8;2;3;2;1;7;8;2
1;1;170571;1;1;2;;;;6;;6;;6;1;1;8;8;2
1;1;79723;1;3;1;;;;6;1;6;;;;2;3;8;2
1;1;115837;1;6;2;;;;6;1;2;;;;2;2;8;2
1;1;222070;1;1;1;;;13;6;;11;5;1;;1;18;8;8
1;1;101412;1;3;1;;;;6;;7;1;6;;1;7;8;2
1;1;87179;1;2;1;;;;6;;5;3;1;;2;11;8;2
1;1;101110;1;1;2;;;;1;;5;1;6;;2;13;8;2
1;1;128124;1;3;1;;;;6;1;6;;;;2;3;8;2
1;1;103466;1;3;1;;;;6;;1;;;;2;2;8;2
1;1;39787;1;1;2;;;;6;2;12;;6;1;2;7;8;7
1;1;185895;1;3;1;;;;6;3;6;;6;;2;4;8;2
1;1;206863;1;1;1;;;;6;;5;1;5;;2;14;8;2
1;1;189212;1;1;1;;;;6;;5;1;1;;2;12;8;2
1;1;32820;1;1;1;;;;6;;5;3;5;;2;10;8;2
1;1;209568;1;2;2;;;;6;;9;1;5;4;1;13;8;2
1;1;48231;1;1;1;;;;6;;11;1;1;;1;8;8;2
1;1;95417;1;7;2;;;;6;;5;;5;5;2;18;8;2
1;1;207856;1;3;1;;;;6;1;6;;;;2;4;8;2
1;1;42650;1;1;1;;;;6;;10;1;5;;1;9;8;2
1;1;212957;1;1;1;;;;2;;11;1;5;;1;11;8;2
1;1;204693;1;3;2;;;;6;;8;;6;;1;5;8;2
1;1;219715;1;3;1;;5;;6;;1;;;;2;2;8;5
1;1;32798;1;1;1;;;;6;;11;6;5;;1;10;8;2
1;1;157409;1;1;1;;;;6;;8;2;1;;2;9;8;2
1;1;29710;1;3;1;;;;6;2;11;;6;;1;6;8;2
1;1;201289;1;3;2;;;;6;1;11;;6;;1;6;8;2
1;1;198788;1;1;1;;;;6;;11;;5;;1;16;8;2
1;1;211121;1;3;2;;;;6;2;8;;6;;1;5;8;2
1;1;196651;1;3;1;;;;6;;1;;;;1;2;8;2
1;1;63685;1;3;1;;;;6;;8;1;6;;2;5;8;2
1;1;134089;1;1;1;;;;6;;11;1;5;;2;10;8;2
1;1;126129;1;1;1;;;;6;;12;6;5;;1;11;8;2
1;1;115028;1;3;2;;;13;1;1;6;;;;2;4;8;6
1;1;175019;1;1;2;;;;6;;5;3;6;2;2;10;8;2
1;1;191743;1;3;2;;;;7;2;8;;6;99;1;5;8;7
1;1;196981;1;1;1;;;;7;;5;2;1;;1;12;8;2
1;1;196780;1;1;2;;;;6;;7;;3;4;1;17;8;2
1;1;236294;1;2;2;;;;6;;11;1;5;1;1;9;8;2
1;1;159092;1;3;1;;;;6;1;6;;;;2;4;8;2
1;1;198523;1;2;2;;;;6;;12;1;5;1;1;12;8;2
1;1;144301;1;2;2;;;;6;;11;1;1;1;1;7;8;2
1;1;223818;1;2;2;;;;6;;11;1;5;2;1;9;8;2
1;1;9457;1;3;1;;;;6;1;3;;;;2;2;8;2
1;1;130448;1;2;2;;;;6;;6;3;1;5;2;11;1;2
1;1;184318;1;3;1;;;;6;1;11;;6;;2;7;8;2
1;1;147510;1;3;2;;;;6;;11;6;6;;1;11;8;2
1;1;11518;1;2;2;;;;6;;5;;5;2;2;17;8;2
1;1;123383;1;2;2;;;;6;;8;;5;2;2;8;8;2
1;1;147907;1;3;2;;;;6;;8;;6;;1;6;8;2
1;1;220063;1;3;1;;;;6;1;11;;6;;2;6;8;2
1;1;786;1;3;1;;;;6;1;3;;;;2;2;8;2
1;1;53225;1;6;2;;;;6;;1;;;;2;2;8;2
1;1;38415;1;3;1;;;;6;2;6;;;;1;3;8;2
1;1;12681;1;1;1;;;;6;;8;1;6;;1;6;8;2
1;1;172081;1;3;2;;;;6;;11;6;6;1;1;8;8;2
1;1;109321;1;3;2;;;;6;;1;;;;2;1;8;
1;1;90819;1;2;2;;;;6;;11;2;5;1;2;11;8;2
1;1;227552;1;1;2;;;;6;;5;;6;1;2;9;8;2
1;1;136186;1;6;2;;;;6;2;6;;;;1;3;8;2
1;1;136389;1;3;2;;;;6;;8;;6;;1;5;8;2
1;1;51581;1;3;2;;;;6;1;6;;;;1;3;8;2
1;1;68849;1;3;2;;;;6;2;11;9;6;99;1;7;9;2
1;1;181609;1;1;1;;;;6;;5;6;5;;1;17;8;2
1;1;236624;1;1;1;;;;7;;5;6;1;;2;7;8;2
1;1;30327;1;2;2;;;;6;;8;;5;4;2;10;8;2
1;1;193369;1;3;1;;;;6;2;6;;;;1;3;8;2
1;1;175624;1;2;2;;;;6;;11;;6;;1;7;8;7
1;1;31222;1;1;2;;;;6;;11;;1;1;2;7;8;2
1;1;206105;1;3;1;;;;6;;12;1;6;;1;7;8;7
1;1;32575;1;1;1;;;;6;;11;;5;;1;17;5;2
1;1;120097;1;3;2;;;;6;;10;6;6;;1;12;8;2
1;1;72025;1;1;2;;;;6;;8;1;3;2;1;10;8;2
1;1;172171;1;2;2;;;;6;;7;;5;2;1;7;8;2
1;1;165084;1;3;2;;;;6;1;6;;;;2;3;8;2
1;1;65779;1;1;1;;;;6;;10;6;5;;2;9;8;7
1;1;64629;1;1;1;;;;6;;8;6;6;;1;10;8;2
1;1;230468;1;3;1;;;;6;1;11;;6;;1;6;8;2
1;1;136763;1;3;1;;;;6;;1;;;;2;2;8;2
1;1;18595;1;3;2;;;;1;;1;;;;2;2;8;2
1;1;69035;1;3;2;;;;6;;8;1;6;;2;6;8;2
1;1;68351;1;3;1;;;;6;;8;;6;;2;7;8;2
1;1;50213;1;3;1;;;;6;1;11;;6;;2;7;8;2
1;1;51998;1;1;2;;;;6;;7;1;5;5;1;15;8;2
1;1;124665;1;3;1;;;;6;1;2;;;;2;2;8;2
1;1;53537;1;3;2;;;;6;;8;6;6;99;2;8;8;2
1;1;263;1;1;1;;;;6;;1;3;5;;2;17;8;2
1;1;89083;1;2;2;;;;6;2;10;1;5;2;1;9;8;2
1;1;134384;1;2;2;;;;6;;5;9;1;99;1;10;9;2
1;1;197037;1;3;1;;;;6;1;6;;6;;1;4;8;7
1;1;166750;1;3;2;;;;6;;1;;;;2;2;9;2
1;1;226151;0;12;1;;;;2;;7;6;6;;2;7;8;7
1;1;18950;1;2;2;;;;6;;8;1;5;2;1;10;8;2
1;1;25816;1;1;1;;;;6;;7;;5;;1;15;8;2
1;1;225995;1;2;2;;;;6;;1;;5;99;2;14;1;2
1;1;44946;1;1;2;;;;6;;11;2;5;0;1;13;8;2
1;1;182491;1;3;2;;;;6;;3;;;;2;2;8;2
1;1;90008;1;3;1;;;;6;2;11;;6;;2;5;8;2
1;1;88729;1;1;1;;;;6;;11;2;4;;1;11;8;2
1;1;170259;1;1;2;;;;6;;8;;3;2;1;13;8;2
1;1;234314;1;3;2;;;;6;;1;;;;1;1;8;
1;1;220733;1;3;2;;;;6;1;6;;;;2;3;8;2
1;1;219008;1;2;2;;;;6;;8;6;5;99;1;16;8;2
1;1;748;1;1;1;;;;6;;11;1;5;;2;9;8;2
1;1;46661;1;1;2;;;;6;;7;;3;2;1;16;8;2
1;1;142964;1;3;1;;;;6;;5;3;6;;2;10;8;2
1;1;238103;1;1;1;;;;6;;8;1;4;;1;13;8;2
1;1;176871;1;1;1;;;;6;;11;6;5;;1;12;8;2
1;1;84732;1;2;1;;;;6;;8;1;5;;1;12;8;2
1;1;145587;1;2;2;;;;6;;11;1;5;99;1;10;8;7
1;1;177169;1;4;2;;;;6;2;6;;;;1;3;8;2
1;1;143220;1;1;2;;;;6;;5;6;3;3;1;11;8;2
1;1;93473;1;3;1;;;;6;2;8;;6;;1;5;8;7
1;1;56035;1;3;1;;;;6;1;6;;;;2;3;7;2
1;1;123266;1;1;2;;;;6;;8;6;2;3;1;12;1;2
1;1;5430;1;1;2;;;;6;;5;1;6;99;2;10;8;2
1;1;150938;1;1;1;;;;6;;5;6;5;;2;9;8;2
1;1;23031;1;10;2;;;;6;;11;;6;;1;9;8;2
1;1;63440;1;1;1;;;;6;;11;1;6;;1;6;8;2
1;1;73211;1;1;2;;;;6;;7;;5;3;1;9;8;2
1;1;18302;1;1;2;;;;6;;5;;2;4;2;12;8;2
1;1;139481;1;1;2;;;;6;;1;6;2;4;2;10;8;2
1;1;123943;1;7;1;;;;6;;5;;5;;2;14;8;2
1;1;9942;1;3;1;;;;6;1;11;;6;;2;6;8;2
1;1;131320;1;1;1;;;;6;;11;5;5;;2;11;8;7
1;1;44640;1;3;1;;;;6;1;6;;6;;1;4;5;2
1;1;157202;1;3;1;;;;6;1;11;;6;;1;7;8;2
1;1;116844;1;3;2;;;;6;;8;;6;;1;6;8;2
1;1;27854;1;1;1;;;;6;;11;2;3;;1;10;8;7
1;1;56973;1;1;2;;;;6;;7;6;5;2;2;9;8;2
1;1;206051;1;2;1;;;;6;;12;2;5;;1;7;8;2
1;1;99238;1;3;2;;;;6;1;6;;6;;2;4;8;2
1;1;169685;1;1;1;;;;6;;5;;5;;1;16;7;2
1;1;164548;1;1;1;;;;6;;6;;4;;1;18;8;2
1;1;17561;1;3;2;;;;6;;8;;6;;1;5;5;2
1;1;22335;1;3;1;;;;6;1;11;;6;;1;6;8;2
1;1;227852;1;2;2;;;;6;;8;;5;2;1;14;1;2
1;1;209647;1;1;1;;;;6;;5;6;5;;2;13;8;2
1;1;127314;1;1;1;;;;6;;8;6;5;;1;12;8;2
1;1;220603;1;3;1;;;;1;1;6;;6;;1;4;8;2
1;1;148126;1;3;1;;;;6;1;11;1;6;;2;6;8;2
1;1;175300;1;3;1;;;;6;1;8;;6;;2;5;8;2
1;1;88591;1;2;2;;;;6;;11;2;1;2;1;10;8;2
1;1;38614;1;1;1;;;;6;;11;1;5;;1;9;8;2
1;1;183897;2;3;1;;;;6;1;2;;;;2;2;8;2
1;1;183002;1;3;1;;;;6;1;3;;;;1;2;8;2
1;1;92901;1;3;2;;;;6;2;6;;6;;1;4;8;7
1;1;134167;1;1;1;;;;6;;5;6;5;;2;12;8;2
1;1;52931;1;2;1;;;;6;;7;1;4;;1;10;8;2
1;1;224952;1;3;2;;;;6;1;6;;;;2;3;8;2
1;1;126482;1;2;2;;;;6;;7;5;5;3;1;11;8;2
1;1;42998;1;1;1;;;;6;;11;6;5;;1;8;8;2
1;1;56560;1;3;1;;;;6;;1;;;;1;1;8;
1;1;135562;1;6;1;;;;4;1;2;;;;1;2;8;2
1;1;88467;1;9;2;;;;6;2;6;;;;2;3;8;2
1;1;130504;1;1;2;;;;6;;5;6;1;2;2;9;1;2
1;1;7636;1;3;2;;;;6;3;6;;;;2;3;8;2
1;1;222938;1;3;1;;;;6;1;3;;;;1;2;8;2
1;1;97150;1;1;2;;;;6;;1;;4;7;2;15;5;2
1;1;229684;1;7;2;;;;6;;1;8;4;2;1;19;8;2
1;1;54049;1;6;2;;;;6;;1;;;;1;2;8;2
1;1;147681;1;3;1;;;;6;1;3;;;;2;2;8;2
1;1;229383;1;3;2;;;;6;;12;6;6;;2;9;8;2
1;1;123911;1;1;1;;;;6;;5;9;3;;1;11;9;2
1;1;23572;1;3;1;;;;6;2;6;;;;1;4;8;2
1;1;51148;1;3;2;;;;4;1;6;;;;1;3;8;2
1;1;160209;1;5;1;;;;6;;10;2;5;;1;8;8;2
1;1;93009;1;6;2;;;;7;;11;7;6;;1;7;8;7
1;1;88712;1;2;1;;;;7;;8;6;5;;1;12;8;7
1;1;10796;1;3;1;;;;6;1;6;;6;;2;4;8;2
1;1;66313;1;1;2;;;;6;;8;5;6;3;2;11;8;2
1;1;28902;1;1;1;;;;6;2;11;9;1;;1;7;9;2
1;1;113831;1;9;2;;;;6;2;11;;6;;1;5;8;2
1;1;221189;1;2;1;;;;6;;8;1;1;;2;8;8;2
1;1;109960;1;5;1;;;;6;;7;2;1;;1;9;8;2
1;1;114455;1;3;2;;;;6;1;6;;;;1;3;8;2
1;1;31278;1;1;1;;;;6;;8;6;5;;1;12;4;2
1;1;162083;1;3;1;;;;6;1;6;;;;2;4;8;2
1;1;197136;1;9;1;;;;6;;7;1;6;;1;8;8;2
1;1;63439;1;1;2;;;;6;;6;;1;2;2;7;8;2
1;1;95794;1;1;1;;;;6;1;8;2;5;;2;10;8;2
1;1;158173;1;1;1;;;;6;;5;6;5;;1;14;8;7
1;1;132663;1;1;1;;;;6;;5;1;1;;2;10;8;2
1;1;55595;1;1;2;;;;6;;11;;1;99;2;8;8;2
1;1;166875;1;3;1;;;;6;;5;;6;;2;7;1;2
1;1;64619;1;3;2;;;;6;;6;6;6;;1;5;8;2
1;1;208116;1;1;1;;;;6;;8;;6;;1;6;8;2
1;1;99669;1;2;2;;;;6;;5;;5;2;1;12;8;2
1;1;8351;1;3;2;;;;6;2;11;1;6;;1;8;8;2
1;1;59349;1;3;2;;;;6;;1;;;;1;2;8;2
1;1;137111;1;2;2;;;;6;;7;6;1;2;2;8;8;2
1;1;236417;1;6;2;;;;6;2;3;;;;2;2;8;2
1;1;11586;1;7;2;;;;6;;5;;4;2;2;20;7;2
1;1;42926;1;3;2;;;;6;2;6;;;;1;3;8;2
1;1;78905;1;2;2;;;;6;;12;6;5;;1;8;8;2
1;1;15370;1;1;1;;;;1;;8;1;1;;1;6;8;2
1;1;100578;1;3;1;;;;6;;8;1;6;;2;8;8;2
1;1;124641;1;2;2;;;;6;;8;;5;4;1;12;8;2
1;1;22255;1;2;1;;;;6;;8;;1;;1;11;8;7
1;1;113576;1;2;1;;;;6;;5;9;1;;1;10;9;2
1;1;7937;1;3;1;;;;6;1;8;;6;;2;4;8;2
1;1;92012;1;3;1;;;;6;2;11;1;6;;2;8;8;2
1;1;135894;1;3;1;;;;6;1;6;;;;2;3;9;2
1;1;80931;1;3;2;;;;6;4;2;;;;1;2;9;2
1;1;109329;1;3;2;;;;6;2;6;;;;1;3;8;7
1;1;25441;1;3;2;;;;6;;13;6;6;;1;12;8;2
1;1;71304;1;1;2;;;;6;;5;;4;1;2;10;8;2
1;1;196621;1;9;1;;;;6;;8;;6;;1;6;8;2
1;1;4758;1;9;2;;;;6;;6;3;1;2;1;14;8;2
1;1;212506;1;2;2;;;;6;;11;;5;3;1;14;8;2
1;1;107668;1;1;1;;;;6;;13;1;5;;1;9;8;7
1;1;210134;1;3;2;;;;6;;11;;6;;1;7;8;2
1;1;166667;1;6;2;;;;6;1;3;;;;2;2;8;2
1;1;220906;1;3;1;;;;6;2;6;;;;1;3;8;2
1;1;53672;1;1;1;;;;6;;11;1;5;;1;9;8;2
1;1;151219;1;1;1;;;;6;;8;6;5;;2;12;8;2
1;1;93751;1;3;2;;;;6;1;6;;6;;1;4;8;2
1;1;132931;1;3;1;;;;6;2;3;;;;1;2;8;2
1;1;227243;1;6;2;;;;6;1;6;;;;1;3;8;2
1;1;227101;1;1;1;;;;6;;5;1;6;;2;7;8;2
1;1;98100;1;6;1;;;;6;1;3;;;;2;2;8;2
1;1;109777;1;1;1;;;;6;;7;1;3;;1;13;8;2
1;1;213653;1;3;2;;;;6;1;6;;;;2;3;8;2
1;1;23709;1;2;2;;;;4;;1;;1;6;2;12;8;2
1;1;24763;1;6;2;;;;6;;8;;6;;1;6;8;2
1;1;78992;1;3;2;;;;7;2;6;;6;;1;4;8;7
1;1;83928;1;7;2;;;;6;;8;1;3;5;1;12;8;2
1;1;150217;1;3;2;;;;6;;11;6;6;;1;8;8;2
1;1;77816;1;3;2;;;;6;1;8;6;6;;1;5;8;2
1;1;118106;1;1;1;;;;6;;5;9;6;;1;12;9;2
1;1;67914;1;1;2;;;;6;;11;;3;2;1;9;8;2
1;1;237325;1;6;2;;;;6;1;2;;;;2;2;8;2
1;1;16167;1;9;2;;;;6;1;2;;;;1;2;8;2
1;1;212516;1;3;1;;;;6;;8;1;5;;1;8;8;2
1;1;224023;1;3;2;;;;6;;11;2;2;2;1;10;8;2
1;1;99793;1;3;1;;;;6;1;3;;;;2;2;8;2
1;1;109486;1;1;2;;;;6;;5;6;1;5;1;15;8;2
1;1;134734;1;1;1;;;;6;;12;1;5;;2;10;8;2
1;1;91944;1;6;2;;;;6;2;6;;;;1;4;8;2
1;1;15980;1;3;2;;;;6;1;6;;6;;2;4;8;2
1;1;206004;1;2;2;;;;6;;11;1;5;3;1;11;8;2
1;1;124205;1;1;1;;;;6;1;11;9;1;;1;11;9;2
1;1;49501;1;3;1;;;;7;;13;1;5;;1;7;8;7
1;1;73544;1;2;2;;;;6;;7;;5;3;1;17;8;2
1;1;165185;1;3;2;;;;6;1;6;;6;;2;4;8;2
1;1;165402;1;2;2;;;;6;;5;6;5;2;2;10;1;2
1;1;118832;1;6;2;;;;6;;1;;;;2;2;8;2
1;1;12678;1;6;1;;;;6;1;6;;6;;2;4;8;2
1;1;72215;1;2;2;;;;6;;10;;1;1;1;7;8;2
1;1;143450;1;1;1;;;;6;;11;6;6;;1;8;8;2
1;1;103860;1;9;2;;;;6;1;11;;6;;2;6;8;2
1;1;70515;1;3;1;;;;6;;8;;3;;1;13;8;2
1;1;157712;1;1;2;;;;6;;7;6;5;4;2;9;8;2
1;1;170260;1;2;2;;;;6;;11;1;5;2;1;14;8;2
1;1;89029;1;3;1;;;;6;1;6;;;;1;3;9;2
1;1;176705;1;3;2;;;;6;1;6;;6;;2;4;8;2
1;1;218524;1;3;2;;;;6;2;6;;;;1;3;9;2
1;1;91178;1;1;1;;;;6;;12;1;5;;2;15;8;2
1;1;11073;1;1;1;;;13;6;;5;3;5;;2;19;7;6
1;1;121902;1;1;1;;;;6;;8;6;1;;1;11;8;2
1;1;200830;1;1;1;;;;6;2;11;;6;;1;6;8;2
1;1;78781;1;1;2;;;;6;;11;1;3;1;2;8;8;2
1;1;17146;1;1;1;;;;6;;5;1;5;;2;9;8;2
1;1;78664;1;2;2;;;;6;;13;1;5;1;1;12;8;7
1;1;9620;1;3;2;;;;6;3;6;;6;;2;4;8;2
1;1;13438;1;1;2;;;;6;;8;6;5;99;1;12;8;2
1;1;221372;1;1;1;;;;6;;12;6;6;;1;8;8;2
1;1;191200;1;9;1;;;;6;;8;1;3;;2;12;8;2
1;1;38090;1;6;1;;;;6;2;6;;;;1;3;8;2
1;1;187012;1;3;2;;;;6;;1;;;;2;1;8;
1;1;25220;1;1;1;;;;6;;7;1;5;;1;10;8;2
1;1;63570;1;3;1;;;;6;;11;1;6;;1;7;8;7
1;1;72030;1;3;1;;;;6;1;6;;;;1;3;8;2
1;1;22721;1;1;1;;;;6;;12;6;5;;1;11;8;2
1;1;17838;2;2;2;;;;6;;11;1;5;1;1;8;8;7
1;1;155453;1;1;1;;;;6;;5;1;5;;2;14;1;2
1;1;176935;1;1;1;;;;6;;5;9;1;;1;17;9;2
1;1;211889;1;7;2;;;;6;;10;;6;;2;20;8;2
1;1;49928;1;1;1;;;;6;;11;1;5;;1;8;8;7
1;1;42794;2;3;1;;;;6;2;6;;;;1;3;8;2
1;1;178965;1;1;2;;;;6;;11;1;5;3;2;9;8;2
1;1;17099;1;1;1;;;;6;;8;2;5;;1;12;1;2
1;1;192932;1;3;1;;;;6;;11;;6;;2;7;4;2
1;1;203308;1;3;1;;;;6;1;6;;;;2;3;8;2
1;1;76849;1;1;1;;;13;6;;5;1;5;;2;12;8;6
1;1;21964;1;9;2;;;;6;2;11;;6;99;1;6;9;2
1;1;9113;1;1;2;;;;6;;6;;5;5;2;12;7;2
1;1;77100;1;3;2;;;;6;;7;;6;;1;9;8;2
1;1;31934;1;2;2;;;;6;;11;;1;3;1;15;8;2
1;1;146172;1;2;2;;;;6;1;11;;6;99;1;5;8;2
1;1;115147;1;2;1;;;;6;;8;;1;;1;6;8;2
1;1;69671;1;2;2;;;;6;2;11;9;1;99;1;10;9;2
1;1;147911;1;3;1;;;;6;1;11;;6;;2;6;8;2
1;1;219526;1;3;1;;;;6;1;3;;;;2;2;8;2
1;1;23683;1;2;2;;;;6;;7;;5;1;2;10;8;2
1;1;201385;1;9;2;;;;6;;8;;6;;1;8;8;2
1;1;234549;1;2;2;;;;6;;5;;5;99;1;12;8;2
1;1;92775;1;2;2;;;;6;;7;1;5;3;1;10;8;2
1;1;122169;1;2;1;;;;6;;7;;1;;1;16;8;2
1;1;116288;1;3;1;;;;6;1;8;;6;;2;5;8;2
1;1;22761;1;1;2;;;;6;;11;;5;3;1;15;8;2
1;1;150627;1;9;1;;;;6;;6;2;6;;1;7;8;2
1;1;123547;1;2;2;;;;6;;7;;5;3;1;16;8;2
1;1;225826;1;1;2;;;;6;;6;;4;7;1;18;8;2
1;1;223364;1;1;1;;;;4;;7;1;1;;1;8;8;2
1;1;18758;1;1;2;;;;6;;7;;5;3;1;11;8;2
1;1;194245;1;9;1;;;;6;;11;;6;;1;8;8;2
1;1;146743;1;3;1;;;;6;;1;;;;2;2;8;2
1;1;195792;1;1;1;;;;6;;8;6;5;;1;14;8;2
1;1;183023;1;3;2;;;;6;1;6;;;;2;4;8;2
1;1;198585;1;6;2;;;;6;3;6;;;;1;3;8;2
1;1;97155;1;3;2;;;;6;;8;;6;1;2;6;8;2
1;1;37900;1;8;2;;;13;6;;1;;4;4;2;21;8;6
1;1;130246;1;3;2;;;;6;;11;6;2;1;1;13;8;7
1;1;9715;2;1;1;;;;6;;11;6;5;;2;9;5;2
1;1;101658;1;3;2;;;;6;;1;;;;1;2;8;2
1;1;4938;1;3;2;;;;6;;8;;6;1;2;6;8;2
1;1;79518;1;1;2;;;;6;;5;;4;4;1;16;8;2
1;1;175379;1;2;2;;;;6;2;10;;1;3;2;10;8;2
1;1;22193;1;2;2;;;;6;;11;;5;3;1;15;8;2
1;1;58991;1;6;2;;;;1;1;8;;6;;2;5;8;2
1;1;180076;1;3;1;;;;6;2;11;;6;;1;7;8;2
1;1;183997;1;3;1;;;;6;;1;;;;1;4;3;2
1;1;191940;1;3;1;;;;6;1;8;;6;;1;5;8;2
1;1;161019;1;3;2;;;;6;1;6;;;;2;4;8;2
1;1;31958;1;1;1;;;;6;;11;;5;;2;15;8;2
1;1;101862;1;1;2;;;;6;1;11;;6;99;1;7;9;2
1;1;147951;1;1;2;;;;6;;8;1;6;1;2;6;8;2
1;1;140769;1;2;2;;;;6;;5;6;5;3;1;16;5;2
1;1;214696;1;2;2;;;;6;;11;2;5;3;2;12;8;2
1;1;15746;1;1;1;;;;6;;5;3;5;;2;14;8;2
1;1;53518;1;1;1;;;;6;;5;6;5;;2;10;8;2
1;1;64806;1;3;2;;;;6;;1;;;;2;2;8;2
1;1;201959;2;3;1;;;;6;2;10;;6;;1;6;8;2
1;1;174411;1;1;1;;;;6;;12;6;6;;1;6;8;7
1;1;193399;1;4;1;;;;6;2;6;;;;1;4;8;2
1;1;179586;1;9;2;;;;6;;5;6;6;;1;13;8;2
1;1;89807;1;3;1;;;;6;2;10;;6;;1;9;8;2
1;1;181089;1;3;2;;;;6;1;6;;6;99;2;5;6;2
1;1;230572;1;3;2;;;;1;;8;6;6;2;2;11;8;2
1;1;60105;1;2;1;;;;6;;7;2;5;;1;12;8;2
1;1;37932;1;3;1;;;;6;;8;1;6;;1;5;8;2
1;1;92177;1;2;2;;;;6;;8;6;1;3;1;8;8;2
1;1;165178;1;1;2;;;;6;;8;1;6;99;1;6;8;2
1;1;161000;1;2;2;;;;6;;12;2;5;2;1;10;8;2
1;1;164070;1;3;2;;;;6;;11;1;6;1;1;11;8;2
1;1;56755;1;9;1;;;;6;;8;9;6;;1;6;9;2
1;1;97314;1;3;2;;;;6;;1;;;;1;2;8;2
1;1;44520;1;3;1;;;;6;1;8;;6;;1;5;8;2
1;1;93268;1;9;1;;;;6;1;8;6;6;;1;5;8;2
1;1;23294;1;1;2;;;;6;;5;;6;5;2;10;8;2
1;1;20045;1;1;2;;;;6;;5;9;1;99;1;11;9;2
1;1;179367;1;5;2;;;;6;;6;;1;;1;5;8;2
1;1;81353;1;2;2;;;;6;;8;;5;3;1;16;8;2
1;1;210881;1;3;2;;;;6;2;6;;;;1;4;8;2
1;1;135610;1;3;2;;;;6;1;11;9;6;99;1;9;9;2
1;1;69724;1;2;1;;;;6;;5;;5;;1;17;8;2
1;1;152819;1;1;1;;;;6;;5;;1;;2;16;8;2
1;1;88807;1;3;1;;;;6;;6;;;;2;4;9;2
1;1;218144;1;6;2;;;;6;1;8;;6;;2;6;8;2
1;1;117177;1;3;1;;;;6;2;6;;;;1;3;8;7
1;1;131105;1;2;2;;;;6;;5;;5;1;2;10;8;2
1;1;19778;1;6;2;;;;6;;11;1;6;99;2;6;8;2
1;1;63821;1;2;2;;;;6;;8;;5;1;1;13;8;2
1;1;81931;1;3;1;;;;6;1;8;;6;;1;5;8;2
1;1;37889;1;1;2;;;;6;;5;;4;99;1;16;8;2
1;1;91231;1;1;1;;;;6;;12;2;5;;1;13;8;2
1;1;106246;1;1;2;;;;6;2;11;2;6;2;1;10;8;2
1;1;82224;1;1;1;;;;6;;11;6;5;;1;14;8;7
1;1;225185;1;1;1;;;;6;;5;1;5;;1;11;5;2
1;1;216457;1;1;1;;;;6;;7;;3;;1;15;8;2
1;1;26027;1;2;2;;;;6;;7;;5;3;1;12;8;2
1;1;114373;1;1;1;;;;6;;8;;1;;1;5;8;2
1;1;133664;1;3;2;;;;6;;12;1;3;;1;8;8;2
1;1;233859;1;3;1;;;;6;;11;1;6;;2;8;8;2
1;1;25203;1;3;2;;;;6;1;6;;;;1;4;5;2
1;1;182568;1;3;2;;;;6;;11;;6;;1;6;8;2
1;1;225358;1;3;1;;;;6;1;6;;6;;2;4;8;2
1;1;137218;1;3;1;;;;6;2;8;;6;;1;5;8;2
1;1;17736;1;3;1;;;;6;4;3;;;;1;2;8;2
1;1;1367;1;1;2;;;;6;;5;;4;2;2;16;8;2
1;1;116637;1;2;2;;;;6;;10;;1;1;1;7;8;2
1;1;201457;1;3;2;;;;1;1;6;;;;2;3;8;2
1;1;29227;1;3;1;;;;6;;11;1;6;;1;9;8;2
1;1;79293;1;3;1;;;;6;2;6;;6;;2;4;8;2
1;1;29851;1;1;1;;;;6;;5;;5;;2;15;8;2
1;1;24936;1;6;1;;;;6;2;6;;;;2;3;8;2
1;1;28429;2;2;2;;;;6;;8;;5;99;1;8;8;2
1;1;152960;1;3;1;;;;6;1;6;;6;;2;5;8;2
1;1;161855;1;1;1;;;;6;;5;9;3;;1;14;9;2
1;1;168060;1;4;2;;;;6;2;11;;6;;1;5;8;2
1;1;204872;1;7;2;;;;6;;1;;4;8;1;19;8;2
1;1;225853;1;2;2;;;;6;;5;;5;5;2;11;8;2
1;1;173018;1;3;1;;;;6;1;8;;6;;1;5;8;2
1;1;227103;1;3;1;;;;6;;11;1;1;;1;7;8;2
1;1;73837;1;5;1;;;;6;;7;1;1;;1;9;8;2
1;1;173254;1;3;2;;;;6;;8;1;6;;1;12;8;2
1;1;10930;1;3;1;;;;6;1;8;;6;;2;5;8;2
1;1;56287;1;3;2;;;;6;1;11;;6;;2;5;8;2
1;1;209834;1;2;2;;;;6;;5;4;5;3;2;12;8;2
1;1;125897;1;2;2;;;;6;;5;6;1;4;1;10;8;2
1;1;150655;1;3;2;;;;6;1;6;;;;2;3;8;2
1;1;63364;1;1;1;;;;6;;7;6;3;;1;15;8;7
1;1;202301;1;3;2;;;;6;;8;1;6;1;1;8;8;2
1;1;36418;1;2;2;;;;6;;11;;5;2;1;7;8;2
1;1;235574;1;3;1;;;;6;2;11;;6;;1;6;8;2
1;1;153152;1;6;1;;;;6;2;6;;;;2;3;8;2
1;1;65613;1;3;2;;;;6;;5;;2;3;1;13;8;2
1;1;201866;1;3;1;;;;6;1;6;;6;;1;4;8;2
1;1;172220;1;3;1;;;;6;;5;1;6;;1;9;8;2
1;1;235453;1;3;1;;;;7;;11;1;6;;1;7;8;7
1;1;64673;1;1;1;;;;6;;10;1;6;;1;9;8;7
1;1;224389;1;2;1;;;;6;;5;3;5;;2;14;8;2
1;1;10257;1;2;1;;;;6;;5;6;6;;2;15;8;2
1;1;225010;1;1;1;;;;6;;5;9;4;;2;20;9;2
1;1;88126;1;3;2;;;;6;2;11;;6;;2;5;8;2
1;1;236485;1;2;2;;;;6;;5;5;5;3;1;13;8;2
1;1;72706;1;3;2;;;;6;1;6;;6;;1;4;8;2
1;1;80047;1;3;2;;;;6;2;8;;6;;2;5;8;2
1;1;72225;1;1;2;;;;6;;5;6;5;2;1;9;8;2
1;1;113199;1;1;2;;;;5;;8;1;6;;1;6;8;2
1;1;118832;1;3;2;;;;6;1;11;;6;;2;6;8;2
1;1;22418;1;1;2;;;;6;;6;6;5;3;1;10;8;2
1;1;74983;1;3;1;;;;6;1;6;;6;;2;4;8;2
1;1;102666;1;1;2;;;;6;;1;;4;6;2;16;1;2
1;1;106751;1;3;1;;;;6;2;11;1;6;;1;8;8;2
1;1;237589;1;1;2;;;;6;;1;;4;99;2;19;7;2
1;1;176121;1;1;2;;;;6;;8;2;3;2;2;13;7;2
1;1;31225;1;3;1;;;;6;2;11;2;6;;1;7;8;2
1;1;13733;1;3;2;;;;6;1;8;;6;99;2;5;8;2
1;1;102559;1;2;2;;;;6;;5;1;5;99;1;9;8;2
1;1;197098;1;1;1;;;;6;;5;2;5;;2;9;8;2
1;1;206741;1;1;1;;;;6;;11;1;5;;1;7;8;2
1;1;128344;2;3;2;;;;6;;1;;;;2;2;8;2
1;1;4842;1;2;2;;;;6;;7;;5;3;1;16;8;2
1;1;108897;1;3;1;;;;6;1;6;;6;;2;5;8;2
1;1;15143;1;1;2;;;;6;;7;6;5;99;1;13;8;2
1;1;11316;1;1;2;;;;6;;1;;6;2;2;17;8;2
1;1;51666;1;9;2;;;;6;1;6;;;;1;3;8;2
1;1;209067;1;1;1;;;;6;;10;1;6;;2;6;8;7
1;1;30691;1;2;2;;;;6;;5;;5;2;2;15;8;2
1;1;222513;1;3;1;;;;6;1;6;;;;2;4;8;2
1;1;28314;1;9;2;;;;6;;6;;6;99;1;4;9;2
1;1;176526;1;1;2;;;;6;;8;1;3;2;1;12;8;2
1;1;35819;1;1;2;;;;6;;10;6;1;2;1;9;8;2
1;1;58190;1;3;1;;;;6;2;3;;;;1;2;8;2
1;1;168153;1;3;2;;;;6;1;6;;;;2;4;8;2
1;1;18599;1;2;2;;;;6;;6;;1;3;1;10;8;2
1;1;179696;1;3;1;;;;6;2;12;6;6;;1;7;8;2
1;1;105434;1;2;1;;;13;1;;8;3;1;;1;7;8;6
1;1;68067;1;3;2;;;;6;2;8;;6;;1;5;8;7
1;1;210712;1;3;1;;;;6;3;6;;;;1;4;8;2
1;1;3517;1;2;2;;;;6;;8;6;1;1;2;7;8;2
1;1;113762;1;2;2;;;;6;;8;;5;3;2;12;8;2
1;1;16897;1;2;2;;;;6;;8;;5;2;1;9;8;2
1;1;212285;1;2;2;;;;6;;8;6;5;2;1;13;8;2
1;1;163820;1;3;2;;;;6;;5;;5;5;2;10;8;2
1;1;180089;1;3;2;;;;6;;11;7;6;;1;15;8;2
1;1;16846;1;2;2;;;;6;;11;4;5;1;1;6;8;2
1;1;176608;1;1;2;;;;6;;8;6;3;99;1;14;8;2
1;1;178544;1;3;2;;;;6;1;8;;6;;1;5;8;2
1;1;146130;1;1;1;;;;6;;12;2;5;;1;7;8;2
1;1;149644;1;2;2;;;;6;;5;;5;6;2;12;8;2
1;1;38731;1;1;2;;;;6;;8;;3;3;1;7;8;2
1;1;64323;2;9;2;;;;6;;6;;6;1;2;5;8;2
1;1;107381;1;1;1;;;;6;;5;;5;;2;14;7;2
1;1;28529;1;1;1;;;;6;;5;;6;;1;15;8;2
1;1;115672;1;1;1;;;;6;;7;6;5;;1;14;8;2
1;1;3906;1;3;2;;;;7;2;6;;;;1;3;8;2
1;1;56388;1;3;2;;;;5;1;11;;6;;1;6;8;2
1;1;137181;1;3;1;;;;6;1;6;;;;2;4;8;2
1;1;75924;1;2;2;;;;6;;5;;5;99;1;16;6;2
1;1;190752;1;2;2;;;;6;;11;6;5;1;1;10;8;2
1;1;30299;1;2;2;;;;6;;8;;5;99;1;10;8;2
1;1;8628;1;3;2;;;;6;;11;;6;1;1;7;8;2
1;1;238188;1;1;1;;;;6;;7;6;5;;1;15;8;2
1;1;170298;1;1;1;;;;6;;8;6;5;;2;9;8;2
1;1;177596;1;1;1;;;;6;;8;1;3;;2;9;8;2
1;1;12215;2;2;2;;;;6;;8;;1;1;1;5;8;2
1;1;42548;1;3;1;;;;6;;12;1;6;;1;7;8;2
1;1;198456;1;1;1;;;;6;;5;;5;;1;15;8;2
1;1;179031;1;1;2;;;;6;;5;;3;5;1;14;8;2
1;1;26210;1;2;2;;;;6;;8;;5;1;1;13;8;2
1;1;202426;1;1;2;;;;6;;8;3;1;2;2;6;8;2
1;1;61895;1;6;2;;;;6;;1;;;;2;1;8;
1;1;26339;1;2;2;;;;6;;1;;5;3;2;18;7;2
1;1;238012;1;1;1;;;;6;;7;1;5;;1;15;8;2
1;1;121722;1;10;2;;;;6;2;6;;6;;1;4;8;2
1;1;86088;1;9;2;;;;6;1;6;;6;99;1;5;8;2
1;1;37710;1;2;2;;;;6;;5;;5;2;2;18;8;2
1;1;48485;1;4;2;;;;6;1;6;;;;2;3;8;2
1;1;238332;1;3;1;;;;6;3;8;;6;;1;5;8;2
1;1;37179;1;3;2;;;;6;;11;2;6;1;1;8;8;2
1;1;229745;1;3;2;;;;6;1;2;;;;2;2;8;2
1;1;130593;1;3;1;;;;6;2;6;;;;1;3;8;2
1;1;1850;1;2;2;;;;6;;13;1;5;3;1;15;8;2
1;1;229790;1;6;2;;;;6;1;6;;6;;2;4;8;2
1;1;94832;1;3;2;;;;6;;11;;6;;1;6;8;2
1;1;113722;1;2;2;;;;6;;7;;5;4;1;14;8;2
1;1;178529;1;1;1;;;;6;;5;6;5;;1;16;8;2
1;1;128069;1;6;2;;;;6;;1;;;;2;2;8;2
1;1;68151;1;2;2;;;;6;;5;;5;3;1;16;8;2
1;1;3742;1;3;2;;;;6;;5;;6;;2;7;8;2
1;1;137591;1;1;1;;;;6;;11;;2;;1;16;6;2
1;1;15181;1;2;2;;;;6;;12;2;5;2;1;9;8;2
1;1;213615;1;3;2;;;;6;1;11;;6;;1;6;8;2
1;1;220508;1;2;2;;;;6;;5;6;5;2;2;15;8;2
1;1;61251;1;2;2;;;;6;2;11;;1;;1;6;8;2
1;1;219580;1;6;2;;;;6;;8;1;6;;1;6;8;2
1;1;69544;1;3;1;;;;6;;1;;;;2;2;8;2
1;1;55027;1;9;2;;;;6;;6;;6;99;1;5;9;2
1;1;19506;1;3;2;;;;6;1;11;;6;;1;6;8;7
1;1;43034;1;9;1;;;13;1;1;6;;6;;1;4;8;6
1;1;116639;1;1;2;;;;6;;12;1;6;;1;8;8;7
1;1;32970;1;2;2;;;;6;;8;1;5;1;1;7;8;2
1;1;152446;1;2;2;;;;6;;8;;5;3;2;9;8;2
1;1;171440;1;3;1;;;;6;1;6;;;;1;3;8;2
1;1;181142;1;3;1;;;;6;1;6;;;;2;3;8;2
1;1;200327;1;9;2;;;;6;;7;;6;3;1;17;7;2
1;1;163289;1;10;2;;;;6;1;11;;6;;1;6;8;7
1;1;13859;1;1;1;;;;6;1;11;9;6;;2;8;9;2
1;1;152617;1;9;1;;;;6;1;11;;6;;1;6;8;2
1;1;74088;1;1;2;;;;6;;8;;4;2;1;12;8;2
1;1;137381;1;2;2;;;;6;;8;1;1;99;1;8;8;2
1;1;115056;1;2;2;;;;6;1;11;;1;99;1;7;9;2
1;1;47801;1;2;2;;;;6;;11;7;5;99;1;9;8;2
1;1;64563;1;3;2;;;;6;;1;;;;2;1;8;
1;1;37289;1;3;2;;;;6;;8;4;6;1;2;6;8;2
1;1;200190;1;3;1;;;;6;1;3;;;;1;2;8;2
1;1;103243;1;3;1;;;;6;1;8;;6;;2;5;8;2
1;1;141573;1;3;2;;;;6;1;3;;;;1;2;8;2
1;1;307;1;2;2;;;;6;;7;;5;2;1;15;8;2
1;1;157571;1;1;2;;;;6;;8;;6;99;1;7;9;2
1;1;214998;1;1;1;;;;6;;5;;6;;2;10;8;2
1;1;174549;1;1;2;;;;5;;6;;6;3;1;8;8;2
1;1;46526;1;3;1;;;;6;1;6;;;;2;3;8;2
1;1;54561;1;3;1;;;;6;;1;;;;1;4;8;2
1;1;37524;1;2;2;;;;6;;9;1;1;3;1;9;8;2
1;1;8455;1;3;2;;;;6;1;6;;;;2;4;8;2
1;1;230632;1;1;1;;;;6;;8;6;5;;1;9;8;2
1;1;67828;1;3;2;;;;6;3;8;8;6;;1;5;8;2
1;1;176413;1;6;2;;;;6;2;11;1;6;;1;6;8;7
1;1;195566;1;3;2;;;;6;2;11;2;6;1;1;6;8;2
1;1;234170;1;1;1;;;;6;;6;3;5;;1;15;8;2
1;1;165921;1;3;1;;;;6;3;6;;;;1;3;8;2
1;1;82134;1;1;2;;;;1;;8;1;1;99;2;7;8;2
1;1;86782;1;1;2;;;;6;;8;1;2;1;2;9;8;2
1;1;104591;1;6;1;;;;6;2;10;1;6;;1;7;8;2
1;1;235355;1;2;1;;;;6;;5;6;5;;1;9;8;2
1;1;39296;1;3;2;;;;6;1;6;;;;2;3;8;2
1;1;206514;1;2;2;;;;6;;11;1;5;2;2;12;8;2
1;1;221086;1;3;2;;;;6;1;6;;;;2;4;8;2
1;1;80900;1;3;2;;;;6;;8;1;6;;1;6;8;2
1;1;4908;1;7;2;;;;6;;5;;5;3;1;13;8;2
1;1;93429;1;1;2;;;;6;;11;6;3;3;1;11;8;2
1;1;17838;2;1;1;;;;6;;11;1;5;;1;8;8;7
1;1;216421;1;3;1;;;;6;;11;2;1;;1;8;8;2
1;1;166044;2;2;2;;;;6;;5;;1;99;1;10;8;2
1;1;126869;1;2;1;;;;6;;11;6;6;;1;8;8;2
1;1;90785;1;1;1;;;;6;;11;;5;;1;15;8;2
1;1;139294;1;3;1;;;;6;;1;;;;1;2;8;2
1;1;132387;1;2;2;;;;7;;8;;5;2;1;14;8;2
1;1;92787;1;1;1;;;;6;;11;6;5;;1;15;8;2
1;1;168210;1;2;2;;;;6;;8;2;5;2;1;10;8;2
1;1;24261;1;1;1;;;;6;;7;1;1;;1;18;8;2
1;1;56815;1;1;2;;;;6;;11;6;3;1;1;10;8;2
1;1;209602;1;3;2;;;;6;;12;1;6;;1;8;8;2
1;1;80708;1;2;2;;;;7;;5;5;1;2;1;12;8;2
1;1;147715;1;1;1;;;;6;;10;2;5;;1;9;8;2
1;1;61003;1;3;1;;;;6;;8;6;6;;2;6;8;2
1;1;169179;1;3;2;;;;6;;1;;;;2;2;8;2
1;1;45928;1;3;2;;;;6;;8;1;6;;2;7;8;2
1;1;30219;1;2;2;;;;7;;11;6;1;;2;7;8;2
1;1;123810;1;1;2;;;;6;;5;6;3;4;2;12;8;2
1;1;62885;1;3;2;;;;6;;5;;6;;1;9;8;2
1;1;209162;1;1;1;;;;6;;5;;5;;2;16;8;2
1;1;82260;1;2;2;;;;6;;11;6;5;99;1;12;8;2
1;1;37795;1;2;1;;;;6;2;11;1;5;;1;8;8;2
1;1;242434;1;3;2;;;;6;;8;;1;1;1;6;8;2
1;1;226813;1;3;2;;;;6;;12;1;6;;1;7;8;7
1;1;222289;1;3;1;;;;6;2;11;1;6;;2;5;8;2
1;1;106370;1;3;1;;;;6;1;6;;;;2;3;8;2
1;1;126487;1;3;2;;;;6;1;3;;;;1;3;8;2
1;1;78713;1;5;1;;;;6;;6;1;1;;2;7;8;2
1;1;2735;1;1;2;;;;6;;12;2;1;1;1;10;8;7
1;1;8922;1;3;2;;;;6;;5;;6;1;2;9;8;2
1;1;65108;1;9;1;;;;7;1;6;;;;2;3;6;2
1;1;57116;1;1;2;;;;6;;8;6;5;3;2;12;8;2
1;1;195551;1;3;1;;;;6;1;11;;6;;2;6;8;2
1;1;218550;1;3;2;;;;6;;11;1;6;;2;7;8;2
1;1;10900;1;9;1;;;;6;;8;1;6;;1;8;8;2
1;1;195532;1;3;1;;;;6;2;6;;;;1;3;8;2
1;1;208328;1;1;2;;;;6;;11;6;3;3;1;14;8;7
1;1;180261;1;3;2;;;;6;1;11;;6;;2;6;8;2
1;1;67042;1;3;1;;;;6;1;8;;6;;2;5;8;2
1;1;144483;1;2;2;;;;6;;12;2;5;99;1;10;8;2
1;1;206865;1;1;1;;;;6;;8;6;2;;1;12;8;2
1;1;167941;1;1;2;;;;6;;11;6;4;3;1;13;8;2
1;1;10532;1;2;2;;;;6;;5;6;5;4;2;11;8;2
1;1;16901;1;3;1;;;;6;1;6;;6;;2;4;8;2
1;1;203427;1;1;2;;;;6;;5;;3;4;2;13;8;2
1;1;219779;1;3;1;;;;6;1;6;;;;2;3;8;2
1;1;131002;1;3;1;;;;6;2;11;;6;;1;6;8;2
1;1;68529;1;3;1;;;;6;2;8;;6;;1;5;8;2
1;1;97003;1;9;2;;;;6;;8;;6;;1;6;8;2
1;1;147761;1;6;1;;;;6;1;6;;;;2;3;8;2
1;1;16192;1;6;1;;;;6;1;6;;;;1;3;8;2
1;1;216546;1;6;2;;;;6;;1;;;;2;2;8;2
1;1;121670;1;3;1;;;;6;;8;1;6;;2;6;8;2
1;1;121425;1;3;1;;;;6;1;6;;;;1;3;8;2
1;1;3935;1;3;2;;;;6;;11;8;6;;1;6;8;2
1;1;236394;1;1;2;;;;6;;8;;5;99;2;7;8;2
1;1;110483;1;2;2;;;;6;;5;;5;1;1;20;6;2
1;1;158966;1;3;2;;;;6;;5;;6;2;2;14;8;2
1;1;166992;1;3;1;;;19;1;;8;9;6;;2;6;9;1
1;1;224289;1;1;1;;;;6;;11;6;5;;1;8;8;2
1;1;156799;1;3;1;;;;6;;5;1;6;;2;7;8;2
1;1;1117;1;1;1;;;;6;;7;5;5;;1;11;8;2
1;1;166757;1;3;1;;;;6;3;6;;;;1;3;8;2
1;1;130073;1;1;1;;;;6;;12;1;5;;1;12;8;7
1;1;220961;1;9;2;;;;6;1;11;;6;;1;6;8;2
1;1;102389;1;3;2;;;;6;2;6;;;;2;4;8;7
1;1;2309;1;10;1;;;;6;;11;;6;;2;8;8;2
1;1;54967;1;3;2;;;;6;1;6;;6;99;1;4;8;2
1;1;151412;1;1;2;;;;7;;1;;2;6;1;10;8;2
1;1;17173;1;2;2;;;;6;;5;1;5;4;1;10;8;2
1;1;222943;1;2;1;;;;6;;5;1;5;;1;8;8;2
1;1;10840;1;3;2;;;;6;;8;;6;;2;5;8;2
1;1;166786;1;3;2;;;;6;1;11;;6;99;1;6;9;2
1;1;79178;1;1;1;;;;6;;7;;5;;1;16;4;2
1;1;96690;1;3;2;;;;6;;5;;5;2;1;7;8;2
1;1;219269;1;3;1;;;;6;1;3;;;;2;2;8;2
1;1;36929;1;1;1;;;;6;;8;1;5;;2;10;8;2
1;1;206936;1;2;1;;;;6;;5;9;5;;1;11;9;2
1;1;237924;1;3;2;;;;6;2;11;1;6;;2;5;8;2
1;1;109497;1;3;2;;;;6;1;2;;;;2;2;8;2
1;1;43746;1;3;1;;;;6;2;6;;6;;1;4;8;2
1;1;80991;1;2;2;;;;6;;5;;5;4;2;12;8;2
1;1;190353;1;6;1;;;;6;;11;;6;;2;9;5;2
1;1;89225;1;7;2;;;;6;;7;;5;3;1;16;8;2
1;1;131170;1;3;2;;;;6;1;6;;;;1;3;8;2
1;1;98561;2;2;2;;;;6;;8;6;1;2;2;8;8;2
1;1;241674;1;3;2;;;;6;1;6;;;;1;4;9;2
1;1;168542;1;1;2;;;;6;;5;1;6;4;1;8;8;2
1;1;48116;1;3;2;;;;6;3;6;;;;1;3;8;2
1;1;172341;1;2;2;;;13;1;;5;;5;4;1;10;8;6
1;1;66732;1;1;2;;;;6;;7;;4;4;1;17;8;2
1;1;238590;1;1;1;;;;6;;5;6;5;;2;10;8;2
1;1;125709;1;6;2;;;;6;1;6;;6;;2;4;8;2
1;1;99903;1;3;1;;;;6;1;3;;;;1;2;8;2
1;1;120791;1;1;1;;;;6;;8;6;6;;2;6;8;2
1;1;49086;1;9;1;;;;6;1;6;;6;;2;4;8;2
1;1;91376;1;1;1;;;;7;;11;6;5;;1;16;8;2
1;1;143797;1;1;1;;;;6;;8;;5;;1;14;1;2
1;1;154600;1;1;2;;;;6;;8;1;3;3;1;12;8;2
1;1;229520;1;1;1;;;;6;;10;1;1;;1;8;8;2
1;1;83693;1;6;2;;;;6;;1;;;;1;2;8;2
1;1;85447;1;3;2;;;;6;2;6;;;;1;4;8;2
1;1;219334;1;1;1;;;;6;;5;;5;;2;10;8;2
1;1;127830;1;6;2;;;;6;;6;;6;;2;6;8;2
1;1;226443;1;5;1;;;;6;;11;6;1;;2;8;8;2
1;1;150831;1;3;2;;;;6;1;11;2;6;;2;6;8;2
1;1;77926;1;9;1;;;;6;1;6;;6;;1;4;8;2
1;1;98501;1;3;2;;;;6;1;11;;6;99;2;6;9;2
1;1;164618;1;1;1;;;;6;;5;6;5;;1;14;8;2
1;1;100210;1;4;2;;;;6;1;8;;6;;1;5;8;2
1;1;71618;1;3;2;;;;6;;8;1;6;1;2;6;8;2
1;1;154878;1;3;1;;;;6;;8;1;6;;2;7;6;2
1;1;160019;1;1;2;;;;6;;5;;4;4;1;18;8;2
1;1;149661;1;1;1;;;;2;;8;2;5;;1;13;8;2
1;1;2604;1;3;2;;;;6;;8;1;6;1;2;6;8;2
1;1;148908;1;1;2;;;;6;;11;2;3;2;1;13;5;2
1;1;162835;1;1;2;;;;6;;5;;6;9;2;11;8;2
1;1;877;1;3;2;;;;7;;11;1;6;1;2;7;5;2
1;1;33646;1;1;1;;;;6;2;11;9;5;;1;10;9;2
1;1;233483;1;3;1;;;;6;;8;1;6;;1;7;8;2
1;1;242327;1;3;1;;;;6;;1;;;;2;2;8;2
1;1;80714;1;3;2;;;;6;1;6;;6;99;1;4;9;2
1;1;2165;1;3;2;;;;3;1;6;;;;1;4;8;2
1;1;179680;1;3;2;;;;6;1;6;;;;2;4;8;2
1;1;86763;1;3;2;;;;6;1;6;;6;;2;4;8;2
1;1;91178;1;3;1;;;;6;2;11;1;6;;2;6;8;2
1;1;202622;1;3;2;;;;6;1;6;;6;;1;4;8;2
1;1;49536;1;6;2;;;;6;1;3;;;;2;2;8;2
1;1;11469;1;1;1;;;;6;;11;6;5;;1;15;8;2
1;1;213656;1;3;1;;;;6;1;6;;;;1;3;8;2
1;1;93605;1;3;2;;;;6;1;8;;6;;1;5;8;2
1;1;140017;1;1;1;;;;6;;11;1;5;;1;9;8;2
1;1;195863;1;1;1;;;;6;;7;2;1;;1;10;8;2
1;1;176105;1;3;1;;;;6;2;11;;6;;1;6;8;2
1;1;222598;1;3;2;;;;6;;11;1;1;1;2;7;8;2
1;1;192920;1;2;2;;;;6;;12;2;5;4;1;10;8;2
1;1;2300;1;3;2;;;;6;1;6;;;;1;3;8;2
1;1;177998;1;3;2;;;;7;1;6;;;;1;3;8;2
1;1;78759;1;3;1;;;;6;;8;;6;;1;5;8;2
1;1;229331;1;3;2;;;;6;2;3;;;;1;2;8;2
1;1;34203;1;1;1;;;;6;1;11;;6;;1;5;8;7
1;1;43800;1;2;2;;;;6;;11;;5;3;2;11;8;2
1;1;17069;1;1;1;;;;6;1;11;1;6;;1;7;8;2
1;1;96893;1;1;1;;;;6;;8;5;1;;1;14;8;2
1;1;174696;1;3;2;;;;6;;11;6;5;2;2;9;8;7
1;1;12315;1;1;2;;;;6;;5;1;6;2;2;11;8;2
1;1;71989;1;1;1;;;;6;;7;;5;;1;15;8;2
1;1;234224;1;2;2;;;;6;;11;;1;1;1;8;8;2
1;1;170810;1;4;1;;;;6;1;6;;;;2;4;8;2
1;1;148267;1;2;2;;;;6;;8;3;5;2;2;11;8;2
1;1;25278;1;3;1;;;;6;2;8;;6;;1;4;8;2
1;1;70559;1;3;1;;;;6;2;6;;;;1;3;8;2
1;1;65546;1;9;2;;;;6;2;10;4;3;2;2;8;8;2
1;1;30450;1;9;2;;;;6;1;11;;6;99;1;6;9;2
1;1;233110;1;3;2;;;;6;1;6;;;;1;3;8;2
1;1;109274;1;9;2;;;;6;;7;;6;;2;9;8;2
1;1;80460;1;1;1;;;;6;;7;6;3;;1;13;8;2
1;1;164271;1;1;1;;;;1;;5;3;5;;2;14;4;2
1;1;152819;1;6;1;;;;6;;8;1;1;;2;6;8;2
1;1;220715;1;2;2;;;;7;;8;6;5;3;1;14;8;2
1;1;202267;1;2;2;;;;6;;1;;5;6;2;14;8;2
1;1;61242;1;1;2;;;;6;;5;1;3;6;2;11;8;2
1;1;211600;1;2;2;;;;6;;11;2;1;2;2;12;8;2
1;1;165316;1;1;2;;;;6;;8;6;3;1;1;10;8;2
1;1;121813;1;3;2;;;;6;1;8;;6;;2;5;8;2
1;1;198129;1;3;1;;;;6;;5;7;2;;2;9;8;2
1;1;93245;1;3;2;;;;6;1;6;;;;1;4;8;2
1;1;37189;1;3;2;;;;6;2;11;;6;;2;5;8;2
1;1;23207;1;1;1;;;;6;;11;;5;;1;15;8;2
1;1;50274;1;1;2;;;;6;;5;;4;6;2;13;8;2
1;1;111724;1;1;2;;;;6;;5;;5;4;2;10;8;2
1;1;137503;1;1;1;;;;6;;11;6;5;;1;8;8;2
1;1;58981;1;2;2;;;;6;;11;6;5;2;2;8;8;2
1;1;1220;1;3;1;;;;6;1;11;;6;;2;6;8;2
1;1;177121;1;1;2;;;;6;;7;;4;4;1;16;8;2
1;1;53055;1;2;2;;;;6;;11;;5;2;1;13;8;7
1;1;168575;2;3;2;;;;6;1;6;;;;2;3;8;2
1;1;94357;1;9;1;;;;6;;8;1;6;;1;6;8;2
1;1;208638;1;3;2;;;;6;2;11;;6;;1;6;8;2
1;1;69567;1;1;2;;;;6;;5;4;6;4;1;8;8;2
1;1;209120;1;8;2;;;;6;;11;;6;1;1;15;8;2
1;1;16332;1;9;2;;5;;6;;1;;;;1;2;8;5
1;1;39099;1;6;1;;;;6;1;6;;;;1;3;8;2
1;1;40473;1;1;1;;;;6;;8;;5;;1;5;9;2
1;1;2254;1;5;1;;;;6;;11;6;5;;1;10;8;7
1;1;133981;1;1;1;;;;6;;5;3;6;;2;8;8;2
1;1;171044;1;10;2;;;;6;1;6;;6;;2;4;8;2
1;1;213711;1;3;2;;;;6;;8;;6;;2;5;8;2
1;1;183747;1;3;2;;;;6;;1;;;;1;2;8;2
1;1;161425;1;1;2;;;;6;;8;6;5;3;1;11;8;2
1;1;89767;1;3;2;;;;6;1;3;;;;2;2;8;2
1;1;121571;1;3;1;;;;6;2;11;;6;;2;6;8;2
1;1;37245;1;3;1;;;;6;2;8;;6;;2;5;8;2
1;1;39696;1;1;2;;;;6;;7;6;1;3;1;9;8;2
1;1;25653;1;3;1;;;;7;2;8;1;6;;1;7;8;2
1;1;197116;1;1;1;;;;6;;6;6;5;;1;12;8;2
1;1;180383;1;3;1;;;;6;;11;6;6;;1;8;8;7
1;1;226883;1;5;2;;;;6;;11;;6;1;1;6;8;2
1;1;126883;1;3;1;;;;6;;8;6;6;;1;11;8;7
1;1;17181;1;2;2;;;;2;;12;1;5;;1;8;8;7
1;1;211631;1;2;2;;;;6;;12;2;5;1;1;10;8;2
1;1;37096;1;3;1;;;;6;;11;1;6;;1;6;8;7
1;1;3876;1;1;2;;;;6;;8;1;3;3;1;8;8;2
1;1;192394;1;3;1;;;;6;1;6;;;;1;4;8;2
1;1;162677;1;6;1;;;;6;;1;;;;1;1;8;
1;1;148981;1;3;2;;;;6;2;11;;6;;1;5;8;2
1;1;201260;1;3;1;;;;6;2;11;;6;;1;6;8;2
1;1;52105;1;1;1;;;;6;;8;1;5;;1;9;8;2
1;1;14951;1;1;1;;;;6;;5;6;5;;1;9;8;2
1;1;181720;1;1;2;;;;6;;11;1;5;;1;8;8;2
1;1;81471;1;6;2;;;;6;2;6;;;;1;3;8;2
1;1;17976;1;3;1;;;;6;1;6;;;;1;3;8;2
1;1;93721;1;3;1;;;;6;1;6;;6;;1;4;8;2
1;1;237834;1;2;2;;;;6;;5;;5;3;2;10;8;2
1;1;211962;1;3;1;;;;6;1;8;;6;;1;5;8;2
1;1;50217;1;3;1;;;;6;;7;6;6;;1;10;8;2
1;1;147916;1;1;1;;;;6;;11;5;5;;1;10;8;2
1;1;92418;1;3;2;;;;6;1;11;;6;;1;6;8;2
1;1;166696;1;9;1;;;;6;;8;1;6;;2;8;8;2
1;1;134143;1;3;1;;;;1;1;6;;;;1;2;8;2
1;1;84506;1;3;2;;;;6;2;11;;6;;1;6;8;7
1;1;181002;1;6;2;;;;6;3;6;;6;;1;4;8;7
1;1;195135;1;1;2;;;;6;;11;;6;2;2;7;8;2
1;1;114177;1;2;2;;;;6;;8;6;5;1;2;8;8;2
1;1;174387;1;1;1;;;;6;;7;1;5;;1;13;8;2
1;1;80891;1;3;1;;;;6;;3;;;;2;2;8;2
1;1;32257;1;1;1;;;;6;;8;5;5;;1;10;8;2
1;1;164685;1;1;2;;;13;6;;1;;4;5;2;13;8;6
1;1;188613;1;2;2;;;;6;;5;1;5;2;2;8;8;2
1;1;242008;1;1;1;;;;6;;8;;5;;2;10;1;2
1;1;186180;1;3;1;;;;6;;11;1;6;;1;8;8;2
1;1;23597;1;3;1;;;;6;;8;6;1;;2;6;8;2
1;1;84634;1;1;1;;;;6;;5;3;5;;2;14;8;2
1;1;69449;1;1;1;;;;6;;5;5;5;;2;8;8;2
1;1;128649;1;3;1;;;;6;;5;1;3;;2;11;8;2
1;1;72878;1;3;2;;;;6;2;11;1;5;1;1;6;8;2
1;1;120477;1;3;1;;;;6;1;11;;6;;2;6;8;2
1;1;212237;1;2;2;;;;6;;11;2;5;2;2;10;8;2
1;1;106759;1;2;2;;;;6;1;11;;1;2;1;5;8;2
1;1;37946;1;1;1;;;;6;;11;1;5;;1;12;8;2
1;1;236325;1;2;2;;;;6;1;11;9;5;99;1;8;9;2
1;1;93131;1;3;2;;;;6;1;6;;;;2;4;8;2
1;1;63653;1;1;1;;;;6;;8;6;1;;2;8;8;2
1;1;128266;1;3;2;;;;6;1;11;;6;;2;6;8;2
1;1;202278;1;3;2;;;;6;;5;1;2;2;1;7;8;2
1;1;73664;1;9;1;;;;6;1;11;6;6;;1;7;8;2
1;1;82261;1;1;1;;;;6;;7;6;5;;2;14;8;2
1;1;30912;1;2;2;;;;6;1;11;;1;99;1;8;9;2
1;1;37589;1;2;2;;;;6;;5;;5;4;2;16;8;2
1;1;126343;1;1;1;;;;6;;1;;4;;2;16;1;2
1;1;186796;1;3;2;;;;6;2;6;;;;1;4;8;2
1;1;122922;1;3;2;;;;6;1;8;;6;;2;5;8;2
1;1;22570;2;2;2;;;;6;;11;6;1;2;1;7;8;2
1;1;80506;1;3;2;;;;6;1;8;;6;;1;5;8;2
1;1;50796;1;3;1;;;;6;;6;1;6;;1;12;1;2
1;1;223915;1;1;1;;;;6;;8;9;6;;1;6;9;2
1;1;89501;1;3;1;;;;6;1;6;;;;1;3;8;2
1;1;62538;1;1;1;;;;6;;11;6;5;;1;12;8;2
1;1;175761;1;1;2;;;;6;;5;6;6;;1;19;8;2
1;1;212443;1;1;1;;;;6;;8;1;6;;1;5;8;2
1;1;19244;1;3;2;;;;6;1;6;;;;1;3;8;2
1;1;106311;1;3;2;;;;6;;2;;;;2;2;8;2
1;1;9449;1;3;1;;;;6;1;11;9;6;;2;7;9;2
1;1;67885;1;2;2;;;;7;;11;1;5;2;1;8;8;2
1;1;115789;1;1;1;;;;6;;8;4;5;;1;9;8;2
1;1;168119;1;1;1;;;;6;;6;7;5;;2;13;8;2
1;1;162452;1;3;1;;;;6;2;6;;;;2;3;8;2
1;1;104186;1;3;1;;;;6;;8;1;6;;2;5;8;2
1;1;117901;1;3;2;;;;6;;11;;6;;2;10;8;2
1;1;136763;1;3;1;;;;6;1;6;;;;2;3;8;2
1;1;2017;1;3;2;;;;6;1;6;;6;;2;4;8;2
1;1;229396;1;3;2;;;;6;;6;;6;1;2;9;8;2
1;1;57959;1;1;1;;;;6;;12;1;5;;1;12;8;2
1;1;58069;1;2;2;;;;6;;8;;5;3;1;16;8;2
1;1;162581;1;6;1;;;;6;1;6;;;;1;4;8;2
1;1;226151;0;12;1;;;;5;;6;;2;;2;9;8;2
1;1;80625;1;3;1;;;;6;2;8;;6;;2;4;8;2
1;1;157474;1;1;1;;;;6;;5;6;3;;1;13;8;2
1;1;150276;1;9;2;;;;6;;11;1;2;1;1;8;8;2
1;1;113312;1;2;2;;;;6;;5;6;5;4;1;12;8;2
1;1;155334;1;2;2;;;;6;;8;;1;1;2;6;8;2
1;1;100549;1;3;2;;;;6;;8;1;6;1;2;7;8;2
1;1;165402;1;3;2;;;;6;1;8;;6;;2;5;8;2
1;1;63320;1;2;2;;;;6;;5;;5;4;2;14;1;2
1;1;15642;2;1;2;;;;6;2;11;;6;;1;5;8;2
1;1;102045;1;3;2;;5;;6;;1;;;;1;2;8;5
1;1;229734;1;3;2;;;;6;;11;1;5;2;1;9;8;2
1;1;36439;1;3;1;;;;6;;10;1;6;;1;8;8;2
1;1;92280;1;1;1;;;;6;;5;6;5;;1;11;8;2
1;1;212288;1;3;1;;;;6;2;8;;6;;1;5;8;2
1;1;120829;1;4;2;;;;6;;8;6;6;;1;6;8;2
1;1;119947;1;3;2;;;;6;1;6;;;;1;3;8;2
1;1;181414;1;1;2;;;;6;;6;6;6;2;1;5;8;2
1;1;217004;1;3;1;;;;6;1;6;;;;2;4;8;2
1;1;87134;1;6;2;;;;6;;8;6;1;1;2;5;8;2
1;1;164292;1;9;2;;;;6;1;8;;6;;1;5;8;2
1;1;52708;1;3;1;;;;6;3;8;;6;;1;5;8;2
1;1;52588;1;3;2;;;;6;;6;;6;;2;8;8;2
1;1;69344;1;2;2;;;;6;;11;;5;3;1;13;8;7
1;1;126758;1;3;1;;;;6;1;6;;;;2;3;8;2
1;1;229293;1;1;1;;;;6;;5;3;5;;2;13;8;2
1;1;141372;1;5;1;;;;6;;7;1;5;;1;8;8;2
1;1;73878;1;1;2;;;;6;;5;;4;6;2;14;8;2
1;1;216481;1;1;2;;;;6;;5;;2;3;1;11;8;2
1;1;96613;1;3;2;;;;6;1;6;;;;2;4;8;2
1;1;103380;1;1;2;;;;6;;5;1;1;7;1;10;8;2
1;1;146193;1;3;1;;;;6;2;6;;6;;1;4;9;2
1;1;77110;1;6;1;;;;6;1;6;;;;1;3;8;2
1;1;196677;1;3;1;;;;6;2;6;;;;2;4;8;2
1;1;180181;1;6;2;;;;6;1;6;;;;2;3;8;2
1;1;105238;1;2;2;;;;6;;11;6;5;99;1;10;8;2
1;1;78140;1;1;1;;;;1;;5;6;2;;1;15;8;2
1;1;22048;1;3;1;;;;6;1;3;;;;1;2;9;2
1;1;134091;1;2;2;;;;6;;11;;5;2;2;9;8;2
1;1;219528;1;2;2;;;;6;;7;;5;4;2;13;8;2
1;1;166963;1;1;1;;;;6;;5;;4;;1;22;8;2
1;1;107080;1;3;2;;;;6;1;3;;;;1;2;8;2
1;1;37155;1;3;1;;;;6;;12;1;6;;1;7;8;2
1;1;225266;1;1;2;;;;6;;7;;4;4;1;15;8;2
1;1;126595;1;3;1;;;;6;;11;;6;;1;6;8;2
1;1;213066;1;1;2;;;;6;;11;1;6;99;1;8;9;2
1;1;110383;1;9;1;;;;6;;5;6;6;;1;14;8;2
1;1;37451;1;3;1;;;;6;;5;;6;;2;9;8;2
1;1;85327;1;1;1;;;;6;;5;;5;;2;9;8;2
1;1;12442;1;2;2;;;;6;;5;3;5;3;2;11;8;2
1;1;131990;1;1;2;;;;6;;8;9;5;99;2;8;9;2
1;1;181102;1;1;2;;;;6;;10;6;4;2;2;14;8;2
1;1;72834;1;1;2;;;;6;;11;;6;;1;17;8;2
1;1;4173;1;3;2;;;;6;;8;;6;1;2;6;8;2
1;1;48741;1;1;1;;;;6;;5;;3;;1;12;9;2
1;1;116358;1;1;1;;;;6;;5;6;5;;2;10;8;2
1;1;68124;1;1;2;;;;6;;6;6;6;3;1;10;8;2
1;1;159733;1;3;1;;;;6;;4;;6;;2;8;7;2
1;1;103324;1;1;2;;;;6;;8;1;1;2;1;7;8;2
1;1;113777;1;3;1;;;;6;;8;1;6;;2;7;8;2
1;1;11769;1;3;1;;;;6;;8;;6;;2;5;8;2
1;1;156098;1;3;2;;;;6;;12;;5;;1;8;8;7
1;1;81151;1;2;2;;;;6;;11;6;5;99;1;10;8;2
1;1;156921;1;3;1;;;;6;;8;1;6;;2;6;8;2
1;1;88394;1;2;2;;;;6;;5;6;5;6;1;9;8;2
1;1;107086;1;3;1;;;;6;1;6;;;;1;3;8;2
1;1;18506;1;2;2;;;;6;;11;;5;;2;8;8;2
1;1;213604;1;3;2;;;;6;2;8;;6;;2;5;8;2
1;1;66248;1;1;1;;;;6;;12;1;1;;1;7;8;7
1;1;167302;1;3;2;;;;6;1;6;;;;1;3;8;2
1;1;191087;1;3;1;;;;6;;8;1;6;;2;9;8;2
1;1;82761;1;3;2;;;;6;;12;6;6;;1;8;8;7
1;1;16670;1;1;1;;;;6;;11;6;1;;1;7;8;2
1;1;8389;1;1;1;;;;7;;8;;3;;1;15;8;7
1;1;22347;1;6;1;;;;6;1;3;;;;2;2;8;2
1;1;192792;1;1;2;;;;7;;1;6;6;3;1;12;8;2
1;1;4469;1;3;1;;;;6;1;8;;6;;1;6;8;2
1;1;211435;1;2;2;;;;6;;12;2;5;1;2;11;8;2
1;1;87963;1;3;1;;;;6;1;6;;;;2;4;8;2
1;1;187105;1;3;1;;;;6;;1;;;;2;2;8;2
1;1;237163;1;3;2;;;;6;1;11;;6;;1;6;8;2
1;1;230001;1;9;2;;;;6;1;6;;6;;2;4;8;2
1;1;135383;1;2;2;;;;6;;5;;5;10;2;12;8;2
1;1;152816;1;1;1;;;;6;;5;1;6;;2;11;8;2
1;1;96354;1;1;1;;;;6;;1;;5;;2;14;8;2
1;1;43564;1;3;1;;;;6;3;6;;;;1;3;8;2
1;1;223391;1;1;1;;;;6;;5;1;1;;2;9;8;2
1;1;206663;1;6;1;;;;6;2;6;;6;;2;4;8;2
1;1;45213;1;1;2;;;;6;;5;;2;5;1;16;7;2
1;1;10930;1;3;2;;;;6;;8;;6;;2;6;8;2
1;1;166498;1;3;1;;;;6;2;6;;6;;1;4;8;2
1;1;206255;1;1;2;;;;6;;5;6;6;10;1;13;8;2
1;1;112605;1;3;1;;;;6;;1;;;;2;2;8;2
1;1;135867;1;1;1;;;;6;;5;1;5;;2;12;8;2
1;1;214492;1;6;1;;;;6;1;6;;;;2;3;8;2
1;1;73732;1;3;1;;;;6;1;6;;;;1;4;8;2
1;1;65602;1;1;1;;;;6;;5;;5;;1;17;8;2
1;1;60691;1;3;2;;;;6;;11;;6;1;1;7;8;2
1;1;50480;3;3;2;;;;6;1;2;;;;2;2;8;2
1;1;171956;1;6;1;;5;;6;;1;;;;2;2;8;5
1;1;232021;1;2;2;;;;6;;5;;1;99;1;13;9;2
1;1;118494;1;3;2;;;;6;;8;;5;1;1;6;8;2
1;1;57116;1;3;1;;;;6;1;6;;6;;2;4;8;2
1;1;44228;1;3;1;;;;6;2;8;;6;;1;5;8;2
1;1;175176;1;3;2;;;;6;3;6;;;;1;3;8;2
1;1;165188;1;3;1;;;;6;2;8;;6;;1;5;8;2
1;1;142228;1;3;2;;;;6;3;8;;6;;1;5;8;7
1;1;84574;1;6;1;;;;6;2;6;;6;;1;4;8;2
1;1;224200;1;2;2;;;;6;;8;;5;2;1;7;8;2
1;1;200139;1;6;1;;;;6;2;3;;;;2;2;8;2
1;1;128349;1;3;1;;;;6;1;6;;;;2;4;8;2
1;1;88274;1;2;2;;;;6;;8;;5;99;1;12;8;2
1;1;201474;1;2;1;;;;6;;8;1;5;;2;10;8;2
1;1;139947;1;1;2;;;;7;;8;9;3;99;1;8;9;2
1;1;102692;1;3;2;;;;6;;11;4;6;;1;7;8;2
1;1;152662;1;1;1;;;;6;;7;2;5;;2;11;8;2
1;1;46402;1;2;1;;;;5;;5;6;5;;1;10;8;2
1;1;134901;1;1;2;;;;6;;8;6;6;99;1;13;8;2
1;1;216689;1;3;1;;;;6;2;6;;;;1;4;8;2
1;1;158273;1;1;2;;;;6;;11;6;4;3;1;13;8;2
1;1;161607;1;1;2;;;;6;;5;6;3;2;1;12;8;2
1;1;242295;1;1;1;;;;6;;11;6;5;;1;11;8;2
1;1;97985;1;3;2;;;;6;1;6;;6;99;1;4;9;2
1;1;74859;1;1;1;;;;6;;5;;5;;1;16;8;2
1;1;79735;1;3;1;;;;6;1;8;;6;;2;5;8;2
1;1;191116;1;3;2;;;;6;3;6;;6;;2;4;8;2
1;1;30547;1;3;1;;;;6;;8;;6;;1;5;8;2
1;1;116393;1;3;2;;;;6;;8;6;6;;2;7;8;2
1;1;142503;1;2;2;;;;6;;5;6;5;1;2;9;8;2
1;1;169473;1;1;1;;;;6;;11;;4;;1;15;8;2
1;1;186449;1;3;2;;;;6;;8;;6;;1;5;8;2
1;1;152685;1;2;2;;;;6;;5;6;5;3;1;9;8;2
1;1;50649;1;1;1;;;;6;;5;6;5;;2;12;8;2
1;1;84611;1;2;2;;;;6;;11;;1;1;1;6;8;2
1;1;100176;1;3;2;;;;6;;6;;;;1;4;8;2
1;1;11295;1;1;2;;;;6;;11;6;3;1;1;8;8;2
1;1;18809;1;3;2;;;;6;1;6;;;;2;4;8;2
1;1;66148;1;2;2;;;;6;2;11;;1;;1;7;8;2
1;1;58302;1;3;1;;;;7;2;6;;6;;1;4;8;2
1;1;144519;1;1;1;;;;6;2;11;9;5;;2;12;9;2
1;1;79065;1;3;2;;;;6;;12;2;6;;1;7;8;7
1;1;137158;1;3;2;;;;6;;11;;6;;2;6;8;7
1;1;121592;1;3;1;;;;6;;11;1;6;;1;9;8;2
1;1;145970;1;1;1;;;;6;;11;1;5;;2;9;8;2
1;1;140179;1;1;2;;;;6;;8;6;6;1;1;9;8;2
1;1;170027;1;6;1;;;;6;1;6;;;;2;3;8;2
1;1;90411;1;2;2;;;;6;;11;;5;99;1;8;8;2
1;1;236539;1;3;2;;;;6;;8;1;6;99;1;9;8;2
1;1;32779;1;5;2;;;;6;1;11;;1;1;1;6;8;2
1;1;172005;1;3;2;;;;6;;8;4;6;1;2;6;8;2
1;1;225341;1;1;1;;;;6;;8;6;5;;1;9;8;2
1;1;164719;1;9;2;;;;6;;8;1;3;1;1;9;8;2
1;1;156963;1;2;2;;;;6;;12;6;1;1;1;8;8;7
1;1;33212;1;1;1;;;;6;;12;;5;;1;19;1;2
1;1;223102;1;1;2;;;;6;;8;8;1;;2;6;8;2
1;1;216041;1;1;2;;;;6;;8;6;6;3;1;8;8;2
1;1;209709;1;9;2;;;;6;;11;1;3;2;1;9;8;2
1;1;225435;1;1;1;;;;6;;6;6;1;;1;9;8;2
1;1;166435;1;3;2;;;;6;;1;;;;1;1;8;
1;1;104620;1;3;2;;;;6;;12;1;6;99;1;7;8;7
1;1;135000;1;3;1;;;;6;1;6;;;;2;3;8;2
1;1;217645;1;3;2;;;;6;1;8;;6;;2;5;8;2
1;1;182293;1;2;2;;;;6;;5;;5;99;1;14;8;2
1;1;144917;1;9;2;;;;6;;6;;6;99;1;5;9;2
1;1;145000;1;3;1;;;;6;1;6;;;;2;3;8;2
1;1;116511;1;1;1;;;;6;;8;6;5;;1;15;8;3
1;1;65695;1;1;2;;;;6;;11;;6;;1;5;8;2
1;1;197132;1;2;1;;;;6;;8;1;5;;2;8;8;7
1;1;16627;1;4;1;;;;6;;7;1;6;;2;8;8;2
1;1;54574;1;3;1;;;;6;;11;6;3;;1;10;8;2
1;1;186407;1;3;2;;;;6;3;8;;6;;1;5;8;2
1;1;223751;1;1;1;;;;6;;8;1;1;;1;8;8;2
1;1;225748;1;1;2;;;;6;;5;;2;99;1;15;8;2
1;1;217684;2;3;1;;;;6;;6;;;;1;3;8;2
1;1;210521;1;1;1;;;;6;;5;6;5;;1;8;8;2
1;1;226151;0;12;1;;;;2;1;11;6;1;;2;9;8;2
1;1;236723;1;3;1;;;;6;;8;;1;;1;7;8;2
1;1;168238;1;1;1;;;;6;;11;1;5;;1;8;8;2
1;1;133203;1;1;2;;;;6;1;8;6;2;99;2;9;8;2
1;1;83861;1;4;1;;;;7;2;11;8;6;;1;5;8;7
1;1;215730;1;7;2;;;;6;;5;;4;2;1;17;7;2
1;1;31183;1;5;1;;;;6;;11;2;5;;1;8;8;2
1;1;51056;1;1;2;;;;6;;5;;5;3;2;13;6;2
1;1;241998;1;9;1;;;;6;;1;9;6;;1;6;8;2
1;1;153718;1;1;1;;;;6;;11;6;5;;1;9;8;2
1;1;172148;1;1;1;;;;6;;11;6;6;;1;8;8;2
1;1;209995;1;3;1;;;;6;1;6;;6;;1;4;8;2
1;1;119638;1;1;1;;;;6;2;11;;6;;1;6;8;2
1;1;61905;1;1;1;;;;6;;3;1;5;;1;7;8;2
1;1;99503;1;3;1;;;;6;1;6;;6;;1;4;8;2
1;1;1814;1;3;1;;;;6;2;10;1;3;;2;10;8;2
1;1;117476;1;1;2;;;;6;;11;6;1;2;1;7;8;2
1;1;230384;1;3;1;;;;6;1;11;1;6;;1;6;8;2
1;1;196911;1;3;2;;;;6;1;11;;6;;1;6;8;2
1;1;43173;1;3;1;;;;6;;1;;;;2;2;8;2
1;1;200193;1;1;1;;;;6;;5;6;5;;1;10;8;2
1;1;92183;1;1;1;;;;6;;11;2;5;;1;13;8;2
1;1;133602;1;3;2;;;;6;1;6;;6;;1;4;8;2
1;1;213017;1;8;1;;;;6;;5;6;5;;1;14;8;2
1;1;91229;1;2;1;;;;6;;12;2;5;;1;9;7;2
1;1;90679;1;9;2;;;;6;;8;8;5;3;1;10;8;2
1;1;86931;1;1;2;;;;6;;7;;3;3;2;10;8;2
1;1;146244;1;3;2;;;;1;;1;;;;1;1;9;
1;1;57583;1;2;2;;;;6;;8;;5;3;2;9;8;2
1;1;9524;1;3;1;;;;6;1;6;;;;1;4;8;2
1;1;164566;1;3;1;;;;6;1;6;;;;1;3;8;2
1;1;213606;1;1;1;;;;6;;8;7;5;;1;9;8;2
1;1;133603;1;1;2;;;;6;;7;1;6;4;1;12;8;2
1;1;163804;1;3;1;;;;6;;1;;;;1;1;8;
1;1;166259;1;6;2;;;;6;2;6;;;;1;3;8;2
1;1;226375;1;1;2;;;;6;;8;;6;1;1;7;8;2
1;1;228448;1;2;1;;;;6;;8;9;5;;1;7;9;2
1;1;212519;1;1;1;;;;6;;8;;5;;1;16;8;2
1;1;226181;1;3;1;;;;6;2;6;;;;1;3;8;2
1;1;52437;1;3;2;;;;6;1;6;;;;2;3;8;2
1;1;67369;1;2;2;;;;6;;12;1;5;1;1;11;8;2
1;1;189039;1;3;1;;;;6;1;6;;;;2;3;8;2
1;1;62771;1;3;1;;;;6;;8;1;6;;2;6;8;2
1;1;199692;1;1;2;;;;6;1;11;;6;99;2;7;9;2
1;1;59381;1;1;2;;;;6;;11;2;3;2;2;11;8;2
1;1;99789;1;3;1;;;;6;;1;;6;;2;7;8;2
1;1;201240;1;4;2;;;;6;1;8;;6;99;2;5;8;2
1;1;135481;1;1;2;;;;6;;12;;4;2;1;16;1;2
1;1;56450;1;3;1;;;;6;;8;1;3;;1;11;8;2
1;1;47340;1;1;2;;;;6;;5;6;3;2;2;13;1;2
1;1;159068;1;5;1;;;;6;;8;1;1;;2;6;8;2
1;1;58006;1;1;1;;;;6;;5;3;5;;2;19;7;2
1;1;76015;1;2;2;;;;6;;8;1;1;1;1;6;8;2
1;1;196487;1;2;2;;;;6;;12;2;5;3;2;8;8;2
1;1;224255;1;3;2;;;;6;1;11;;6;;2;6;8;2
1;1;90486;1;1;2;;;;6;;5;4;6;2;2;10;8;2
1;1;157845;1;1;1;;;;6;;8;;4;;1;16;8;2
1;1;229968;1;3;2;;;;6;;8;1;6;99;1;13;8;2
1;1;150080;1;1;1;;;;6;;5;6;1;;2;12;8;2
1;1;88212;1;9;2;;;;6;;8;;3;1;1;8;8;2
1;1;147595;1;5;2;;;;6;;8;;1;1;1;7;8;2
1;1;213316;1;1;1;;;;6;2;11;1;5;;1;8;8;2
1;1;234607;1;3;1;;;;6;1;8;;6;;2;4;8;2
1;1;219904;1;2;2;;;;6;;5;6;5;2;1;10;8;2
1;1;214890;1;6;1;;;;6;1;8;;6;;2;5;8;2
1;1;84432;1;3;1;;;;6;2;11;;6;;2;6;8;2
1;1;88206;1;1;1;;;;6;;1;;6;;2;18;4;2
1;1;84780;1;1;1;;;;7;;5;1;5;;2;11;8;2
1;1;95780;1;6;1;;;;6;3;3;;;;2;2;8;2
1;1;202132;1;1;1;;;;6;;8;1;5;;2;9;8;2
1;1;235036;1;3;2;;;;6;2;6;;6;;1;4;8;2
1;1;99101;1;3;2;;;;6;;8;1;6;;1;5;5;2
1;1;210621;1;6;1;;;;6;1;3;;;;1;2;8;2
1;1;37175;1;1;1;;;;6;;5;;5;;2;14;8;2
1;1;48963;1;1;1;;;;6;;1;;6;;1;11;8;2
1;1;38131;1;3;1;;;;6;2;6;;6;;1;4;8;2
1;1;146505;1;2;2;;;;6;;8;4;1;2;2;10;8;2
1;1;109729;1;2;2;;;;6;;8;4;5;2;2;10;8;2
1;1;109518;1;3;1;;;;6;3;6;;6;;1;4;8;2
1;1;188864;1;3;1;;;;6;;7;6;6;;1;12;8;7
1;1;218641;1;1;2;;;;6;;5;;4;3;1;16;7;2
1;1;128359;1;2;2;;;;6;;8;;6;;2;7;8;2
1;1;33902;1;1;1;;;;6;;5;1;1;;2;8;8;2
1;1;223162;1;2;2;;;;6;;5;;5;7;2;11;8;2
1;1;203487;1;1;2;;;;6;;6;1;6;2;1;11;8;2
1;1;223139;1;1;1;;;;6;;7;6;6;;1;13;8;2
1;1;88777;1;3;1;;;;6;;1;;;;1;2;8;2
1;1;146563;1;2;2;;;;6;;8;1;5;99;2;13;9;2
1;1;201751;1;3;2;;;;6;;12;6;6;;1;8;8;2
1;1;67033;1;3;2;;;;6;1;6;;;;2;4;8;2
1;1;225614;1;1;1;;;;6;;7;1;5;;2;7;8;2
1;1;89217;1;3;2;;;;6;;11;;6;;1;7;8;2
1;1;201721;1;2;2;;;;6;2;11;9;1;99;1;11;9;2
1;1;2066;1;2;2;;;;6;;8;;5;3;2;10;8;2
1;1;166087;1;2;2;;;;7;;11;;5;2;1;15;8;2
1;1;119766;1;10;1;;;;6;;8;1;6;;1;6;8;2
1;1;64914;1;3;2;;;;6;;12;2;3;1;1;8;8;2
1;1;209273;1;2;2;;;;6;;11;1;5;3;1;10;8;2
1;1;211579;1;3;2;;;;6;1;6;9;;;1;4;8;2
1;1;107463;1;3;1;;;;6;;11;;6;;2;8;8;2
1;1;15604;1;3;2;;;;6;1;8;;6;;2;6;8;2
1;1;47066;1;1;2;;;;6;;5;1;3;4;1;9;8;2
1;1;104299;1;2;2;;;;6;;5;;5;4;2;12;8;2
1;1;233825;1;3;1;;;;6;;6;;6;;2;5;8;2
1;1;50317;1;3;1;;;;6;1;6;;;;1;3;8;2
1;1;197005;1;3;1;;;;6;2;3;;;;1;2;8;2
1;1;94864;1;2;2;;;;6;;5;;6;3;1;15;8;2
1;1;127139;1;3;2;;;;6;1;11;;6;;1;5;8;7
1;1;227276;1;3;1;;;;6;1;6;;;;1;4;9;2
1;1;122189;1;3;2;;;;6;;1;;;;2;3;9;2
1;1;115164;1;3;1;;;;4;;1;;;;1;2;8;2
1;1;19460;1;1;2;;;;6;;12;1;3;;1;8;4;7
1;1;101646;1;9;2;;;;6;1;11;;6;;1;7;8;2
1;1;238266;1;1;1;;;;6;;11;2;1;;1;8;8;2
1;1;155675;1;3;1;;;;6;1;8;;6;;2;5;8;2
1;1;67130;1;2;2;;;;6;2;11;;5;3;2;9;8;2
1;1;209720;1;1;1;;;;6;;10;1;5;;1;9;8;2
1;1;146940;1;1;1;;;;6;2;11;9;5;;1;8;9;2
1;1;218232;1;3;2;;;;6;;12;1;6;1;1;8;8;2
1;1;48368;1;2;1;;;;6;;5;;5;;1;15;7;2
1;1;76286;1;2;2;;;;6;;5;;1;2;2;9;8;2
1;1;109237;1;5;2;;;;6;;5;;5;2;2;9;8;2
1;1;183333;1;1;1;;;;6;;11;1;1;;1;10;8;7
1;1;56811;1;2;2;;;;6;;8;;1;0;1;6;8;2
1;1;65367;1;3;2;;;;6;;5;;6;1;2;9;8;2
1;1;31874;1;1;1;;;;6;;11;;5;;1;15;8;2
1;1;12572;1;6;2;;;;6;;1;;;;2;2;8;2
1;1;121154;1;1;1;;;;6;;5;6;5;;2;13;8;2
1;1;223113;1;3;2;;;;6;1;8;;6;;1;5;8;2
1;1;203171;1;2;2;;;;6;;8;6;5;2;1;10;8;2
1;1;55110;1;3;1;;;;6;;8;6;6;;1;10;8;2
1;1;83660;1;3;2;;;;6;2;6;;;;2;4;8;2
1;1;216044;1;1;2;;;;6;;8;6;3;4;1;14;8;2
1;1;99864;1;3;2;;;;6;1;8;;6;;2;5;8;2
1;1;116651;2;3;1;;;;6;;8;1;6;;1;6;8;2
1;1;151429;1;3;1;;;;6;1;6;;;;2;3;8;2
1;1;96347;1;3;1;;;;6;1;8;;6;;2;5;8;2
1;1;210314;1;6;2;4;;;6;;8;8;6;;1;6;8;9
1;1;38119;1;1;1;;;;6;;5;6;6;;2;10;8;2
1;1;28386;1;3;1;;;;6;;8;1;6;;2;8;8;2
1;1;28974;0;12;1;;;;5;;8;;6;;1;6;8;2
1;1;57447;1;1;1;;;;6;;7;;5;;1;15;8;2
1;1;79154;1;1;2;;;;6;1;11;9;6;99;2;8;9;2
1;1;107013;1;3;2;;;;6;2;6;;6;;1;4;8;2
1;1;100117;1;1;2;;;;6;;5;6;5;4;2;16;8;2
1;1;93882;1;1;1;;;;6;;5;;5;;1;13;8;2
1;1;206938;1;3;1;;;;6;;1;;;;1;2;8;2
1;1;37412;1;2;2;;;;6;;5;;5;5;1;17;8;2
1;1;242044;1;2;2;;;;6;;8;;5;2;2;8;8;2
1;1;226722;1;2;2;;;;6;;5;;5;4;2;16;8;2
1;1;92161;1;3;1;;;;6;;8;1;6;;1;7;8;2
1;1;91735;1;3;1;;;;6;1;6;;;;2;3;8;2
1;1;17281;1;1;2;;;;6;;8;1;6;2;1;10;8;2
1;1;56150;1;3;2;;;;6;;7;6;3;2;2;9;8;2
1;1;148290;1;2;2;;;;6;;11;6;5;2;1;8;8;2
1;1;133279;1;3;2;;;;6;1;6;;;;1;3;8;2
1;1;24392;1;8;1;;;;6;;1;3;4;;2;14;8;2
1;1;7128;1;1;1;;;;6;1;11;9;5;;1;11;9;2
1;1;117417;1;2;2;;;;6;;11;6;5;3;1;13;8;2
1;1;24128;1;5;1;;;;6;;7;1;1;;2;7;8;2
1;1;206700;1;6;1;;;;6;1;6;;;;1;3;8;2
1;1;239717;1;1;1;;;;6;;8;1;5;;2;7;8;2
1;1;44555;1;1;1;;;;6;;11;2;6;;2;7;8;2
1;1;56122;1;2;2;;;;6;;8;7;5;5;1;13;8;2
1;1;82532;1;9;1;;;;6;2;11;;6;;1;5;8;2
1;1;155738;1;6;2;;;;6;1;3;;;;2;2;8;2
1;1;155820;1;1;1;;;;6;;5;6;6;;2;8;8;2
1;1;110948;1;3;2;;;;6;;6;;6;99;1;4;9;2
1;1;237404;1;3;2;;;;6;1;8;;6;;1;4;8;2
1;1;181293;1;3;1;;;;6;;1;;;;2;2;8;2
1;1;227033;1;2;2;;;;6;;8;9;5;99;1;9;9;2
1;1;64845;1;4;2;;;;6;;5;;6;1;2;7;8;2
1;1;83520;1;9;1;;;;6;;8;3;1;;1;6;8;2
1;1;190933;1;2;2;;;;6;;5;;5;99;1;16;9;2
1;1;155766;1;3;1;;;;6;1;6;;;;2;3;8;2
1;1;101552;1;6;1;;;;6;1;6;;;;1;4;8;2
1;1;136934;1;3;1;;;;6;2;3;;;;1;2;8;2
1;1;101281;1;1;2;;;;6;;5;4;6;5;2;12;8;2
1;1;109104;1;4;1;;;;6;1;6;;;;2;4;8;2
1;1;116850;1;1;2;;;;6;;11;1;1;1;1;7;8;2
1;1;241020;1;3;2;;;;6;;1;;;;1;1;8;
1;1;237608;1;10;2;;;;6;;5;4;6;;1;13;8;2
1;1;145729;1;1;1;;;;6;;5;9;5;;1;9;9;2
1;1;216920;1;1;1;;;;6;;11;1;6;;1;9;8;7
1;1;30354;1;3;1;;;;6;2;11;1;6;;1;7;8;2
1;1;56532;1;1;1;;;;6;;5;6;5;;1;11;8;3
1;1;124315;1;1;1;;;;6;;5;1;5;;1;15;8;2
1;1;169637;1;3;2;;;;6;2;3;;;;2;2;8;2
1;1;238090;1;3;2;;;;6;;1;;;;2;2;8;2
1;1;117599;1;1;1;;;;6;;11;1;1;;1;8;8;2
1;1;108449;1;2;2;;;;6;;12;1;5;3;1;12;8;2
1;1;31822;1;1;2;;;;6;;5;3;6;2;2;11;8;2
1;1;11468;1;2;2;;;;6;;7;;5;3;1;11;8;2
1;1;53403;1;3;2;;;;6;;8;;6;;1;5;8;2
1;1;152822;1;1;1;;;;6;;7;5;5;;1;15;8;2
1;1;167520;1;3;2;;;;6;2;6;;;;2;3;8;2
1;1;142373;1;2;1;;;;6;;6;1;1;;1;7;8;2
1;1;110886;1;1;2;;;;6;;5;3;2;3;2;12;8;2
1;1;127293;1;3;1;;;;6;2;6;;6;;2;4;8;2
1;1;55123;1;2;2;;;;6;;5;;5;99;2;17;8;2
1;1;55935;1;2;2;;;;6;;11;;1;99;1;6;8;2
1;1;48016;1;3;2;;;;6;1;6;;;;2;3;8;2
1;1;121238;1;2;2;;;;6;;11;6;5;2;1;9;8;2
1;1;146580;1;3;2;;5;;6;;1;;;;1;2;8;5
1;1;18078;1;1;1;;;;6;;5;1;2;;2;8;8;2
1;1;71133;1;1;1;;;;6;;8;5;5;;2;11;8;2
1;1;45697;1;3;2;;;;6;2;2;;;;1;2;8;2
1;1;196858;1;9;1;;;;6;;1;;6;;1;15;7;2
1;1;33671;1;2;2;;;;6;;11;;5;99;2;12;8;2
1;1;63568;1;5;1;;;;6;;8;2;1;;2;5;8;2
1;1;145132;1;3;1;;;;6;;11;1;6;;2;8;8;2
1;1;7934;1;1;2;;;;6;;5;3;6;2;2;13;8;2
1;1;200421;1;1;1;;;;6;;5;;4;;1;15;8;2
1;1;150518;1;1;1;;;;6;;5;;4;;2;19;8;2
1;1;32455;1;2;2;;;;6;;12;1;5;3;2;12;8;2
1;1;209569;1;3;2;;;;6;;11;1;6;;1;7;8;2
1;1;2345;1;1;1;;;;6;;11;2;5;;2;9;8;2
1;1;97365;1;2;2;;;;6;;5;6;5;3;2;10;8;2
1;1;102537;1;9;1;;;;6;;11;2;6;;1;7;8;2
1;1;149099;1;2;2;;;;6;;5;;1;99;1;17;9;2
1;1;8832;1;2;2;;;;6;;7;;5;4;1;17;8;2
1;1;176466;1;2;2;;;;6;;12;2;5;1;1;9;8;2
1;1;84987;1;6;2;;;;6;;1;;;;1;2;8;2
1;1;181979;1;2;2;;;;6;;8;6;5;1;2;9;8;2
1;1;98990;1;2;2;;;;6;;6;;5;6;2;13;8;2
1;1;216168;1;2;1;;;;6;;7;1;5;;1;12;8;2
1;1;29941;1;9;2;;;;6;1;11;;6;;1;6;8;2
1;1;68401;1;3;1;;;;6;1;11;;6;;2;6;8;2
1;1;26030;1;3;1;;;;6;;8;1;6;;2;6;8;2
1;1;25925;1;3;2;;;;6;2;11;;6;;1;6;8;2
1;1;176542;1;1;1;;;;6;;11;2;5;;2;7;8;7
1;1;107270;1;1;2;;;;6;;5;;4;4;2;9;8;2
1;1;50568;1;1;1;;;;6;;7;1;5;;1;8;8;2
1;1;32355;1;3;2;;;;6;;8;;6;;2;5;8;2
1;1;233914;1;3;1;;;;6;3;6;;;;1;3;8;2
1;1;15535;1;1;1;;;;6;;8;7;5;;1;13;8;2
1;1;92677;1;1;1;;;;6;;6;2;5;;1;12;8;2
1;1;237241;1;3;1;;;;6;;12;1;6;;1;9;8;7
1;1;23087;1;6;2;;;;6;1;2;;;;2;2;8;2
1;1;158201;1;3;1;;;;6;2;11;;6;;1;6;8;7
1;1;134332;1;1;2;;;;6;;8;1;6;2;1;10;5;2
1;1;50943;1;6;1;;;;6;2;8;;6;;1;5;8;7
1;1;50706;1;2;2;;;;6;;7;6;5;4;1;15;8;2
1;1;227498;1;1;1;;;;7;;12;2;5;;1;14;8;2
1;1;187683;1;7;2;;;;6;;5;6;5;2;2;16;1;2
1;1;36525;1;3;1;;;;6;;1;;;;2;2;8;2
1;1;177070;1;9;2;;;;6;;1;;6;;2;8;8;2
1;1;100300;1;2;2;;;;6;;11;1;5;2;1;12;8;2
1;1;188444;1;3;1;;;;6;;8;1;6;;2;6;8;2
1;1;126525;1;3;1;;;;6;;8;1;6;;1;7;8;2
1;1;212912;1;2;1;;;;6;;11;1;1;;1;9;8;2
1;1;162292;1;3;2;;;;6;;8;;6;2;2;7;8;2
1;1;230039;1;1;1;;;;6;;5;;5;;1;17;7;2
1;1;139970;1;1;2;;;;6;;11;1;6;;2;8;8;2
1;1;154922;1;6;2;;;;6;;1;;;;2;2;8;2
1;1;168521;1;3;1;;;;6;;8;;6;;1;6;9;2
1;1;56099;1;3;1;;;;6;1;8;;6;;2;5;8;2
1;1;86057;1;1;1;;;;6;;7;6;5;;1;11;8;2
1;1;118854;1;3;2;;;;6;;6;;;;2;3;8;2
1;1;107427;1;2;2;;;;6;;11;;5;3;1;9;8;2
1;1;17103;1;1;1;;;;6;;1;;5;;2;15;8;2
1;1;236176;1;3;1;;;;6;;7;6;6;;2;8;8;2
1;1;220297;1;9;2;;;;6;;8;6;6;;2;12;8;2
1;1;235761;1;2;2;;;;6;;11;;5;2;1;13;8;2
1;1;174842;1;3;2;;;;6;1;6;;6;;1;4;8;2
1;1;40653;1;3;1;;;;6;2;8;;6;;1;5;8;2
1;1;217291;1;1;1;;;;6;;8;1;5;;1;13;8;2
1;1;15489;1;3;1;;;;6;;12;;3;;1;14;8;2
1;1;29313;1;3;2;;;;6;2;8;;6;;1;5;8;2
1;1;86230;1;1;1;;;;6;;1;;4;;2;20;7;2
1;1;99085;1;6;2;;;;6;2;6;;;;1;3;8;7
1;1;98627;1;9;2;;;;6;1;11;9;6;99;1;6;9;2
1;1;67059;1;3;1;;;;6;;10;1;6;;1;8;8;2
1;1;110248;1;2;2;;;;6;;5;;5;99;1;16;9;2
1;1;12170;1;3;1;;;;6;;5;1;6;;2;7;8;2
1;1;89696;1;1;2;;;;6;;8;4;5;3;1;13;8;2
1;1;88189;1;3;2;;5;;6;;1;;;;1;2;8;5
1;1;108958;1;2;2;;;;6;;10;;5;1;2;8;8;2
1;1;162465;1;3;2;;;;6;2;6;;;;1;3;8;2
1;1;184983;1;2;2;;;;6;;11;1;5;2;1;8;8;2
1;1;163841;1;1;2;;;;6;;5;4;1;2;2;10;8;2
1;1;151512;1;1;1;;;;6;;7;6;5;;1;14;8;2
1;1;39052;1;3;2;;;;6;1;11;;6;;2;5;8;2
1;1;88393;1;1;2;;;;6;;8;;6;2;1;11;8;2
1;1;43517;1;1;1;;;;6;;8;1;6;;1;12;9;2
1;1;211818;1;1;1;;;;6;;11;;5;;1;14;8;2
1;1;188711;1;4;2;;;;7;;8;1;6;;1;5;8;2
1;1;40591;1;3;1;;;;6;2;6;;;;2;3;9;2
1;1;151098;1;3;2;;;;6;1;8;;6;;1;5;8;2
1;1;216835;1;1;1;;;;6;;7;;5;;2;11;8;2
1;1;188429;1;3;1;;;;6;;8;6;1;;2;6;8;2
1;1;103805;1;1;1;;;;6;;5;6;5;;1;11;8;2
1;1;88011;1;3;2;;;;6;;11;1;5;;2;7;8;2
1;1;50990;1;1;2;;;;6;;11;2;5;;1;11;8;2
1;1;57226;1;3;2;;;;6;1;6;;;;2;4;8;2
1;1;202513;1;1;1;;;;6;;8;1;5;;2;11;8;2
1;1;11312;1;1;1;;;;6;;5;6;5;;1;10;8;2
1;1;212347;1;2;2;;;;6;;11;2;5;3;2;13;8;2
1;1;86149;1;3;1;;;;6;1;6;;;;2;3;8;2
1;1;77685;0;12;1;;;;1;;5;;6;;1;7;8;2
1;1;86943;1;1;1;;;;6;;7;6;5;;1;14;8;2
1;1;24624;1;1;2;;;;6;;8;1;2;2;1;8;8;2
1;1;164899;1;2;2;;;;6;;8;1;1;;2;9;8;2
1;1;66226;1;3;2;;;;6;1;11;;6;;1;5;8;2
1;1;226368;1;1;2;;;;6;;11;2;5;2;1;8;8;2
1;1;93470;1;1;1;;;;6;;5;6;5;;2;14;8;2
1;1;36835;1;3;2;;;;6;1;6;;;;1;3;8;2
1;1;76270;1;3;2;;;;6;2;6;;6;;1;4;8;2
1;1;229297;1;2;2;;;;6;;11;1;1;1;1;8;8;2
1;1;202851;1;3;2;;;;6;1;6;;;;1;3;9;2
1;1;48027;1;2;2;;;;6;;8;;5;3;1;12;8;2
1;1;73220;1;3;1;;;;6;2;11;;6;;2;6;8;2
1;1;50189;1;3;1;;;;6;;5;1;5;;2;9;8;2
1;1;220133;1;9;2;;;;6;;8;1;6;2;1;9;8;2
1;1;131062;1;3;2;;;;6;3;6;;;;1;4;8;2
1;1;79555;1;1;2;;;;6;;11;6;3;1;1;9;8;2
1;1;234265;1;1;1;;;;6;1;11;9;1;;1;11;9;2
1;1;127355;1;3;1;;;;6;;10;1;6;;1;8;8;2
1;1;24436;1;3;2;;;;4;1;6;;;;1;3;8;2
1;1;144283;1;1;1;;;;6;;7;6;2;;1;9;8;2
1;1;168037;1;3;1;;;;2;2;6;;;;1;3;8;2
1;1;169672;1;3;1;;;;6;1;6;;6;;2;4;5;2
1;1;89360;1;6;2;;;;6;2;6;;6;;1;4;8;2
1;1;209310;1;1;2;;;;6;;1;;3;7;2;15;8;2
1;1;91382;1;3;1;;;;6;;12;2;6;;1;7;8;2
1;1;169482;1;2;2;;;;6;;11;;5;1;2;7;8;2
1;1;227796;1;3;2;;;;6;;8;6;6;99;1;5;8;2
1;1;36760;1;2;2;;;;6;;1;;5;9;1;12;8;2
1;1;215497;1;6;1;;;;6;;8;;6;;2;7;8;2
1;1;213817;1;3;1;;;;6;;11;1;6;;1;8;8;2
1;1;150273;1;3;2;;;;6;1;8;;6;;1;5;8;2
1;1;9008;1;1;2;;;;6;2;11;;6;99;2;13;9;2
1;1;112233;1;1;2;;;;6;;11;1;5;2;1;11;8;2
1;1;11851;1;1;2;;;;6;;8;2;3;1;2;11;8;2
1;1;117223;1;9;2;;;;6;;7;1;1;;2;8;8;2
1;1;228480;1;1;2;;;;6;;5;6;6;2;1;9;8;2
1;1;17844;1;2;1;;;;6;;8;1;6;;2;9;8;2
1;1;174565;1;2;2;;;;6;;10;1;5;2;2;8;8;2
1;1;180663;1;6;2;;;;6;1;6;;6;;1;4;8;2
1;1;198724;1;1;1;;;;6;;5;1;5;;2;9;8;2
1;1;10068;1;2;1;;;;6;;10;;5;;2;8;8;2
1;1;173096;1;1;2;;;;6;;5;;1;4;2;12;8;2
1;1;86758;1;6;1;;;;6;;1;;;;1;2;8;2
1;1;73625;1;9;2;;;;6;;5;6;5;2;1;11;8;2
1;1;218185;1;9;2;;;;6;2;6;;;;1;3;8;2
1;1;202546;1;3;1;;;;6;2;3;;;;1;2;8;2
1;1;134604;1;3;2;;;;6;2;8;;6;;2;5;8;2
1;1;24745;1;3;2;;;;6;1;6;;;;2;3;8;2
1;1;158828;1;2;2;;;;6;;5;;5;1;2;12;7;2
1;1;168818;1;1;1;;;;6;;5;6;5;;2;10;8;2
1;1;8100;1;3;2;;;;6;;6;;6;1;2;5;8;2
1;1;88274;1;3;1;;;;6;2;8;;6;;1;5;8;2
1;1;55785;1;3;1;;;;6;;8;1;6;;2;7;8;2
1;1;52460;1;1;1;;;;6;;11;1;5;;1;8;8;7
1;1;55868;1;2;2;;;;6;;7;;5;5;1;13;4;2
1;1;210900;1;2;2;;;;6;;8;6;1;3;1;12;8;2
1;1;208772;1;8;2;;;;6;;5;6;6;;2;18;7;2
1;1;47080;1;1;1;;;;6;;11;1;4;;2;12;8;2
1;1;242023;1;5;1;;;;6;;8;;5;;2;9;8;2
1;1;105762;1;3;2;;;;6;;1;;;;1;1;7;
1;1;150914;1;3;1;;;;6;;8;1;6;;1;5;8;2
1;1;11298;1;2;2;;;;6;;8;1;1;3;1;10;8;2
1;1;198857;1;2;1;;;;6;;5;;6;;1;10;1;2
1;1;124043;1;3;1;;;;6;;5;9;5;;1;9;9;2
1;1;37828;1;1;1;;;;6;;5;;5;;1;17;7;2
1;1;143549;1;4;1;;;;6;;8;2;6;;2;6;8;2
1;1;181405;1;3;2;;;;7;;8;6;6;;1;7;8;7
1;1;206993;1;1;1;;;;6;2;11;1;6;;2;6;8;2
1;1;234782;1;3;2;;;;6;;1;;;;1;1;8;
1;1;104914;1;1;1;;;;6;2;11;;6;;2;12;9;2
1;1;18782;1;3;1;;;;6;1;11;6;6;;1;6;8;7
1;1;111062;1;1;1;;;;6;;10;;5;;1;12;8;2
1;1;70562;1;1;1;;;;6;;5;1;5;;2;8;8;2
1;1;75902;1;3;2;;;;6;1;11;;6;;1;6;8;7
1;1;18642;1;1;1;;;;6;;7;1;5;;2;9;8;2
1;1;25068;1;3;1;;;;6;;8;6;6;;2;6;8;2
1;1;6151;1;3;2;;;;6;;1;;;;1;2;9;2
1;1;16864;1;3;2;;;;6;;8;1;6;1;1;13;8;2
1;1;129256;1;2;2;;;;6;;8;6;5;2;2;12;8;2
1;1;95382;1;3;1;;;;6;1;6;;6;;1;4;8;2
1;1;152270;1;1;2;;;;6;;5;;6;7;2;13;8;2
1;1;104456;1;2;2;;;;6;1;11;9;5;99;1;12;9;2
1;1;143493;1;1;2;;;;6;;1;;4;9;2;15;8;2
1;1;179697;1;1;2;;;;6;;5;6;5;99;2;13;8;2
1;1;88890;1;2;2;;;;6;;11;2;5;2;1;9;8;2
1;1;130688;1;3;2;;;;6;;11;;6;;1;14;8;2
1;1;15791;1;3;2;;;;6;1;6;;;;1;3;8;2
1;1;50526;1;1;2;;;;6;1;11;;6;;1;5;8;2
1;1;174793;1;1;1;;;;6;;5;1;5;;2;7;8;2
1;1;147949;1;2;2;;;;6;;11;2;5;1;1;8;8;2
1;1;130294;1;2;2;;;;6;;5;;5;4;2;18;7;2
1;1;31069;1;2;2;;;;6;;5;;5;4;2;15;8;2
1;1;34171;1;1;1;;;;6;;8;1;5;;2;12;8;2
1;1;93949;1;3;1;;;;6;1;8;;6;;1;5;3;2
1;1;72925;1;3;1;;;;6;;11;;6;;2;7;8;2
1;1;16948;1;1;2;;;;6;;11;6;5;2;1;8;8;7
1;1;70039;1;1;1;;;;6;;7;6;4;;1;13;8;2
1;1;241827;1;3;2;;;;6;;1;;;;2;1;8;
1;1;210289;1;1;1;;;;6;;9;2;5;;1;8;8;2
1;1;105350;1;1;1;;;;6;;11;1;5;;2;11;8;2
1;1;234736;1;2;2;;;;6;;7;;5;4;1;15;8;2
1;1;150388;1;5;1;;;;6;;8;1;5;;2;7;8;2
1;1;47518;1;1;1;;;;1;1;6;1;5;;2;11;8;2
1;1;132830;1;3;1;;;;6;1;6;;;;2;4;8;2
1;1;68754;1;10;1;;;;6;1;11;;6;;1;6;8;2
1;1;102942;1;1;1;;;;6;;5;;5;;2;16;8;2
1;1;152984;1;3;1;;;;6;1;6;;;;1;3;8;2
1;1;8165;1;2;2;;;;6;;5;;1;1;1;8;8;2
1;1;15499;1;2;2;;;;6;;8;1;6;;1;6;8;2
1;1;44327;1;1;2;;;;6;;11;;4;1;1;15;8;2
1;1;132770;1;3;2;;;;6;;8;1;6;1;2;7;8;2
1;1;196009;1;1;1;;;;6;;5;2;5;;2;8;8;2
1;1;111391;1;3;1;;;;6;2;6;;6;;1;4;8;2
1;1;152585;1;3;2;;;;6;3;8;;6;;2;4;8;2
1;1;42463;1;6;1;;;;6;2;6;;;;1;3;8;2
1;1;205268;1;2;2;4;;;6;;11;6;5;1;1;9;8;9
1;1;117143;1;8;2;;;;6;;7;;4;4;1;16;8;2
1;1;170195;1;4;2;;;;6;1;6;;;;1;4;8;2
1;1;115572;1;1;1;;;;6;;11;1;2;;1;10;8;7
1;1;46517;1;2;2;;;;7;;5;;5;3;1;15;8;2
1;1;110799;1;10;1;;;;6;;8;1;6;;1;6;8;2
1;1;209382;2;2;2;;;;6;;7;6;5;1;1;10;8;2
1;1;45235;1;1;2;;;;6;;11;2;5;2;2;8;8;2
1;1;212316;1;2;1;;;;6;;11;6;5;;2;9;8;2
1;1;95230;1;3;1;;;;6;1;6;;;;1;4;8;2
1;1;160455;1;2;2;;;;6;;5;;5;3;1;15;8;2
1;1;213804;1;1;1;;;;6;;12;1;5;;1;8;8;2
1;1;18584;1;2;1;;;;6;;6;6;5;;2;7;8;2
1;1;82764;1;1;1;;;;7;;11;;1;;2;15;8;7
1;1;10963;1;3;1;;;;6;;1;;;;1;1;8;
1;1;149761;1;1;1;;;;6;;7;6;1;;2;9;8;2
1;1;148219;1;3;2;;;;6;;10;1;6;;1;6;8;2
1;1;89260;1;2;2;;;;6;;8;;5;4;1;14;8;2
1;1;239014;1;1;1;;;;6;;7;2;5;;2;12;8;2
1;1;80799;1;1;1;;;;6;;12;;5;;2;16;8;2
1;1;161107;1;2;1;;;;6;;5;6;5;;1;13;9;2
1;1;191663;1;1;1;;;;6;;8;6;5;;1;8;8;2
1;1;209875;1;5;2;;;;6;1;11;1;1;1;1;6;5;2
1;1;116829;1;9;2;;;;6;;5;6;6;;2;9;8;2
1;1;8612;1;7;2;;;;6;;11;;6;5;1;12;5;2
1;1;130851;1;3;2;;;;6;1;11;;6;;2;6;8;2
1;1;178275;1;3;2;;;;6;1;11;;6;;1;6;8;7
1;1;35848;1;3;2;;;;6;;12;;6;;2;7;8;2
1;1;140687;1;3;2;;;;6;2;11;;6;;2;5;8;2
1;1;7731;1;5;2;;;;6;;5;9;5;99;1;9;9;2
1;1;204946;1;3;2;;;;6;1;8;;6;;2;5;8;2
1;1;31107;1;3;1;;;;6;;1;;;;1;2;8;2
1;1;78196;1;3;2;;;;6;1;8;;6;;1;5;8;2
1;1;10257;1;1;2;;;;6;;5;;5;9;2;14;8;2
1;1;232456;1;3;1;;;;6;1;11;6;6;;1;6;8;7
1;1;36799;1;1;2;;;;6;;11;;2;2;1;13;8;2
1;1;172313;1;3;1;;;;6;1;6;;;;1;3;8;2
1;1;62458;1;3;1;;;;6;2;6;;6;;1;4;8;2
1;1;127601;1;3;2;;;;6;1;8;;6;;2;5;8;2
1;1;25548;1;1;1;;;;6;;5;6;5;;2;9;8;2
1;1;285;1;1;2;;;;6;;8;1;6;1;2;6;8;2
1;1;160905;1;9;2;;;;6;1;6;;6;99;1;4;9;2
1;1;132947;1;1;1;;;;6;1;11;9;1;;1;12;9;2
1;1;162211;1;2;1;;;;6;;5;;5;;1;17;9;2
1;1;52230;1;3;2;;;;6;;1;1;6;;1;10;7;2
1;1;207126;1;10;2;;;;6;2;11;;6;;2;6;8;2
1;1;158276;1;2;2;;;;6;1;11;9;1;99;1;11;9;2
1;1;16294;1;2;2;;;;6;;8;;1;2;2;7;8;2
1;1;213172;1;2;1;;;;6;;10;1;5;;2;12;8;2
1;1;4904;1;2;2;;;;6;;7;;5;3;1;14;8;2
1;1;54607;1;9;2;;;;6;;11;1;1;;1;11;8;2
1;1;213032;1;3;1;;;;6;2;2;;;;1;2;8;2
1;1;112814;1;2;2;;;;6;;5;;5;5;1;15;8;2
1;1;165255;1;3;1;;;;6;1;6;;;;2;3;8;2
1;1;119543;1;1;1;;;;6;;8;1;5;;1;13;8;2
1;1;73485;1;1;1;;;;6;;12;5;1;;1;8;8;2
1;1;90434;1;1;2;;;;6;;12;1;5;1;1;11;8;2
1;1;220870;1;1;2;;;;6;;11;2;5;99;1;10;8;2
1;1;18359;1;6;2;;;;6;;1;;;;1;2;8;2
1;1;88658;1;3;2;;;;6;2;11;;6;;1;6;8;2
1;1;151304;1;3;1;;;;6;1;11;;6;;1;5;8;2
1;1;217859;1;1;1;;;;6;;8;6;5;;2;8;8;2
1;1;237842;1;1;1;;;;6;;12;1;5;;2;8;8;2
1;1;152702;1;1;1;;;;6;2;11;;6;;1;6;8;7
1;1;57032;1;1;1;;;;6;;11;1;5;;1;10;5;7
1;1;3833;1;9;1;;;;6;;8;6;6;;2;5;8;2
1;1;48444;1;1;1;;;;6;;11;6;5;;1;13;8;2
1;1;22320;1;4;1;;;;6;1;6;;;;2;3;8;2
1;1;169092;1;3;1;;;;6;;8;1;6;;1;6;8;2
1;1;59416;1;2;2;;;;6;;11;6;5;2;1;10;8;2
1;1;148884;1;1;2;;;;6;;11;6;3;;1;11;8;2
1;1;168220;1;1;2;;;;6;;12;2;6;1;1;9;8;7
1;1;36892;1;3;1;;;;6;1;8;;6;;2;5;8;2
1;1;23279;1;1;1;;;;6;;7;;5;;2;15;8;2
1;1;82681;1;3;1;;;;6;;1;;;;2;1;8;
1;1;165689;1;3;1;;;;6;1;11;;6;;1;6;8;2
1;1;197291;1;9;1;;;;6;2;6;;;;1;4;8;2
1;1;213658;1;1;1;;;;6;;8;1;5;;2;11;8;2
1;1;148689;1;2;2;;;;6;;12;2;5;1;1;11;8;2
1;1;25;1;3;1;;;;6;;7;1;1;;2;8;8;2
1;1;231853;1;3;2;;;;6;;1;;;;2;1;8;
1;1;206863;1;3;2;;;;6;;8;1;6;;2;7;8;2
1;1;94623;1;1;2;;;;6;;8;6;5;2;1;10;1;2
1;1;147182;1;2;2;;;;6;;11;2;5;3;1;12;8;2
1;1;72768;1;6;2;;;;6;1;6;;;;2;3;8;2
1;1;17893;1;3;1;;;;6;1;6;;;;2;3;8;2
1;1;99474;1;1;2;;;;6;;8;6;2;1;1;15;8;2
1;1;67891;1;1;2;;;;6;2;11;;6;;1;5;8;2
1;1;213866;1;3;2;;;;6;2;6;;;;1;3;8;2
1;1;59343;1;3;1;;;;6;1;8;;6;;2;5;9;2
1;1;185496;1;1;2;;;;6;;5;1;1;3;2;9;8;2
1;1;114026;1;1;1;;;;6;;8;6;5;;1;10;8;2
1;1;55566;1;2;2;;;;6;;8;;5;3;1;15;8;2
1;1;30722;2;3;2;;;;6;;1;;;;2;2;8;2
1;1;159513;1;1;2;;;;6;;11;2;5;2;1;13;8;2
1;1;87594;1;3;1;;;;6;;7;1;6;;1;9;8;2
1;1;203385;1;3;1;;;;6;1;6;;;;1;3;8;2
1;1;96588;1;1;1;;;;6;2;11;9;5;;1;12;9;2
1;1;99496;1;3;2;;;;6;;8;6;5;2;2;7;8;2
1;1;212893;1;3;1;;;;6;1;6;;;;1;4;8;2
1;1;4347;1;2;1;;;;6;;6;1;1;;1;6;8;2
1;1;16984;1;3;1;;;;6;1;6;;;;2;4;8;2
1;1;91099;1;1;1;;;;6;;11;2;5;;2;14;8;2
1;1;121994;1;3;2;;;;6;1;8;;6;;2;5;8;2
1;1;16812;1;3;1;;;;6;;11;1;6;;1;7;8;2
1;1;213442;1;1;1;;;;2;;5;;1;;2;10;8;2
1;1;56882;1;3;1;;;;6;;1;;;;2;2;8;2
1;1;8518;1;3;2;;;;6;1;6;;;;2;4;8;2
1;1;145256;1;1;1;;;;6;;8;9;5;;1;6;9;2
1;1;180782;1;1;1;;;;6;;5;;6;;1;17;9;2
1;1;79860;1;1;1;;;;6;;5;1;6;;2;8;8;2
1;1;96331;1;3;1;;;;6;1;6;;;;2;4;8;2
1;1;148381;1;9;2;;;;6;1;11;;6;;1;6;8;2
1;1;2109;1;1;2;;;;6;;11;;6;;1;16;8;2
1;1;197027;1;1;1;;;;6;;13;7;5;;2;9;8;2
1;1;92818;1;1;2;;;;6;;5;;1;3;2;7;8;2
1;1;78474;1;1;1;;;;6;;7;6;5;;1;12;8;2
1;1;126454;1;3;2;;;;6;1;6;;6;;1;5;8;2
1;1;24386;1;1;2;;;;6;;7;5;1;2;1;7;8;2
1;1;164212;1;3;2;;;;6;;8;1;6;2;2;7;8;2
1;1;8280;1;2;2;;;;6;;5;6;5;2;2;9;8;2
1;1;225746;0;13;1;;;;6;;5;1;2;;1;8;8;2
1;1;31528;1;2;2;;;;6;;5;;6;5;2;11;7;2
1;1;18907;1;3;1;;;;6;2;11;2;6;;2;8;8;2
1;1;191759;1;2;1;;;;6;;11;1;5;;1;7;8;2
1;1;155663;1;1;1;;;;6;;8;1;5;;2;13;8;2
1;1;16911;1;1;2;;;;6;;5;;1;3;1;11;8;2
1;1;108849;1;3;2;;;;6;;11;1;5;1;2;8;8;2
1;1;65851;1;3;1;;;;6;1;3;;;;2;2;9;2
1;1;215276;1;6;1;;;;6;1;6;;;;2;3;8;2
1;1;67927;1;1;1;;;;6;;5;1;1;;1;10;8;2
1;1;90487;1;2;1;;;;6;;5;;5;;2;17;2;2
1;1;49305;1;3;1;;;;6;1;6;;;;2;3;8;2
1;1;169401;1;2;2;;;;6;;7;;5;2;1;16;8;2
1;1;106679;1;5;1;;;;6;;11;1;1;;2;8;8;2
1;1;163240;1;3;1;;;;6;1;6;;6;;2;4;8;2
1;1;62156;1;1;1;;;;6;;1;;5;;2;17;8;2
1;1;88917;1;2;2;;;;6;;8;6;5;2;1;9;8;2
1;1;29028;1;3;2;;;;6;1;11;;6;;1;5;8;2
1;1;236961;1;3;2;;;;4;1;6;;6;;1;4;8;2
1;1;227882;1;3;2;;;;6;;11;1;6;;1;8;8;2
1;1;38151;1;1;1;;;;6;;5;6;5;;1;18;8;2
1;1;47802;1;3;2;;;;6;1;9;;6;;2;6;8;2
1;1;152649;1;3;2;;;;6;1;8;;6;;2;5;8;2
1;1;101698;1;2;1;;;;6;;11;6;1;;1;9;8;2
1;1;242429;1;1;2;;;;6;;5;;5;3;1;12;8;2
1;1;156329;1;9;2;;;;6;;11;1;6;;1;7;8;2
1;1;104139;1;2;2;;;;6;;5;;1;2;1;7;8;2
1;1;197084;1;1;1;;;;6;;12;2;1;;2;8;8;2
1;1;223355;1;3;1;;;;6;1;6;;;;1;3;8;2
1;1;168381;1;3;1;;;;6;2;8;;6;;1;5;8;2
1;1;25697;1;1;1;;;;6;;5;1;5;;1;12;8;2
1;1;72617;1;6;2;;;;6;1;11;;6;;2;5;8;2
1;1;102203;1;4;2;;;;6;1;11;;6;;2;6;8;2
1;1;177267;1;2;2;;;;6;1;11;9;5;99;1;8;9;2
1;1;17947;1;2;2;;;;6;;6;;6;4;1;15;8;2
1;1;136145;1;1;2;;;;6;;11;;1;1;2;7;8;7
1;1;164545;1;2;2;;;;6;;8;;5;2;2;7;8;2
1;1;92663;1;1;2;;;;6;1;11;;3;99;2;11;9;2
1;1;76638;1;1;1;;;;6;;8;2;1;;1;9;8;2
1;1;91383;1;3;1;;;;6;;11;;6;;1;7;8;2
1;1;187057;1;2;2;;;;6;;11;1;5;2;1;9;8;2
1;1;193398;1;9;2;;;;6;;11;1;5;2;1;9;8;2
1;1;194835;1;3;2;;;;6;1;3;;;;1;2;8;2
1;1;180081;1;3;2;;;;6;;1;;;;1;1;8;
1;1;15894;1;3;2;;;;6;3;8;;6;;1;5;8;2
1;1;148149;1;3;2;;;;6;;11;2;6;;2;10;8;2
1;1;19477;1;3;2;;;;6;2;10;1;6;;2;5;8;2
1;1;232735;1;1;1;;;;6;;8;2;5;;1;14;8;2
1;1;433;1;2;2;;;;6;;5;6;5;4;2;14;8;2
1;1;35849;1;3;1;;;;6;;11;7;6;;2;6;8;2
1;1;173074;1;3;1;;;;6;1;11;;6;;1;6;2;2
1;1;208574;1;3;1;;;;6;;8;;6;;1;5;8;2
1;1;46344;1;1;1;;;;6;;5;6;5;;2;12;8;2
1;1;110890;1;3;2;;;;6;1;11;;6;;1;5;8;2
1;1;150804;1;3;1;;;;6;4;2;;;;1;2;8;2
1;1;227729;1;3;2;;;;6;3;3;;;;1;2;8;2
1;1;49865;2;2;2;;;;6;;6;;1;3;2;7;8;2
1;1;164558;1;3;1;;;;6;3;6;;6;;2;4;8;2
1;1;16707;1;3;2;;;;6;1;6;;6;;2;4;8;2
1;1;134339;1;9;2;;;;6;1;11;;6;;1;5;8;2
1;1;41886;1;3;2;;;;6;;1;;;;2;3;9;2
1;1;129680;1;3;1;;;;6;1;3;;;;1;2;8;2
1;1;92456;1;1;2;;;;6;;8;;5;2;1;10;8;2
1;1;226932;1;6;2;;;;6;1;6;;6;;2;4;8;2
1;1;90547;1;3;1;;;;6;1;6;;;;2;4;8;2
1;1;57602;1;3;2;;;;6;;8;8;6;;1;8;8;2
1;1;112788;1;3;2;;;;6;;1;;;;1;2;9;2
1;1;59067;1;3;1;;;;7;2;6;;6;;1;4;8;2
1;1;165308;1;1;1;;;;6;;11;1;5;;1;9;8;2
1;1;114542;1;3;2;;;;6;1;6;;;;2;3;8;2
1;1;178594;1;2;2;;;;6;;5;1;6;3;2;7;8;2
1;1;85296;1;2;2;;;;6;;8;;5;2;2;8;8;2
1;1;81279;1;2;2;;;;6;;5;;5;99;1;15;8;2
1;1;137142;1;1;1;;;;6;;12;6;5;;1;9;8;7
1;1;140533;1;3;1;;;;6;1;6;;6;;2;4;8;2
1;1;135242;1;6;1;;;;6;1;2;;;;2;2;8;2
1;1;107362;1;3;2;;;;6;2;11;1;6;;1;6;7;2
1;1;29334;3;1;1;;;;6;;8;1;1;;2;9;8;2
1;1;216300;1;3;1;;;;6;;1;;;;2;1;8;
1;1;151058;1;1;2;;;;7;;7;6;5;3;1;13;8;2
1;1;119945;1;1;1;;;;6;;5;1;5;;1;10;8;2
1;1;44944;1;2;2;;;;6;;12;2;5;1;2;12;8;2
1;1;234599;1;1;1;;;;6;;8;1;5;;2;11;8;2
1;1;6407;1;3;1;;;;6;2;6;;;;1;3;8;2
1;1;111306;1;3;2;;;;6;;5;;6;;2;7;8;2
1;1;44911;1;3;2;;;;6;;11;;6;;2;6;8;2
1;1;157732;1;1;2;;;;6;;5;;4;8;1;18;8;2
1;1;133792;1;4;1;;;;6;1;6;;;;1;3;8;2
1;1;212960;1;1;2;;;;6;;5;6;5;8;1;16;8;2
1;1;99819;0;12;2;;;;7;;11;3;5;4;1;12;8;2
1;1;123992;1;2;2;;;;6;;5;3;5;3;2;14;8;2
1;1;163031;1;1;1;;;;6;;11;;5;;1;17;8;2
1;1;173861;1;1;2;;;;6;;1;;4;6;2;19;8;2
1;1;68351;1;3;2;;;;6;;1;;;;2;3;8;2
1;1;116680;1;3;1;;;;6;;1;;;;1;2;8;2
1;1;109290;1;3;2;;;;6;1;6;;;;1;3;8;2
1;1;157659;1;7;2;;;;6;;5;6;2;4;1;14;8;2
1;1;218941;1;3;2;;;;6;1;6;;;;2;3;9;2
1;1;182563;1;2;2;;;;6;;12;2;5;2;1;11;8;2
1;1;26379;1;2;1;;;;6;;11;1;5;;2;9;8;2
1;1;66630;1;3;1;;;;6;1;6;;;;2;3;8;2
1;1;219182;1;1;1;;;;6;;8;1;1;;1;7;8;2
1;1;219399;1;3;2;;;;6;1;6;;;;1;4;8;2
1;1;12865;1;2;2;;;;7;;8;5;5;3;1;13;8;2
1;1;131124;1;9;2;;;;6;;8;;6;99;1;5;9;2
1;1;134657;1;3;1;;;;6;;8;6;6;;2;6;8;2
1;1;39564;1;9;1;;;;6;;5;1;5;;1;13;8;2
1;1;227385;1;3;1;;;;6;2;6;;;;1;3;8;2
1;1;101286;1;1;1;;;;6;;12;1;5;;2;10;8;2
1;1;177998;1;3;2;;;;7;1;6;;;;1;4;8;7
1;1;59206;1;1;2;;;;6;;7;;5;1;1;13;8;2
1;1;7032;1;3;1;;;;1;1;3;;;;2;2;8;2
1;1;237190;1;3;2;;;;6;;5;7;6;3;2;7;8;2
1;1;116937;1;5;1;;;;6;;8;1;5;;1;8;8;2
1;1;17244;2;1;2;;;;6;1;11;1;2;1;2;6;8;2
1;1;237405;1;1;1;;;;6;;12;5;1;;1;13;8;2
1;1;225330;1;2;2;;;;6;;11;1;5;3;1;11;8;2
1;1;215106;1;1;2;;;;6;;5;;4;99;2;17;7;2
1;1;217943;1;3;1;;;;6;1;11;;6;;1;6;8;2
1;1;126100;1;3;1;;;;6;;8;;6;;2;6;9;2
1;1;238744;1;1;2;;;;6;;5;;4;3;1;17;8;2
1;1;128066;1;1;2;;;;6;;8;6;5;3;1;8;8;2
1;1;9547;1;1;2;;;;6;;8;;6;2;2;8;8;2
1;1;162211;1;3;2;;;;6;;6;;6;99;1;4;9;2
1;1;86436;1;1;1;;;;6;;11;1;5;;1;13;8;2
1;1;197466;1;3;2;;;;6;1;6;;;;2;3;8;2
1;1;3778;1;3;2;;;;6;1;6;;;;1;3;8;2
1;1;174101;1;1;1;;;;6;;11;2;1;;1;10;8;2
1;1;191162;1;3;2;;;;6;2;6;;;;2;4;8;2
1;1;24078;1;1;1;;;;6;2;11;;6;;1;6;8;2
1;1;80654;1;3;1;;;;6;1;3;;;;1;2;8;2
1;1;30590;1;2;2;;;;6;;7;;1;2;1;11;8;2
1;1;206634;1;3;2;;;;4;;8;;6;;1;6;5;2
1;1;174896;1;1;1;;;;6;;8;1;1;;2;7;8;2
1;1;165725;1;1;1;;;;6;2;11;1;6;;1;7;8;2
1;1;236293;1;3;2;;;;6;1;6;;;;1;4;8;2
1;1;62470;1;1;2;;;;6;;5;;5;2;2;14;8;2
1;1;23884;1;2;2;;;;6;;8;6;1;2;2;8;8;2
1;1;219015;1;1;1;;;;6;;5;1;6;;1;11;1;2
1;1;186128;1;2;1;;;;6;;5;3;1;;2;10;8;2
1;1;58165;1;1;1;;;;6;;11;6;6;;1;10;8;2
1;1;90394;1;2;2;;;;6;;11;5;5;2;1;7;8;7
1;1;96260;1;1;1;;;;6;;12;2;6;;1;9;8;2
1;1;12424;1;2;2;;;;6;;11;;1;1;1;6;8;2
1;1;188876;1;1;1;;;;6;;5;;5;;1;16;8;2
1;1;187596;1;6;1;;;;6;1;3;;;;2;2;8;2
1;1;197341;1;3;2;;;;6;;8;4;6;;2;7;8;2
1;1;136771;1;9;2;;;;6;;11;1;6;;1;7;8;2
1;1;123677;1;1;1;;;;6;;5;1;5;;1;14;8;2
1;1;30571;1;6;1;;;;6;2;2;;;;1;2;8;2
1;1;106407;1;3;2;;;;1;1;6;;;;1;4;8;2
1;1;150394;1;1;2;;;;6;;11;2;1;;2;9;8;2
1;1;235468;1;2;2;;;;6;;11;;5;3;1;15;8;2
1;1;151251;1;7;2;;;;6;;10;;4;2;1;16;8;2
1;1;94592;1;6;1;;;;6;;8;3;6;;2;6;8;2
1;1;170207;1;1;1;;;;6;;11;2;5;;1;10;8;2
1;1;113764;1;1;2;;;;6;;5;4;6;4;1;8;7;2
1;1;111338;1;9;1;;;;6;;8;1;3;;2;8;8;2
1;1;189191;1;1;2;;;;6;;8;4;6;2;2;9;8;2
1;1;31288;1;9;1;;;;6;1;8;;6;;2;5;8;2
1;1;20627;1;1;1;;;;6;;8;1;5;;1;10;8;2
1;1;31547;1;2;1;;;;6;;8;1;5;;1;12;8;2
1;1;221886;1;1;2;;;;6;;5;;6;99;2;10;8;2
1;1;35937;1;1;2;;;;6;;5;4;6;99;1;13;8;2
1;1;64828;1;3;1;;;;6;;5;1;5;;1;11;8;2
1;1;63887;1;5;2;;;;6;;6;4;1;99;1;8;8;2
1;1;14304;1;2;2;;;;6;2;11;;1;99;2;7;9;2
1;1;114820;1;3;1;;;;7;2;11;;6;;1;6;8;2
1;1;105651;1;3;2;;;;6;2;11;;6;99;2;5;8;7
1;1;145762;1;1;2;;;;6;;12;2;3;1;1;10;8;2
1;1;200285;1;3;2;;;;6;;12;2;3;99;1;11;9;2
1;1;93815;1;1;2;;;;6;;5;;5;3;1;10;8;2
1;1;242150;1;2;2;;;;5;;8;1;1;;1;6;8;2
1;1;151166;1;2;2;;;;6;;11;2;5;1;2;13;8;2
1;1;156691;1;3;2;;;;6;;5;6;6;;2;9;8;2
1;1;177577;1;1;2;;;;6;;5;1;5;99;2;9;8;2
1;1;188892;1;9;1;;;;6;;8;3;6;;2;6;8;2
1;1;3203;1;2;2;;;;6;;8;;5;2;2;8;8;2
1;1;165166;1;1;1;;;;6;;8;6;4;;1;13;8;2
1;1;157917;1;1;1;;;;6;;12;1;6;;1;8;8;2
1;1;4418;1;1;1;;;;6;;8;;5;;2;9;8;2
1;1;79433;1;2;2;;;;6;;7;;5;3;1;14;8;2
1;1;32999;1;2;2;;;;6;;8;;1;1;2;7;8;2
1;1;121322;1;2;2;;;;6;;5;;5;2;1;14;8;2
1;1;93747;1;3;1;;;;6;1;11;;6;;1;6;8;7
1;1;138335;1;9;1;;;;7;;11;;6;;1;16;8;2
1;1;192114;1;1;1;;;;6;;5;6;5;;1;17;8;2
1;1;103114;1;6;1;;;;6;2;6;;;;1;3;8;2
1;1;234362;1;3;1;;;;6;1;6;;;;2;4;8;2
1;1;73946;1;7;1;;;;6;;5;;3;;2;15;8;2
1;1;12114;1;1;1;;;;6;;7;1;5;;2;10;8;2
1;1;92602;1;1;2;;;;6;;11;;5;2;1;14;8;2
1;1;16952;1;1;1;;;;6;;8;5;5;;1;10;8;2
1;1;61979;1;1;1;;;;6;;8;2;5;;1;14;5;2
1;1;25658;1;1;1;;;;6;;5;;5;;1;13;8;2
1;1;235435;1;1;1;;;;6;;11;6;5;;1;11;8;2
1;1;191059;1;3;2;;;;6;;8;;6;99;1;5;9;2
1;1;81056;1;7;2;;;;6;;5;1;3;2;2;12;8;2
1;1;136399;1;1;1;;;;6;;8;1;5;;1;13;8;7
1;1;183246;1;1;2;;;;6;;7;1;3;2;1;11;8;2
1;1;176215;1;3;1;;;;6;2;11;1;5;;2;8;8;2
1;1;146440;1;2;2;;;;6;;12;2;5;3;1;11;8;2
1;1;36998;1;1;2;;;;6;;6;;6;2;1;7;8;2
1;1;171186;1;3;1;;;;6;1;6;;;;2;3;8;2
1;1;193117;1;2;2;;;;6;;8;;5;2;2;8;8;2
1;1;4536;1;2;2;;;;6;;8;;1;99;1;6;8;2
1;1;19739;1;6;2;;;;6;;1;;;;2;2;8;2
1;1;201289;1;3;2;;;;6;1;6;;;;1;3;8;2
1;1;24517;1;2;2;;;;6;;5;;5;99;1;14;9;2
1;1;45528;1;3;1;;;;6;;11;;6;;1;7;8;2
1;1;47220;1;3;1;;;;6;1;6;;6;;1;4;8;2
1;1;41889;1;3;1;;;;6;;1;;;;1;1;9;
1;1;31228;1;3;2;;;;6;2;12;;5;3;1;9;8;7
1;1;159019;1;3;2;;;13;1;1;6;;;;1;4;8;6
1;1;220847;1;1;1;;;;6;;5;5;5;;2;12;8;2
1;1;234258;1;2;2;;;;6;;11;1;5;2;1;9;8;2
1;1;74220;1;1;2;;;;6;;4;6;6;1;2;13;8;2
1;1;113213;1;1;1;;;;6;;11;6;5;;1;12;8;7
1;1;37147;1;2;2;;;;1;;5;;5;5;2;10;8;2
1;1;19686;1;3;2;;5;;6;;1;;;;1;2;8;5
1;1;192520;1;3;2;;;;6;1;6;;;;2;4;8;2
1;1;150173;1;3;2;;;;6;2;8;;6;;1;5;8;2
1;1;179753;1;1;1;;;;6;;8;1;5;;1;11;8;2
1;1;91772;1;1;1;;;;6;;11;1;1;;1;9;8;2
1;1;192293;1;2;2;;;;6;;11;2;5;2;1;9;8;2
1;1;70353;1;3;1;;;;6;1;6;;;;2;4;8;2
1;1;211533;1;3;1;;;;6;2;3;;;;1;2;8;2
1;1;166436;1;3;1;;;;6;;8;;6;;1;5;8;2
1;1;241102;1;3;2;;;;6;1;6;;;;1;3;8;2
1;1;24696;1;2;2;;;;5;;7;7;5;2;1;13;8;2
1;1;238428;1;1;2;;;;6;;7;;4;3;1;17;8;2
1;1;75237;1;1;1;;;;6;;8;5;1;;2;8;8;2
1;1;210164;1;1;1;;;;6;;11;2;5;;2;10;8;7
1;1;36484;1;1;2;;;;6;;5;;2;1;2;12;8;2
1;1;124235;1;1;2;;;;6;;5;1;2;3;2;9;5;2
1;1;196822;1;2;2;;;;6;;12;2;5;2;1;9;8;2
1;1;122741;1;1;1;;;;6;;11;6;5;;1;12;8;2
1;1;147884;1;1;1;;;;6;;11;2;5;;1;12;8;2
1;1;45387;1;2;2;;;;6;;11;1;1;1;1;7;8;2
1;1;78312;1;2;2;;;;6;;5;1;5;5;2;14;8;2
1;1;160278;1;1;1;;;;6;;11;1;5;;1;8;8;2
1;1;175256;1;1;1;;;;6;;10;5;5;;1;10;8;2
1;1;44150;1;3;1;;;;6;2;11;6;6;;1;7;8;2
1;1;112414;1;3;1;;;;6;1;6;;;;1;4;8;2
1;1;151235;1;3;1;;;;6;1;11;;6;;1;5;8;2
1;1;137375;1;2;2;;;;6;;1;;5;7;2;17;7;2
1;1;137720;1;10;2;;;;6;;5;1;6;;1;11;8;2
1;1;221382;1;1;2;;;;6;;8;4;6;2;2;8;8;2
1;1;168894;1;3;1;;;;6;;11;6;6;;1;8;8;2
1;1;33622;1;1;1;;;;6;;11;6;5;;1;16;8;2
1;1;110018;1;3;1;;;;6;2;6;;;;2;3;8;2
1;1;111807;1;1;2;;;;6;;11;;5;99;1;9;8;2
1;1;77577;1;2;2;;;;6;;12;6;1;1;1;10;8;2
1;1;143913;1;3;1;;;;6;1;6;;;;2;3;8;7
1;1;225480;1;9;2;;;;6;1;6;;;;1;3;8;2
1;1;191098;1;2;2;;;;6;;5;;5;1;2;14;8;2
1;1;191343;1;1;1;;;;2;;11;5;5;;1;10;8;2
1;1;125970;1;1;1;;;;6;;5;6;1;;2;13;8;2
1;1;197524;1;2;2;;;;6;;6;;1;3;2;10;8;2
1;1;178697;1;3;1;;;;6;;5;1;6;;1;7;3;2
1;1;25627;1;2;2;;;;6;;8;6;5;1;1;14;8;2
1;1;126315;1;1;2;;;;6;;11;;5;1;1;12;8;2
1;1;186817;1;9;2;;;;6;;6;;1;;2;5;8;2
1;1;135563;1;2;2;;;;6;;5;;5;2;2;18;7;2
1;1;89643;1;2;2;;;;6;;11;5;1;2;1;9;8;2
1;1;22810;1;3;1;;;;6;1;6;;6;;2;4;8;2
1;1;222841;1;2;1;;;;6;;8;1;1;;2;7;8;2
1;1;115485;1;1;1;;;;6;;8;1;6;;1;6;8;2
1;1;104124;1;3;1;;;;6;1;8;;6;;2;4;8;2
1;1;63243;1;1;2;;;;6;;8;;3;3;1;9;8;2
1;1;73590;1;1;1;;;;6;;7;6;5;;2;13;8;2
1;1;221420;1;9;2;;;;6;;10;;6;;1;6;8;2
1;1;126334;1;3;1;;;;6;;6;;;;1;4;8;2
1;1;146592;1;3;1;;;;6;;8;2;5;;1;7;8;2
1;1;188930;1;1;2;;;;6;;5;;5;8;2;15;8;2
1;1;52691;1;2;2;;;;6;;10;2;1;2;2;9;8;2
1;1;90727;1;6;2;;;;6;;1;;;;1;2;8;2
1;1;25141;1;2;2;;;;6;;5;;1;99;1;11;9;2
1;1;213761;1;3;2;;;;6;1;11;1;6;;1;6;8;2
1;1;56708;1;6;1;;;;6;1;6;;;;2;3;8;2
1;1;81302;1;3;1;;;;6;;8;1;6;;1;6;8;2
1;1;15789;1;1;1;;;;6;;5;6;5;;2;14;8;2
1;1;66957;1;7;2;;;;6;;5;;6;2;1;18;8;2
1;1;224443;1;2;2;;;;6;;11;;5;2;2;10;8;2
1;1;101416;1;1;1;;;;6;;5;6;5;;2;10;8;2
1;1;187496;1;1;1;;;;6;;5;;5;;2;16;7;2
1;1;168462;1;8;2;;;;6;;5;;4;3;1;16;8;2
1;1;176442;1;2;2;;;;6;;10;1;5;;1;7;8;2
1;1;119750;1;1;1;;;;6;;10;1;5;;1;9;8;2
1;1;141216;1;1;2;;;;6;;5;4;4;4;2;13;8;2
1;1;31862;1;3;2;;;;6;;8;;1;1;2;7;8;2
1;1;68234;1;3;2;;;;6;;1;;6;;2;9;7;2
1;1;143066;1;3;2;;;;6;1;6;;;;2;3;8;2
1;1;118460;1;2;2;;;;6;;8;6;5;2;2;11;8;2
1;1;90572;1;3;1;;;;6;1;8;;6;;2;5;8;2
1;1;39288;1;2;2;;;;6;;5;6;5;4;2;9;8;2
1;1;56552;1;1;1;;;;6;;7;1;5;;1;9;8;2
1;1;41366;1;9;1;;;;6;;11;1;6;;1;7;8;2
1;1;100634;1;1;1;;;;6;;8;1;1;;1;10;8;3
1;1;123371;1;1;2;;;;6;;1;;6;8;2;18;7;2
1;1;241380;1;3;1;;;;6;2;8;;6;;2;5;8;7
1;1;79456;1;2;2;;;;6;;8;6;5;1;2;10;8;2
1;1;62712;1;2;2;;;;6;;8;6;1;2;1;7;8;2
1;1;230145;1;1;1;;;;6;;7;6;5;;2;9;8;2
1;1;39538;1;6;1;;;;6;2;2;;;;1;2;8;2
1;1;194974;1;2;2;;;;6;;11;6;5;2;1;12;8;2
1;1;215285;1;1;2;;;;6;;11;1;6;1;1;7;8;2
1;1;79677;1;7;2;;;;7;;11;;5;4;1;15;8;2
1;1;233720;1;1;1;;;;6;;7;6;5;;1;12;8;2
1;1;12347;1;3;1;;;;6;2;8;;6;;1;4;8;2
1;1;22728;1;3;2;;;;6;;1;;;;1;2;8;2
1;1;56888;1;9;1;;;;6;1;6;;;;2;4;9;2
1;1;203686;1;9;2;;;;6;1;6;;6;;2;4;8;2
1;1;153348;1;1;2;;;;6;;8;6;6;3;2;9;8;2
1;1;162174;1;2;2;;;;6;;11;1;5;2;1;12;8;2
1;1;171348;1;9;2;;;;6;;8;9;6;99;1;6;9;2
1;1;162490;1;3;1;;;;6;2;10;6;6;;1;6;8;2
1;1;73141;1;1;1;;;;6;;11;1;5;;1;10;8;2
1;1;209277;1;3;2;;;;6;;8;6;6;;2;8;8;2
1;1;969;1;9;1;;;;6;2;11;;6;;1;6;8;2
1;1;57123;1;2;2;;;;7;;7;;1;;1;12;8;7
1;1;159081;1;3;1;;;;6;;12;1;6;;2;9;8;2
1;1;225854;1;3;2;;;;6;1;8;;6;;2;5;8;2
1;1;88911;1;1;1;;;;6;2;11;1;5;;2;8;5;2
1;1;198297;1;1;1;;;;6;;6;1;3;;1;10;8;2
1;1;88194;1;2;1;;;;6;;8;1;5;;1;8;8;2
1;1;156203;1;1;1;;;;6;;8;1;1;;1;8;8;2
1;1;87358;1;2;1;;;;6;1;11;9;5;;1;9;9;2
1;1;56047;1;2;2;;;;6;;5;;5;5;1;19;7;2
1;1;42933;1;1;2;;;;6;;11;2;3;4;1;13;8;2
1;1;33255;1;2;2;;;;6;;5;6;1;4;2;13;8;2
1;1;159673;1;4;2;;;;6;2;6;;;;1;3;8;2
1;1;61855;1;3;1;;;;6;;11;1;6;;1;8;8;2
1;1;47614;1;1;2;;;;6;;1;;3;8;1;16;8;2
1;1;137280;1;1;1;;;;6;;11;6;5;;1;15;8;2
1;1;206718;1;3;2;;;;6;1;10;;6;;1;6;8;2
1;1;60365;1;2;2;;;;6;;11;;5;2;1;11;8;7
1;1;222809;1;1;1;;;;6;;11;1;5;;1;13;8;2
1;1;219717;1;3;2;;;;6;;11;6;3;2;1;9;8;2
1;1;82164;1;1;1;;;;6;;8;1;3;;1;5;8;2
1;1;114019;1;9;2;;;;6;;6;;4;4;1;19;8;2
1;1;222429;1;1;1;;;;6;;5;3;5;;2;9;8;2
1;1;136671;1;3;1;;;;6;;11;;6;;2;11;8;2
1;1;130856;1;2;2;;;;6;;8;;1;1;2;5;8;2
1;1;17173;1;3;1;;;;6;1;8;;6;;1;5;8;2
1;1;25326;1;9;2;;;;6;1;11;1;6;;1;7;8;2
1;1;8390;1;1;2;;;;6;;5;1;2;4;2;10;8;2
1;1;238793;1;3;1;;;;6;1;8;;6;;1;5;9;2
1;1;133144;1;1;1;;;;6;;11;2;1;;1;9;8;2
1;1;63664;1;3;2;;;;6;;5;;6;3;2;10;8;2
1;1;12636;1;2;2;;;;6;;8;5;5;3;2;10;8;2
1;1;240008;1;2;2;;;;6;;5;9;1;99;1;9;9;2
1;1;201197;1;1;1;;;;6;;11;1;5;;1;11;8;2
1;1;130531;1;1;1;;;;6;;11;6;5;;2;11;8;2
1;1;137570;1;3;2;;;;6;1;6;;;;2;3;8;2
1;1;61315;1;1;2;;;;6;;1;6;6;3;1;10;8;2
1;1;225684;1;2;2;;;;6;;11;6;6;2;1;8;8;2
1;1;96028;1;3;1;;;;6;;8;;6;;2;5;8;2
1;1;162913;1;1;2;;;;6;;11;6;3;3;1;12;8;2
1;1;36501;1;3;2;;;;5;;8;6;6;;1;11;8;2
1;1;25106;1;1;1;;;;6;;8;1;6;;2;6;8;2
1;1;31189;1;3;1;;;;6;1;6;;;;2;3;8;2
1;1;21686;1;1;2;;;;6;;11;2;6;;1;8;8;2
1;1;229876;1;3;1;;;;6;;1;;;;2;2;8;2
1;1;228459;1;2;2;;;;6;;13;;5;;1;17;8;2
1;1;235097;1;1;1;;;;6;;5;;5;;2;15;8;2
1;1;112954;1;3;2;;;;6;1;6;;6;;2;4;6;2
1;1;44567;1;1;2;;;;6;1;11;;6;1;1;14;8;7
1;1;33066;1;3;1;;;;6;;1;;;;1;1;7;
1;1;95762;1;3;2;;;;6;2;6;;6;99;1;4;9;2
1;1;8088;1;3;1;;;;6;2;6;;6;;1;4;8;7
1;1;196549;1;5;1;;;;6;;8;6;5;;1;8;8;2
1;1;221219;1;1;2;;;;7;;11;;4;3;1;16;8;2
1;1;62424;1;1;1;;;;6;;12;;5;;1;14;8;2
1;1;209436;1;2;2;;;;6;;8;;1;1;2;5;8;2
1;1;211005;1;3;1;;;;6;1;11;;6;;1;6;8;2
1;1;91110;1;3;1;;;;6;1;6;;;;1;3;8;2
1;1;200068;1;3;2;;;;6;;1;;;;1;1;8;
1;1;6938;1;1;2;;;;6;;8;1;6;;2;6;8;2
1;1;85210;1;3;1;;;;6;1;6;;6;;1;4;8;2
1;1;50845;1;1;2;;;;6;;5;;3;2;2;12;8;2
1;1;237177;1;1;1;;;;6;;5;;5;;1;16;8;2
1;1;98456;1;1;1;;;;6;;11;1;5;;1;10;8;2
1;1;211737;1;6;2;;;;6;3;6;;;;1;4;8;2
1;1;200380;1;1;2;;;;6;;8;1;3;99;1;9;8;2
1;1;129129;1;5;1;;;;6;2;11;6;6;;1;6;8;2
1;1;180978;1;1;2;;;;6;;8;9;6;99;2;7;9;2
1;1;223130;1;1;1;;;;6;;5;6;6;;2;9;7;2
1;1;157299;1;3;1;;;;6;1;8;;6;;1;5;8;2
1;1;194130;1;3;2;;;;6;;8;;6;99;2;6;8;2
1;1;23642;1;6;2;;;;6;1;11;6;6;;1;6;8;7
1;1;31499;1;2;2;;;;6;;11;1;5;2;1;9;8;2
1;1;169424;1;3;2;;;;6;1;11;;6;;1;6;8;2
1;1;101899;1;3;2;;;;6;;1;;;;1;1;8;
1;1;9881;1;10;2;;;;6;1;11;;6;;1;6;8;2
1;1;116354;1;2;2;;;;6;;8;;5;4;1;8;8;2
1;1;217317;1;2;2;;;;6;;11;1;5;1;1;11;8;2
1;1;175932;1;4;1;;;;6;1;6;;;;1;3;8;2
1;1;31876;1;8;1;;;13;6;;1;;5;;2;15;7;6
1;1;110467;1;2;2;;;;6;;1;1;5;6;1;13;8;2
1;1;8401;1;6;1;;;;6;;8;1;6;;2;5;8;2
1;1;31437;1;1;1;;;;6;;5;1;5;;2;8;8;2
1;1;39953;1;7;2;;;13;6;;4;;4;2;2;16;8;6
1;1;55750;1;1;1;;;;6;;5;6;5;;2;12;8;2
1;1;96051;1;3;2;;;;6;2;6;;6;;2;4;8;2
1;1;106952;1;1;2;;;;6;;8;5;1;2;1;8;8;2
1;1;228755;1;3;2;;;;6;;11;1;5;1;1;8;8;2
1;1;196134;1;3;1;;;;6;2;6;;6;;1;4;8;2
1;1;73555;1;9;2;;;;6;;11;;6;1;1;13;8;2
1;1;176539;1;3;2;;;;6;1;6;;;;1;3;8;2
1;1;135638;1;9;2;;;;6;1;6;;;;1;4;8;2
1;1;160549;1;1;1;;;;6;;5;;3;;2;19;4;2
1;1;60108;1;2;2;;;;6;;5;;5;2;2;10;8;2
1;1;54449;1;3;1;;;;6;1;11;;6;;1;6;8;2
1;1;8825;1;3;2;;;;6;2;8;;6;;2;5;8;2
1;1;100978;1;1;1;;;;6;2;11;6;5;;1;7;8;7
1;1;18786;1;5;1;;;;6;;11;1;3;;1;9;8;2
1;1;183892;1;1;1;;;;6;;12;2;5;;1;12;8;2
1;1;2467;1;3;2;;;;6;2;6;;6;;1;4;8;7
1;1;109237;1;6;1;;;;6;1;8;;6;;2;5;8;2
1;1;41339;1;1;1;;;;6;1;11;;1;;1;11;9;2
1;1;147620;1;3;1;;;;6;1;6;;6;;1;4;8;2
1;1;75193;1;9;1;;;;6;;1;;;;1;2;8;2
1;1;195102;1;1;1;;;;1;;5;3;5;;1;14;1;2
1;1;222316;1;3;2;;;;6;3;6;;6;;2;4;8;2
1;1;6946;1;2;2;;;;6;;5;;5;99;1;17;9;2
1;1;211108;1;1;1;;;;6;;12;1;5;;1;11;8;2
1;1;185624;1;3;2;;;;6;2;6;;;;2;4;8;2
1;1;81198;1;3;2;;;;6;1;3;;;;2;2;8;2
1;1;50261;1;2;1;;;;6;;5;;5;;1;17;8;2
1;1;24951;1;1;1;;;;6;;8;1;5;;2;9;8;2
1;1;172108;1;4;1;;;;6;2;6;;;;1;3;8;2
1;1;236099;1;2;1;;;;6;;7;1;5;;2;10;8;2
1;1;84760;1;2;2;;;;6;;5;;5;3;2;7;8;2
1;1;213013;1;1;2;;;;6;;11;2;5;;1;8;8;2
1;1;107512;1;3;1;;;;6;1;6;;6;;2;4;8;2
1;1;95116;1;3;1;;;;6;2;11;1;6;;1;5;8;7
1;1;161396;1;9;1;;;;6;;8;;6;;2;6;9;2
1;1;65290;1;3;1;;;;6;1;11;9;1;;1;8;9;2
1;1;44179;1;3;2;;;;6;;1;;;;1;2;8;2
1;1;189806;1;5;2;;;;6;;11;1;1;1;2;6;8;2
1;1;202099;1;1;1;;;;6;;5;8;5;;1;15;1;2
1;1;218033;1;1;2;;;;6;;8;6;3;2;1;13;8;2
1;1;220825;1;2;2;;;;6;;11;1;5;1;2;8;8;7
1;1;173477;1;2;2;;;;6;;11;1;5;3;1;10;8;2
1;1;6604;1;1;1;;;;6;1;11;;6;;1;6;9;2
1;1;106662;1;1;1;;;;6;;5;;5;;1;14;8;2
1;1;158610;1;3;1;;;;6;1;11;1;6;;1;6;8;2
1;1;198362;1;3;1;;;;6;2;8;;6;;1;5;8;2
1;1;151425;1;3;1;;;;6;1;8;;6;;2;5;8;2
1;1;149730;1;2;2;;;;6;;5;1;5;1;1;10;8;2
1;1;238335;1;3;2;;;;6;1;6;;;;2;3;8;2
1;1;171946;1;6;2;;;;6;2;8;;6;;1;5;8;2
1;1;214144;1;3;1;;;;6;;11;2;6;;1;10;8;2
1;1;85079;1;3;2;;;;6;;8;1;6;1;1;7;8;2
1;1;135818;1;3;1;;;;6;;8;1;5;;1;14;8;2
1;1;78843;1;2;2;;;;6;;12;1;5;1;2;7;8;2
1;1;1199;1;2;2;;;;6;;5;;1;3;2;8;8;2
1;1;78644;1;3;1;;;;6;;5;;6;;1;12;8;2
1;1;121433;1;3;2;;;;6;;6;;6;;1;5;8;2
1;1;9153;1;3;1;;;;6;1;6;;;;1;3;8;2
1;1;11654;1;3;1;;;;6;1;3;;;;2;2;8;2
1;1;108574;1;1;1;;;;6;;11;1;5;;2;12;8;2
1;1;100240;1;1;1;;;;6;;11;;2;;1;16;4;2
1;1;48980;1;3;2;;;;6;1;6;;6;99;2;4;9;2
1;1;176809;1;3;2;;;;7;1;8;;6;99;2;5;8;7
1;1;108372;1;6;2;;;;6;1;6;;;;2;3;8;2
1;1;46169;1;1;1;;;;6;;7;6;5;;1;13;8;2
1;1;173939;1;3;2;;;;6;1;3;;;;2;3;8;2
1;1;23267;1;1;2;;;;6;;5;6;6;3;1;15;8;2
1;1;151434;1;1;1;;;;6;;12;2;3;;1;12;8;2
1;1;1044;1;9;2;;;;6;;8;9;6;99;2;7;9;2
1;1;66793;1;3;1;;;;6;;11;1;6;;1;6;8;2
1;1;222746;1;1;1;;;;6;;6;6;1;;2;8;5;2
1;1;2248;1;3;1;;;;6;;8;1;3;;1;11;8;7
1;1;227559;1;3;2;;;;6;2;6;;;;1;4;9;2
1;1;207381;1;3;2;;;;6;;11;2;6;;1;6;8;2
1;1;114171;1;2;2;;;;6;;11;1;5;4;1;12;8;2
1;1;90360;1;1;1;;;;6;;11;1;5;;1;8;8;2
1;1;208201;1;2;2;;;;6;;11;;5;2;1;14;8;2
1;1;202298;1;1;1;;;;6;;5;1;5;;2;17;8;2
1;1;165444;1;2;2;;;;6;1;11;;1;99;1;8;9;2
1;1;86794;1;2;2;;;;6;;5;4;1;99;2;11;8;2
1;1;169583;1;3;1;;;;6;1;6;;;;2;4;8;2
1;1;242167;1;3;1;;;;6;1;8;6;6;;1;6;8;2
1;1;88560;1;1;1;;;;6;;5;9;1;;1;11;9;2
1;1;175430;1;3;2;;;;6;2;8;;6;;1;4;8;2
1;1;75312;1;1;2;;;;6;;5;6;6;1;2;9;8;2
1;1;106266;1;2;2;;;;6;;8;;6;3;2;8;8;2
1;1;32299;1;10;1;;;;6;;2;;;;2;2;8;2
1;1;208262;1;1;1;;;;6;;11;5;5;;1;15;8;2
1;1;101866;1;2;2;;;;6;;12;2;5;;1;9;8;7
1;1;24715;1;3;2;;;;6;;5;;5;1;2;7;8;2
1;1;136591;2;3;1;;;;6;1;6;;;;1;3;8;2
1;1;180427;1;3;1;;;;6;1;10;;6;;1;5;8;2
1;1;86754;1;1;1;;;;6;;11;1;5;;1;16;8;2
1;1;83681;1;1;1;;;;6;;5;1;5;;2;8;8;2
1;1;133859;1;2;2;;;;6;;8;;5;3;1;15;8;2
1;1;160109;1;3;2;;;;6;1;11;;6;;1;6;8;2
1;1;174155;1;1;1;;;;6;;8;6;5;;1;8;8;2
1;1;81037;1;6;1;;;;6;1;6;;6;;2;4;8;2
1;1;229275;1;6;1;;;;6;;1;;;;1;2;8;2
1;1;56036;1;3;2;;;;6;1;8;;6;;2;5;8;2
1;1;104262;1;3;1;;;;1;1;6;;;;1;3;8;2
1;1;4938;1;1;1;;;;6;;5;;5;;2;12;8;2
1;1;167024;1;2;2;;;;6;;8;1;1;99;1;11;9;2
1;1;167393;1;2;1;;;;6;;5;3;5;;2;8;8;2
1;1;231698;1;3;1;;;;6;1;11;;6;;1;7;8;2
1;1;101231;1;2;2;;;;6;;10;1;5;;1;6;8;2
1;1;109767;1;3;2;;;;6;1;3;;;;2;2;8;2
1;1;126132;1;3;1;;;;6;;11;1;6;;1;7;8;2
1;1;219521;1;3;1;;;;6;1;6;;6;;2;4;8;2
1;1;178295;1;3;2;;;;6;1;6;;6;99;1;4;9;2
1;1;184051;1;1;1;;;;6;;5;1;5;;1;12;8;2
1;1;116350;1;3;2;;;;6;2;11;1;6;;1;7;8;7
1;1;45896;1;3;1;;;;6;1;6;;;;1;4;8;2
1;1;30781;1;1;1;;;;6;;7;6;1;;2;10;8;2
1;1;103660;1;9;2;;;;6;2;6;;;;1;3;8;2
1;1;95627;1;2;2;;;;6;;12;;1;1;1;10;8;7
1;1;152584;1;2;2;;;;6;;8;1;1;;1;8;8;2
1;1;34396;1;1;1;;;;6;;5;;5;;2;16;8;2
1;1;88322;1;1;1;;;;6;;11;6;5;;1;12;8;2
1;1;91207;1;2;2;;;;6;;11;4;5;1;1;8;8;7
1;1;180354;1;7;2;;;;6;;5;;4;9;2;20;7;2
1;1;234437;1;2;1;;;;6;;8;6;1;;1;8;8;2
1;1;109749;1;2;1;;;;6;;5;;5;;2;13;1;2
1;1;56996;1;3;2;;;;6;;8;;6;;1;10;8;2
1;1;228361;1;6;1;;;;6;;11;1;6;;1;7;8;2
1;1;148613;1;9;1;;;;6;;8;1;3;;1;14;8;2
1;1;198320;1;3;1;;;;1;;1;;;;1;2;8;2
1;1;85767;1;1;1;;;;6;;8;1;5;;2;10;8;2
1;1;235713;1;2;2;;;;7;;8;;1;1;2;7;8;2
1;1;79721;1;2;2;;;;6;;5;;5;5;2;12;8;2
1;1;49223;1;1;1;;;;6;;5;3;5;;2;11;8;2
1;1;57761;1;1;1;;;;6;;12;1;5;;1;11;8;7
1;1;149411;1;2;2;;;;6;;11;2;5;3;1;11;8;2
1;1;111309;1;2;1;;;;6;;7;6;5;;2;11;8;2
1;1;208761;1;6;1;;;;6;1;6;;;;1;3;8;2
1;1;122221;1;1;2;;;;6;;7;;2;1;1;9;8;2
1;1;171487;1;5;1;;;;6;;7;1;1;;2;8;8;2
1;1;122983;1;1;2;;;;6;;5;3;6;4;2;12;8;2
1;1;124348;1;2;2;;;;6;;5;;5;3;2;14;1;2
1;1;39676;1;6;2;;;;6;;1;;;;2;1;8;
1;1;120695;1;5;1;;;;6;;6;1;5;;2;8;8;2
1;1;195971;1;2;2;;;;6;;12;2;5;99;1;10;8;2
1;1;91281;1;2;2;;;;6;;12;2;5;3;1;11;6;2
1;1;73989;1;3;1;;;;6;2;6;;6;;1;4;8;2
1;1;17606;2;3;1;;;;6;;1;;;;1;3;7;2
1;1;200270;1;3;2;;;;6;3;6;;6;;1;4;8;2
1;1;89565;1;3;1;;;;6;1;8;;6;;1;5;8;2
1;1;12163;1;3;2;;;;6;2;11;1;6;;1;6;8;7
1;1;218037;1;2;2;;;;6;;8;;1;1;2;6;8;2
1;1;148053;1;1;2;;;;6;;7;3;6;2;2;13;6;2
1;1;161170;1;2;2;;;;6;;11;5;5;2;1;7;8;2
1;1;213853;3;3;1;;;;6;1;3;;;;1;2;8;2
1;1;103468;1;1;2;;;;6;;5;3;3;4;2;13;8;2
1;1;54264;1;3;2;;;;6;1;6;;;;2;4;8;2
1;1;161689;1;2;2;;;;6;2;11;9;1;99;1;8;9;2
1;1;36985;1;10;1;;;;6;;6;8;6;;1;4;8;2
1;1;101874;1;3;1;;;;6;1;9;;6;;2;6;8;2
1;1;1470;1;3;2;;;;6;;1;;;;1;2;8;2
1;1;192092;1;7;2;;;;6;;5;6;3;3;1;15;8;2
1;1;189970;1;3;2;;;;1;;1;;;;2;2;8;2
1;1;89294;1;3;1;;;;6;;11;2;6;;1;7;8;7
1;1;64197;1;1;1;;;;6;;7;6;5;;1;7;8;2
1;1;138579;1;1;1;;;;7;;12;5;5;;1;12;8;2
1;1;158396;1;2;2;;;;6;;5;;5;5;2;10;8;2
1;1;127668;1;3;2;;;;6;2;11;1;6;;1;5;8;7
1;1;137344;1;1;1;;;;6;;5;;5;;1;15;8;2
1;1;182972;1;2;1;;;;6;;8;6;5;;2;8;8;2
1;1;7721;1;1;1;;;;6;;5;9;5;;1;15;9;2
1;1;238347;1;3;1;;;;6;1;6;;6;;1;4;8;2
1;1;12637;1;6;2;;;;6;;8;;1;;2;5;8;2
1;1;156726;1;9;2;;;;6;;1;;6;1;1;17;8;2
1;1;90876;1;9;2;;;;6;1;6;;6;;2;4;8;2
1;1;194732;1;3;2;;;;6;1;6;;;;1;3;8;2
1;1;92484;1;1;1;;;13;6;;5;;5;;2;16;1;6
1;1;227326;1;1;2;;;;6;;8;1;2;3;2;8;8;2
1;1;195925;1;1;2;;;;6;2;11;2;6;;2;7;8;2
1;1;225469;1;1;1;;;19;1;;1;6;1;;1;10;8;6
1;1;236359;1;9;1;;;;6;1;6;;6;;1;5;8;2
1;1;111425;1;3;1;;;;6;;11;1;6;;1;7;8;2
1;1;149027;1;2;2;;;;6;;11;1;5;1;1;8;8;2
1;1;199977;1;1;1;;;;6;;11;1;5;;1;10;8;2
1;1;218816;1;1;1;;;;6;;8;1;6;;2;6;8;2
1;1;29057;1;2;2;;;;6;1;11;6;5;;1;6;8;2
1;1;134877;1;1;1;;;;6;;8;9;6;;1;6;9;2
1;1;220108;1;3;1;;;;6;2;8;;6;;1;5;8;2
1;1;4520;1;1;2;;;;6;;8;4;6;;1;5;8;2
1;1;50305;1;1;1;;;;6;;8;6;5;;2;8;8;2
1;1;200067;1;3;2;;;;6;1;6;;;;1;3;8;2
1;1;224213;1;3;1;;;;6;2;6;;6;;1;4;8;2
1;1;32927;1;3;1;;;;6;;8;1;6;;1;6;8;2
1;1;59882;1;1;1;;;;6;;8;2;5;;1;8;8;2
1;1;151117;1;3;1;;;;6;1;6;;;;2;3;7;2
1;1;19353;1;3;2;;;;6;;11;5;6;;1;6;8;2
1;1;242448;1;3;2;;;;6;2;11;;6;;1;6;8;2
1;1;123587;1;1;1;;;;6;;5;;3;;1;18;9;2
1;1;25199;1;1;2;;;;6;;8;5;3;3;2;12;8;2
1;1;77081;1;3;2;;;;6;1;11;;6;;1;5;8;2
1;1;46606;1;3;1;;;;6;2;6;;;;2;4;8;2
1;1;80907;1;6;2;;5;;6;;1;;;;2;2;8;5
1;1;237115;1;1;1;;;;6;;5;1;5;;2;9;8;2
1;1;103199;1;3;1;;;;6;1;6;;6;;2;4;8;2
1;1;186995;1;3;1;;;;6;;8;1;6;;2;12;8;2
1;1;147066;1;3;1;;;;6;;11;1;6;;1;6;8;2
1;1;15100;1;2;2;;;;6;1;11;;5;99;1;6;9;2
1;1;634;1;3;1;;;;6;1;8;;6;;2;4;8;2
1;1;66375;1;1;1;;;;6;;8;6;5;;2;9;8;2
1;1;25235;1;2;2;;;;6;;5;;5;2;2;9;8;2
1;1;181821;1;1;1;;;;6;;5;1;5;;2;11;8;2
1;1;44679;1;2;2;;;;6;;8;;1;1;2;7;8;2
1;1;69039;1;3;1;;;;6;2;8;;6;;1;5;8;2
1;1;43133;1;9;2;;;;6;1;6;;6;99;1;4;8;2
1;1;103984;1;1;1;;;;6;;5;;5;;1;17;8;2
1;1;212055;1;1;1;;;;6;;11;2;5;;1;9;8;2
1;1;151553;1;3;2;;;;6;;12;;6;;1;7;8;2
1;1;32921;1;10;1;;;;6;;11;1;6;;1;7;8;2
1;1;213658;1;3;2;;;;6;1;6;;;;2;3;4;2
1;1;57063;1;9;2;;;;6;;5;;6;99;1;15;8;2
1;1;10575;1;3;2;;;;6;;8;1;6;1;2;11;8;2
1;1;237914;1;3;2;;;;6;1;11;;6;;2;6;8;2
1;1;23539;1;3;1;;;;6;2;8;;6;;1;5;8;2
1;1;12304;1;3;1;;;;6;2;11;;6;;2;7;8;2
1;1;16209;1;2;2;;;;6;;11;1;5;1;1;10;8;2
1;1;52525;1;1;1;;;;6;;8;6;1;;1;8;8;7
1;1;169041;1;9;1;;;;6;1;8;;6;;1;5;8;2
1;1;111896;1;1;2;;;;6;;5;;2;6;1;14;8;2
1;1;216019;1;3;1;;;;6;2;11;;6;;1;6;8;2
1;1;164478;1;3;2;;;;6;2;6;;;;1;4;8;7
1;1;67694;1;2;2;;;;6;;11;1;5;1;1;9;8;2
1;1;175854;1;3;2;;;;6;;8;;6;99;1;8;9;2
1;1;231165;1;3;1;;;;6;;11;1;6;;1;11;8;2
1;1;127547;1;1;1;;;;6;;5;6;4;;2;11;8;2
1;1;26439;1;1;1;;;;6;;5;3;5;;2;10;8;2
1;1;44558;1;2;2;;;;6;;5;;5;5;1;16;8;2
1;1;135962;1;3;1;;;;7;1;6;;;;1;3;8;2
1;1;5147;1;2;2;;;;6;;7;3;5;99;2;16;8;2
1;1;69436;1;3;1;;;;6;1;6;;6;;2;4;8;2
1;1;230131;1;5;1;;;;6;;8;1;5;;1;11;8;2
1;1;167258;1;1;2;;;;7;;12;5;5;99;1;10;8;7
1;1;146484;1;3;1;;;;6;2;6;;;;1;3;8;2
1;1;202020;0;12;2;;;;6;;1;;6;;1;14;8;2
1;1;235263;1;1;2;;;;6;;11;1;5;3;1;12;8;2
1;1;177225;1;2;2;;;;6;;7;;1;6;1;9;8;2
1;1;205651;1;1;1;;;;6;;8;1;5;;1;11;8;2
1;1;17135;1;2;2;;;;6;;7;;5;5;2;16;8;2
1;1;85282;1;9;1;;;;7;;8;1;6;;1;7;8;2
1;1;139372;1;2;2;;;;6;;11;1;5;2;1;11;8;7
1;1;129256;1;3;2;;;;6;1;11;;6;;2;6;8;2
1;1;183234;1;3;2;;;;6;;12;;5;1;1;9;8;7
1;1;161728;1;2;1;;;;6;;8;9;5;;1;8;9;2
1;1;190360;1;1;2;;;;6;;7;;4;6;1;17;1;2
1;1;44376;1;3;2;;;;6;;11;1;6;1;1;8;8;2
1;1;113370;1;10;1;;;;6;;8;;2;;1;7;8;2
1;1;226940;1;1;2;;;;6;;7;;6;2;1;18;5;2
1;1;192135;1;2;2;;;;6;;5;;5;6;2;13;8;2
1;1;109951;1;5;1;;;;6;1;8;6;1;;1;8;8;2
1;1;47650;1;1;1;;;;6;;8;1;5;;1;9;8;2
1;1;104321;1;3;2;;;;6;;8;;6;1;2;7;8;2
1;1;195377;1;3;2;;;;6;2;11;;6;;1;6;8;2
1;1;173154;1;6;1;;;;6;;11;2;6;;2;8;8;2
1;1;62968;1;1;1;;;;6;;8;1;1;;1;7;8;2
1;1;99387;1;3;1;;;;6;1;8;;6;;2;5;6;2
1;1;55749;1;1;2;;;;6;;11;;4;3;1;12;8;2
1;1;207482;1;3;2;;;;6;;8;2;6;;1;8;8;2
1;1;104023;4;2;2;;;;6;;8;;1;2;2;7;8;2
1;1;45146;1;2;2;;;;6;;11;;1;;1;7;8;2
1;1;84200;1;6;1;;;;6;;11;6;6;;1;6;8;2
1;1;12948;1;1;1;;;;6;;5;;5;;2;13;8;2
1;1;131494;1;3;2;;;;6;;1;;;;1;2;9;2
1;1;103158;1;2;2;;;;6;;11;1;5;2;2;9;8;2
1;1;43132;1;2;2;;;;6;;8;8;5;99;1;6;8;2
1;1;94280;2;10;1;;;;6;;1;1;6;;2;7;8;2
1;1;227017;1;3;1;;;;6;1;3;;;;2;2;8;2
1;1;213931;1;3;2;;;;6;1;6;;;;1;4;8;2
1;1;229329;1;6;2;;;;6;1;3;;;;1;2;8;2
1;1;107269;1;3;2;;;;6;;8;;5;1;2;10;8;2
1;1;219881;1;1;1;;;;6;;8;1;1;;1;10;8;2
1;1;222904;1;1;2;;;;6;1;11;;6;;1;6;8;2
1;1;46435;1;3;2;;;;6;2;8;;6;99;1;5;8;2
1;1;100934;1;4;1;;;;6;;8;;6;;2;5;8;2
1;1;142745;1;3;2;;;;6;1;6;;;;1;3;8;2
1;1;55178;1;2;2;;;;6;;9;;5;4;1;20;7;2
1;1;195643;1;1;2;;;;6;;5;6;3;;1;15;8;2
1;1;116537;1;3;2;;;;6;1;8;;6;;1;5;8;2
1;1;113050;1;1;1;;;;6;;11;6;1;;1;13;8;2
1;1;165425;1;3;2;;;;1;1;6;;;;2;4;8;2
1;1;162682;1;3;2;;;;6;;8;;6;;2;5;8;2
1;1;146358;1;2;2;;;;6;;8;6;5;3;1;13;8;2
1;1;177966;1;3;1;;;;6;1;6;;;;1;3;8;2
1;1;17581;1;3;1;;;;6;1;3;;;;2;2;8;2
1;1;36281;1;1;1;;;;6;;11;1;6;;1;7;8;2
1;1;209892;1;1;2;;;;6;;12;2;3;;1;10;8;2
1;1;242149;1;1;2;;;;6;1;11;;6;99;2;5;9;2
1;1;115354;1;3;1;;;;6;1;11;1;5;;1;7;8;2
1;1;44751;1;1;1;;;;7;;11;1;5;;1;12;8;2
1;1;84069;1;3;2;;5;;6;;1;;6;;1;7;7;5
1;1;15616;1;3;1;;;;6;;8;1;6;;1;10;8;2
1;1;210908;1;9;2;;;;6;;5;;4;9;2;18;4;2
1;1;228404;1;9;2;;;;6;;7;2;6;;1;7;8;2
1;1;122367;1;1;2;;;;6;;5;;3;7;1;10;8;2
1;1;116596;1;3;1;;;;6;;11;5;6;;1;9;8;2
1;1;109183;1;3;2;;;;6;1;8;;6;99;1;5;8;2
1;1;215016;1;3;1;;;;6;;1;;;;2;1;8;
1;1;45650;1;2;2;;;;6;;9;1;5;;1;12;8;2
1;1;233823;1;2;2;;;;6;;8;6;5;;1;11;8;2
1;1;83222;1;1;1;;;;6;;8;1;5;;1;11;8;2
1;1;127939;1;3;1;;;;6;;7;5;6;;1;9;8;2
1;1;210158;1;1;1;;;;6;;5;6;5;;1;14;8;3
1;1;50293;1;2;1;;;;6;2;11;1;5;;1;8;8;2
1;1;93602;1;3;1;;;;6;1;6;;;;2;4;6;2
1;1;120292;1;3;2;;;;6;1;11;;6;;1;6;7;7
1;1;9166;1;3;2;;5;;6;;1;;;;1;2;8;5
1;1;139567;1;3;1;;;;6;1;8;;6;;2;5;8;2
1;1;223283;1;1;2;;;;6;;5;6;4;3;1;14;8;2
1;1;236879;1;9;2;;;;7;;6;;6;;1;5;8;2
1;1;121553;1;3;1;;;;6;;11;6;6;;1;7;8;2
1;1;231410;1;3;1;;;;1;1;11;;6;;2;7;8;7
1;1;106096;1;2;2;;;;6;;7;;5;99;1;15;4;2
1;1;67467;1;6;1;;;;6;2;6;;6;;1;5;8;2
1;1;61019;1;1;2;;;;6;;11;2;6;;1;9;8;2
1;1;79247;1;3;2;;;;6;;11;1;6;;1;8;8;2
1;1;174944;1;9;2;;;;6;;11;1;6;;1;6;8;7
1;1;18759;1;2;2;;;;6;;8;;3;5;1;15;1;2
1;1;181690;1;4;2;;;;6;2;8;;6;;1;5;8;2
1;1;178592;1;2;1;;;;6;;8;9;5;;1;6;9;2
1;1;152353;1;1;2;;;;6;;5;;4;4;2;12;8;2
1;1;60116;1;6;1;;;;6;;8;3;6;;2;5;8;2
1;1;52015;1;3;2;;;;6;;8;;1;;1;5;8;2
1;1;176085;1;2;2;;;;6;;7;;5;5;1;17;8;2
1;1;9852;1;3;1;;;;6;;12;1;5;;1;7;8;2
1;1;204825;1;2;2;;;;6;;5;;1;2;1;9;8;2
1;1;227939;1;3;1;;;;6;2;6;;;;1;3;9;2
1;1;169506;1;3;2;;;;6;1;6;;6;;1;4;8;2
1;1;64729;1;1;1;;;;6;;7;;5;;2;19;8;2
1;1;91048;1;3;1;;;;6;;7;1;6;;2;8;8;2
1;1;17520;1;1;1;;;;6;;5;2;2;;1;12;8;2
1;1;24065;1;1;1;;;;6;;7;1;5;;1;8;8;2
1;1;175379;1;3;1;;;;6;1;6;;;;2;4;8;2
1;1;3490;1;2;1;;;;6;;5;3;5;;2;16;8;2
1;1;159882;1;2;2;;;;6;;5;;1;4;2;9;8;2
1;1;114056;1;2;1;;;;6;;5;6;1;;1;13;8;2
1;1;4382;1;3;2;;;;6;;11;;6;99;1;8;8;2
1;1;225393;1;3;1;;;;6;1;6;;;;1;3;8;2
1;1;136378;1;1;1;;;;6;;12;2;3;;1;13;8;7
1;1;200020;1;3;2;;;;7;1;6;;;;2;3;8;2
1;1;199402;1;1;2;;;;6;;8;;6;99;1;8;8;2
1;1;58392;1;3;1;;;;6;1;6;;6;;1;4;8;2
1;1;117474;1;3;2;;;;6;1;6;;;;2;3;8;2
1;1;127262;1;3;1;;;;6;1;6;;6;;2;4;8;2
1;1;22838;1;2;2;;;;6;;8;1;1;1;2;6;8;2
1;1;120652;1;1;2;;;;6;;11;2;3;3;1;11;8;2
1;1;24085;1;1;2;;;;6;;5;4;3;4;1;11;8;2
1;1;60020;1;3;2;;;;6;;1;;;;2;2;8;2
1;1;137622;1;3;2;;;;6;;1;;;;1;1;8;
1;1;74949;1;1;1;;;;6;1;11;9;6;;2;9;9;2
1;1;176168;1;9;1;;;;6;;11;6;4;;1;13;8;7
1;1;83156;1;3;1;;;;6;1;6;;;;2;3;8;2
1;1;42570;1;2;2;;;;6;;11;2;5;;1;12;8;7
1;1;193064;1;2;2;;;;6;;5;;5;5;2;17;8;2
1;1;18747;1;3;1;;;;6;1;8;;6;;1;5;8;2
1;1;84860;1;3;1;;;;6;1;8;;6;;2;5;8;2
1;1;124456;1;3;1;;5;;6;;1;;;;1;2;8;5
1;1;156611;1;7;2;;;;7;;7;;4;3;1;18;8;2
1;1;23513;1;1;2;;;;7;;8;;6;1;1;14;8;2
1;1;213971;1;6;2;;;;6;1;6;;;;2;4;8;2
1;1;145150;1;2;2;;;;6;;8;4;5;3;1;12;8;2
1;1;234807;1;3;2;;;;6;;1;;;;2;2;8;2
1;1;206482;1;2;2;;;;6;;12;1;5;1;1;9;8;7
1;1;174214;1;6;1;;;;6;1;6;;6;;2;4;8;2
1;1;233269;1;3;1;;;;6;1;8;;6;;1;5;9;2
1;1;141219;1;3;2;;;;6;;5;;3;2;2;9;8;2
1;1;134237;1;3;2;;;;6;;1;;;;1;1;8;
1;1;62400;1;3;2;;;;6;1;11;;6;;1;5;8;2
1;1;226740;1;3;2;;;;6;;6;;;;2;4;8;2
1;1;44995;1;1;2;;;;6;;9;6;5;2;1;9;8;2
1;1;137651;1;3;1;;;;6;1;8;;6;;2;5;8;2
1;1;6412;1;3;2;;;;6;1;6;;;;2;3;9;2
1;1;112123;1;10;2;;;;6;;5;;4;1;1;17;8;2
1;1;103374;1;2;2;;;;6;;11;1;5;2;2;10;8;2
1;1;72436;1;1;2;;;;7;;5;9;5;99;1;16;9;2
1;1;219538;1;6;1;;;;6;1;6;;;;2;3;8;2
1;1;183178;1;3;2;;;;6;2;6;;6;;2;4;8;2
1;1;99082;1;1;2;;;;6;;6;;4;7;2;12;8;2
1;1;25476;1;3;2;;;;6;1;11;;6;;1;6;8;2
1;1;74943;1;2;2;;;;6;;11;6;5;4;2;9;8;2
1;1;126080;1;3;2;;;;6;;8;1;5;1;2;6;8;2
1;1;228882;1;3;1;;;;6;;8;6;6;;2;8;8;2
1;1;135308;2;9;1;;;;6;3;6;;6;;1;5;8;2
1;1;170385;1;3;1;;;;6;1;8;;6;;2;5;8;2
1;1;92655;1;3;1;;;;5;1;6;;;;2;3;8;2
1;1;170876;1;2;2;;;;6;;12;;5;3;1;17;8;2
1;1;110758;1;1;1;;;;6;;8;1;1;;2;12;8;2
1;1;90727;1;1;1;;;;6;;5;7;5;;1;15;8;2
1;1;147297;1;7;2;;;;6;;1;;4;6;1;16;8;2
1;1;60143;1;1;1;;;;6;;5;1;5;;2;11;8;2
1;1;226233;1;1;1;;;;6;;11;6;5;;1;14;8;2
1;1;207769;1;3;2;;;;6;;1;;;;2;1;8;
1;1;122723;1;3;1;;;;6;;1;;;;1;2;8;2
1;1;197538;1;3;2;;;;6;;11;1;6;1;1;8;8;2
1;1;146740;1;2;2;;;;6;;11;1;1;0;2;8;8;2
1;1;234428;1;1;2;;;;6;;8;6;5;2;1;11;8;2
1;1;219125;1;3;2;;;;5;1;8;;6;;1;5;8;2
1;1;43071;1;2;2;;;;6;;11;6;5;2;2;9;8;2
1;1;199841;1;3;1;;;;6;2;8;;6;;2;5;8;2
1;1;15747;1;6;2;;;;6;1;6;;;;2;3;8;2
1;1;185331;1;3;1;;;;6;2;6;;;;1;3;8;2
1;1;215918;1;3;2;;;;6;2;6;;;;1;2;8;2
1;1;175918;1;6;2;;;;6;2;6;;;;2;3;8;2
1;1;185099;1;1;1;;;;6;;8;6;5;;1;8;8;2
1;1;58259;1;1;2;;;;6;;1;;2;4;2;17;8;2
1;1;242457;1;3;1;;;;6;2;8;;6;;2;4;8;2
1;1;25639;1;1;2;;;;6;;8;;6;2;1;8;8;2
1;1;43242;1;1;1;;;;6;;11;;5;;1;18;8;2
1;1;97699;1;1;2;;;;6;;8;9;3;99;1;8;9;2
1;1;23753;1;1;1;;;;4;;8;1;1;;1;7;8;2
1;1;121154;1;2;2;;;;6;;8;6;5;;2;14;8;2
1;1;30862;1;1;1;;;;6;;8;6;6;;1;8;8;2
1;1;169287;1;1;1;;;;6;;11;1;5;;2;10;8;2
1;1;78827;1;3;1;;;;6;1;6;;;;1;4;8;2
1;1;134175;1;1;1;;;;6;;11;1;5;;1;13;8;2
1;1;49785;1;3;1;;;;6;;1;;;;1;2;8;2
1;1;211269;1;3;1;;;;6;;11;1;3;;1;11;8;2
1;1;147407;1;1;1;;;;6;;11;6;5;;1;8;8;2
1;1;205684;1;9;1;;;;6;;1;;;;2;2;9;2
1;1;222180;1;6;1;;;;6;2;11;;6;;1;5;8;2
1;1;218782;1;3;2;;;;6;1;8;;6;;1;5;8;7
1;1;100667;1;1;1;;;;6;;8;6;6;;1;10;8;2
1;1;157082;1;3;2;;;;6;3;6;;;;1;4;8;2
1;1;25051;1;3;2;;;;6;;8;6;6;;1;6;8;2
1;1;17271;1;3;2;;;;6;1;6;;;;2;4;8;2
1;1;177416;1;3;1;;;;6;1;6;;;;2;3;3;2
1;1;78915;1;3;2;;;;6;1;8;;2;;1;4;8;2
1;1;143954;1;1;1;;;;6;;11;6;6;;1;8;8;2
1;1;228730;1;3;2;;;;6;1;6;;;;2;3;8;2
1;1;93832;1;3;2;;;;6;;8;;6;;2;5;8;2
1;1;90194;1;3;2;;;;6;2;11;;6;;2;6;8;2
1;1;219326;1;1;1;;;;6;;8;1;5;;1;9;8;2
1;1;19349;1;3;1;;;;6;1;6;;6;;2;4;8;2
1;1;51444;1;3;2;;;;6;1;11;;6;;2;5;8;2
1;1;227021;1;3;2;;;;6;;1;;;;2;2;8;2
1;1;117834;1;3;1;;;;6;2;2;;;;2;2;8;2
1;1;145923;1;1;1;;;;7;;9;1;5;;2;9;8;2
1;1;129163;1;2;1;;;;7;;5;6;5;;1;14;8;2
1;1;943;1;1;1;;;;6;1;11;9;5;;1;10;9;2
1;1;217561;1;6;2;;;;6;2;6;;;;1;4;8;2
1;1;83181;1;6;2;;;;6;1;8;;6;;1;5;8;2
1;1;188792;1;3;1;;;;6;1;6;;6;;1;4;9;2
1;1;217805;1;1;1;;;;6;;12;6;1;;2;11;8;7
1;1;13845;1;1;1;;;;6;;5;9;1;;1;12;9;2
1;1;205656;1;3;2;;;;6;;1;;6;;2;9;8;2
1;1;2238;1;3;2;;;;6;;11;2;6;2;2;8;8;2
1;1;57486;1;1;2;;;;6;;5;1;6;1;1;11;8;2
1;1;72760;1;1;2;;;;6;;5;;4;1;2;18;7;2
1;1;236901;1;6;1;;;;6;;1;;;;2;2;8;2
1;1;30975;1;3;2;;;;6;2;8;;6;;1;5;8;2
1;1;237418;1;1;2;;;;6;1;11;;6;99;1;8;9;2
1;1;209738;1;3;1;;;;6;1;11;9;6;;1;7;8;2
1;1;13594;1;3;1;;;;6;;8;9;6;;1;7;9;2
1;1;54422;1;6;1;;;;6;1;8;;6;;1;5;8;2
1;1;4642;1;3;1;;;;6;;11;6;1;;1;9;8;2
1;1;177926;1;3;2;;;;6;;7;;6;;1;7;8;7
1;1;99662;1;1;2;;;;6;;5;6;5;3;2;10;8;2
1;1;171857;1;1;1;;;;6;;8;1;1;;2;8;8;2
1;1;10483;1;3;2;;;;6;1;6;;;;1;3;8;2
1;1;79720;1;2;1;;;;6;;8;1;5;;2;8;8;2
1;1;68987;1;1;1;;;;6;;5;1;5;;1;11;8;2
1;1;198714;1;3;2;;;;6;1;6;;6;;2;4;8;2
1;1;65608;1;3;1;;;;1;1;6;;;;1;3;8;2
1;1;215222;1;3;2;;;;6;;11;;6;1;2;7;8;2
1;1;129741;1;3;1;;;;6;2;6;;6;;1;4;8;2
1;1;84050;1;9;1;;;;6;1;6;;6;;1;4;8;2
1;1;143433;1;3;1;;;;6;1;8;;6;;2;5;8;2
1;1;147398;1;1;1;;;;6;;11;;5;;1;14;8;2
1;1;170036;1;1;2;;;;6;;5;;6;3;1;7;8;2
1;1;135689;1;1;1;;;;6;;5;1;5;;2;11;8;2
1;1;212377;1;1;2;;;;6;;5;4;6;99;1;9;8;2
1;1;65776;1;3;2;;;;6;2;6;;;;1;3;8;2
1;1;110436;1;1;1;;;;6;;11;5;5;;1;14;8;2
1;1;64366;1;5;2;;;;6;;7;;5;2;1;9;8;2
1;1;107665;5;4;1;;;;6;2;11;;6;;1;6;8;2
1;1;81227;1;1;2;;;;6;;5;6;6;1;2;7;8;2
1;1;107472;1;1;1;;;;7;;5;9;3;;1;10;9;2
1;1;192391;1;3;2;;;;6;1;3;;;;2;2;8;2
1;1;94192;1;3;2;;;;6;1;11;1;6;;2;8;8;2
1;1;30363;1;3;2;;;;6;1;8;;6;;2;5;8;2
1;1;61850;1;2;2;;;;6;;5;1;5;4;1;13;8;2
1;1;45366;1;9;1;;;;6;;12;2;6;;1;12;8;2
1;1;185876;1;3;2;;;;6;2;11;1;6;;1;6;8;2
1;1;212649;1;3;1;;;;6;1;2;;;;1;2;8;2
1;1;152733;1;1;1;;;;6;;8;6;5;;2;9;8;2
1;1;103467;2;3;2;;;;6;;1;;;;2;2;8;2
1;1;580;1;2;2;;;;6;;5;;5;3;2;16;8;2
1;1;38513;1;1;1;;;;6;1;11;9;5;;1;9;9;2
1;1;146617;1;4;1;;;;6;1;6;;;;2;4;7;2
1;1;22743;1;3;1;;;;6;2;8;;6;;1;5;8;2
1;1;145897;1;3;2;;;;6;2;6;;;;1;3;8;2
1;1;141706;1;2;2;;;;6;;11;;5;99;1;14;8;2
1;1;186164;2;3;1;;;;6;1;8;;6;;2;5;8;2
1;1;207419;1;3;2;;;;6;;8;6;6;1;2;8;8;2
1;1;231178;1;3;2;;;;6;2;11;8;6;;1;6;8;2
1;1;212447;1;3;2;;;;2;1;6;;;;1;4;8;2
1;1;89334;1;1;2;;;;6;;11;2;6;;1;8;8;2
1;1;12953;1;3;2;;;;6;1;11;;6;;2;6;8;2
1;1;13484;1;3;1;;;;6;1;6;;6;;1;4;8;2
1;1;52378;1;1;1;;;;6;;12;1;5;;1;7;8;7
1;1;29475;1;1;2;;;;6;;5;3;4;4;2;15;8;2
1;1;7069;1;8;1;;;;6;;5;;4;;1;18;7;2
1;1;863;1;1;2;;;;6;;1;;6;3;2;17;8;2
1;1;185137;1;9;2;;;;6;;8;5;6;1;2;6;8;2
1;1;236382;1;3;1;;;;6;1;6;;;;1;4;8;2
1;1;204780;1;3;1;;;;6;1;11;;6;;1;7;8;7
1;1;12393;1;3;2;;;;6;;11;6;6;;1;8;8;7
1;1;123399;1;1;2;;;;6;;8;;1;3;2;12;8;2
1;1;223403;1;1;2;;;;6;;11;;2;;2;9;8;7
1;1;58637;1;3;2;;;;6;;1;;;;2;2;8;2
1;1;12464;1;1;2;;;;1;;1;;5;5;2;16;1;2
1;1;206933;1;1;1;;;;6;;7;1;5;;2;11;8;2
1;1;149732;1;1;2;;;;6;;5;4;3;2;1;12;5;2
1;1;176675;1;3;2;;;;6;;11;1;6;;2;8;8;2
1;1;2628;1;3;1;;;;6;;11;6;6;;1;7;8;2
1;1;132754;1;3;1;;;;6;1;6;;;;2;4;8;2
1;1;146892;1;1;1;;;;6;;12;2;5;;1;10;8;2
1;1;11667;1;1;2;;;;6;;8;1;3;2;2;10;8;2
1;1;123688;1;3;2;;;;6;;8;;6;;1;6;8;2
1;1;150547;1;3;1;;;;6;1;8;;6;;2;6;8;2
1;1;137297;1;1;2;;;;7;;1;6;5;2;1;14;8;2
1;1;121697;1;1;2;;;;6;;5;6;6;2;2;10;8;2
1;1;40435;1;1;1;;;;6;;8;1;1;;1;6;8;2
1;1;178413;1;2;2;;;;6;;11;;6;4;2;11;1;2
1;1;130470;1;3;2;;;;6;3;6;;;;1;3;8;2
1;1;89073;1;10;2;;;;6;;11;6;6;2;2;9;8;2
1;1;49502;1;3;1;;;13;1;1;6;;;;1;3;8;6
1;1;58814;1;6;2;;;;6;1;6;;;;1;4;8;2
1;1;197342;1;1;1;;;;6;;11;1;6;;1;7;8;2
1;1;181301;1;1;1;;;13;1;;5;1;5;;2;13;1;6
1;1;88864;1;3;1;;;;6;;12;1;6;;2;6;8;7
1;1;115817;1;3;1;;;;6;;11;1;6;;1;7;8;2
1;1;100859;1;2;2;;;;6;;11;1;5;2;1;10;8;7
1;1;38155;1;8;2;;;;6;;5;;3;4;1;17;8;2
1;1;235075;1;3;1;;;;6;1;6;;;;2;4;8;2
1;1;26760;1;1;1;;;;6;2;11;1;5;;2;7;8;2
1;1;56518;1;1;1;;;;6;;11;6;5;;2;10;8;2
1;1;224256;1;1;1;;;;6;;5;;5;;2;10;8;2
1;1;233106;1;1;1;;;;6;;12;1;6;;1;10;8;2
1;1;4950;1;1;2;;;;6;;8;1;6;;2;6;8;2
1;1;67155;1;1;1;;;;6;;11;1;3;;1;9;8;2
1;1;213523;1;1;2;;;;6;;12;2;6;;1;10;8;2
1;1;110324;1;3;2;;;;6;3;8;;6;;1;5;8;2
1;1;104860;1;3;2;;;;6;;11;1;6;;1;7;8;2
1;1;140159;1;1;1;;;;6;;5;6;1;;1;8;8;2
1;1;179983;1;1;1;;;;6;;7;6;6;;1;13;8;2
1;1;146492;1;3;2;;;;4;1;6;;;;1;4;8;2
1;1;101413;1;9;1;;;;6;;11;1;6;;1;8;8;2
1;1;68621;1;3;1;;;;6;3;8;;6;;1;5;8;2
1;1;102175;1;2;1;;;;6;;7;6;5;;2;10;8;7
1;1;38381;1;3;1;;;;6;1;6;;6;;2;4;8;7
1;1;32405;1;3;1;;;;6;1;6;;;;1;4;8;2
1;1;15609;1;3;1;;;;6;1;8;;6;;2;5;8;2
1;1;196430;1;1;1;;;;6;;12;2;5;;2;9;8;2
1;1;142761;1;1;1;;;;6;;8;1;5;;2;11;8;2
1;1;222918;1;3;1;;;;6;;7;;6;;2;7;8;2
1;1;1437;1;3;1;;;;6;3;6;;6;;2;4;8;2
1;1;38431;1;1;2;;;;6;;6;;4;6;2;18;8;2
1;1;24758;1;1;1;;;;6;;5;1;5;;1;11;8;2
1;1;11720;1;2;2;;;;6;;6;1;5;3;1;9;8;2
1;1;36769;1;3;2;;;;6;;11;2;6;99;1;8;8;2
1;1;71010;1;3;2;;;;6;2;11;;6;;1;6;8;2
1;1;85574;1;2;2;;;;6;;7;5;5;3;1;14;8;7
1;1;30605;1;6;2;;;;6;2;6;;;;1;4;8;3
1;1;162248;1;2;1;;;;6;;5;;5;;1;18;8;2
1;1;106409;1;2;2;;;;7;;11;;5;3;1;18;8;3
1;1;133029;1;3;2;;;;6;1;6;;6;;1;5;8;2
1;1;86756;1;2;2;;;;6;;11;1;1;2;1;8;8;2
1;1;193304;1;3;2;;;;7;2;6;;6;;1;4;8;2
1;1;48847;1;1;2;;;;6;;5;;5;6;2;12;8;2
1;1;178962;1;2;2;;;;6;;7;1;5;1;1;9;8;2
1;1;156799;1;1;1;;;;6;;5;6;5;;2;15;8;2
1;1;198325;1;1;2;;;;6;;11;1;6;2;1;12;8;2
1;1;134748;1;3;1;;;;6;1;6;;6;;2;4;8;2
1;1;204917;1;3;2;;;;6;;8;;6;;1;5;8;2
1;1;161681;1;9;1;;;;6;;11;2;6;;1;11;8;2
1;1;57986;1;2;1;;;;6;;5;6;5;;1;12;8;2
1;1;24682;1;3;1;;;;4;1;8;;6;;2;5;8;2
1;1;200439;1;3;2;;;;6;1;3;;;;1;2;8;2
1;1;176659;1;2;2;;;;6;;5;6;5;6;2;13;2;2
1;1;73913;1;3;2;;;;6;;11;6;1;1;1;8;8;2
1;1;134863;1;3;1;;;;6;1;6;;;;2;4;8;2
1;1;148628;1;1;1;;;;6;;8;6;5;;1;12;8;2
1;1;89766;1;3;2;;;;6;;12;2;6;;1;8;8;2
1;1;108213;1;5;2;;;;6;1;11;1;5;1;2;7;8;2
1;1;192789;1;1;1;;;;6;;5;1;3;;2;8;8;2
1;1;88826;1;3;2;;;;6;;11;2;6;1;2;9;8;2
1;1;186145;1;3;1;;;;6;1;6;;6;;2;4;8;2
1;1;131066;1;3;2;;;;6;1;6;;;;1;4;8;2
1;1;69395;1;3;1;;;;6;2;6;;;;1;3;8;2
1;1;229776;1;3;1;;;;6;1;6;;6;;2;4;8;2
1;1;24235;1;3;1;;;;6;1;8;;6;;2;5;8;2
1;1;136741;1;3;1;;;;6;;8;;6;;2;6;8;2
1;1;216376;1;6;1;;;;6;1;6;;;;2;3;8;2
1;1;220029;1;1;1;;;;6;;8;1;1;;1;11;8;2
1;1;1153;1;3;2;;;;6;;1;;;;2;2;8;2
1;1;151483;1;1;1;;;;6;;11;2;1;;2;12;8;2
1;1;63326;1;1;1;;;;6;;7;6;3;;1;14;8;2
1;1;30106;1;1;1;;;;6;;5;1;5;;1;10;8;2
1;1;225910;1;1;1;;;;6;;8;1;1;;1;7;8;2
1;1;226167;1;2;2;;;;6;;5;;5;99;1;9;8;2
1;1;211527;1;3;1;;;;6;2;6;;;;1;3;8;2
1;1;213;1;1;1;;;;6;;5;;5;;2;16;8;2
1;1;78418;1;3;1;;;;6;;11;1;5;;1;12;8;2
1;1;22317;1;1;1;;;;6;;5;3;1;;1;10;8;2
1;1;45228;1;1;1;;;;6;;8;;4;;1;18;7;2
1;1;195541;1;2;2;;;;6;;12;2;5;;1;13;8;2
1;1;10833;1;3;1;;;;7;;11;1;6;;1;8;8;2
1;1;120625;1;3;1;;;;6;1;6;;;;1;4;8;2
1;1;60844;1;1;1;;;;6;;5;5;5;;2;12;8;2
1;1;154411;1;3;2;;;;6;1;6;;;;2;4;8;2
1;1;99778;1;1;1;;;;6;;11;5;5;;1;14;8;2
1;1;22968;1;3;2;;;;6;1;6;;;;2;3;8;2
1;1;225812;1;3;2;;;;6;;8;6;6;;2;6;8;2
1;1;183242;1;2;2;;;;6;;7;;5;4;1;19;8;2
1;1;224253;1;3;1;;;;6;;8;1;6;;2;10;8;2
1;1;88447;1;3;2;;;;6;2;8;;6;;2;5;8;2
1;1;236842;1;3;2;;;;6;1;6;;;;1;3;8;2
1;1;15824;1;1;2;;;;6;;5;6;5;3;2;13;8;2
1;1;10289;1;9;2;;;;1;;5;;3;5;2;12;8;2
1;1;11942;1;3;2;;;;6;;1;;;;1;1;8;
1;1;169895;1;2;2;;;;7;;5;;1;1;2;11;7;2
1;1;47257;1;3;1;;;;6;2;3;;;;1;2;3;2
1;1;11839;1;1;1;;;;6;;5;;5;;2;16;8;2
1;1;7869;1;3;2;;;;6;1;2;;;;2;2;8;2
1;1;95377;1;3;1;;;;6;;7;1;6;;1;7;8;2
1;1;216506;1;2;2;;;;6;;5;4;5;7;2;11;8;2
1;1;40442;1;3;1;;;;6;;1;;;;1;3;8;2
1;1;183724;1;4;2;;;;1;;11;4;6;;1;7;8;2
1;1;172516;1;1;2;;;;6;;8;3;5;2;2;8;8;2
1;1;186137;1;2;2;;;;6;;11;1;5;2;1;9;8;2
1;1;221486;1;6;2;;;;6;1;3;;;;1;2;8;2
1;1;205604;1;3;1;;;;6;2;11;;6;;1;6;8;2
1;1;111909;1;3;1;;;;6;2;8;;6;;2;5;8;2
1;1;228101;1;3;2;;;;6;2;6;;;;2;3;8;2
1;1;150994;1;1;1;;;;6;;12;2;6;;2;8;8;2
1;1;195133;1;1;2;;;;6;;5;;4;3;1;13;8;2
1;1;50922;1;1;1;;;;6;;8;1;6;;1;13;8;2
1;1;96725;1;1;1;;;;6;;8;2;1;;2;8;8;2
1;1;174954;1;2;2;;;;6;;11;;5;1;1;7;8;2
1;1;126990;1;3;1;;;;6;;8;;6;;1;5;8;2
1;1;141024;1;3;2;;;;6;1;11;;6;;2;5;8;2
1;1;199980;1;3;2;;;;6;1;11;;6;;1;5;8;7
1;1;8438;1;3;1;;;;6;;8;9;6;;1;6;9;2
1;1;225291;1;3;2;;;;6;;1;;;;2;2;8;2
1;1;164709;1;3;2;;;;6;;1;;;;2;2;8;2
1;1;19253;1;2;2;;;;6;;11;1;5;3;1;10;8;2
1;1;233945;1;1;2;;;;6;2;11;9;5;99;1;10;9;2
1;1;4885;1;3;1;;;;6;;8;1;6;;2;6;8;2
1;1;228303;1;2;1;;;;6;;11;1;1;;2;13;8;2
1;1;24321;1;3;1;;;;6;;1;;;;2;1;8;
1;1;86713;1;1;1;;;;6;2;6;9;1;;1;14;9;2
1;1;180727;1;1;2;;;;6;;11;6;3;2;1;11;8;2
1;1;18509;1;3;2;;;;6;1;6;;6;;1;4;8;2
1;1;180124;1;1;2;;;;6;;7;1;3;2;1;14;8;2
1;1;31167;1;2;2;;;;6;;8;;1;2;1;10;8;2
1;1;47912;1;3;2;;;;6;1;8;;6;;1;5;8;2
1;1;50333;1;3;1;;;;6;;8;3;6;;2;6;8;2
1;1;23198;1;3;1;;;;7;2;11;;6;;1;6;8;2
1;1;234613;1;3;2;;;;6;1;6;;;;1;3;8;2
1;1;79557;1;6;2;;;;6;2;6;;;;2;3;8;2
1;1;58152;1;7;2;;;;6;;8;1;6;2;1;11;8;2
1;1;188442;1;3;1;;;;1;1;6;;;;2;4;8;2
1;1;2532;1;1;1;;;;6;;8;1;2;;1;11;8;2
1;1;173214;1;3;2;;;;6;1;6;;;;2;3;8;2
1;1;159949;1;3;2;;;;6;1;6;;6;;2;4;8;2
1;1;106371;1;2;2;;;;6;2;11;9;1;99;1;8;9;2
1;1;38583;1;1;2;;;;6;;1;;4;2;2;18;8;2
1;1;78675;1;2;2;;;;6;;8;;5;2;1;6;8;2
1;1;219265;1;3;2;;;;6;1;6;;;;1;3;8;2
1;1;86852;1;3;1;;;;6;2;12;;5;;1;8;8;7
1;1;91407;1;1;1;;;;6;;12;2;5;;1;11;8;7
1;1;86969;1;3;1;;;;6;;1;;;;1;2;8;2
1;1;187069;1;2;2;;;;6;;7;7;5;3;2;9;8;2
1;1;128086;1;4;2;;;;6;;8;4;6;1;2;6;8;2
1;1;206765;1;1;2;;;;6;2;11;6;6;;1;6;8;2
1;1;220031;1;3;1;;;;6;1;8;;6;;1;5;8;2
1;1;191660;1;1;1;;;;6;;5;1;5;;1;17;8;2
1;1;62872;1;9;1;;;;6;;8;;6;;2;9;8;2
1;1;93556;1;3;2;;;;6;;1;;;;1;2;8;2
1;1;80333;1;2;2;;;;6;;8;1;5;2;2;9;8;2
1;1;72267;1;1;2;;;;6;;8;;6;99;1;9;9;2
1;1;228520;1;1;1;;;;6;;11;6;1;;1;8;8;2
1;1;116672;1;6;2;;;;6;1;6;;;;1;3;8;2
1;1;117032;1;5;1;;;;6;;5;1;1;;1;9;8;2
1;1;190462;1;1;1;;;;6;;11;1;5;;1;14;8;7
1;1;223234;2;1;1;;;;6;;8;1;5;;1;10;8;2
1;1;151813;1;3;1;;;;6;;7;;6;;1;8;7;2
1;1;106827;1;1;1;;;;6;;5;;5;;1;14;8;2
1;1;73112;1;3;2;;;;6;2;11;;6;;1;7;8;2
1;1;178313;1;2;2;;;;6;;8;1;5;1;1;8;5;2
1;1;108545;1;3;1;;;;6;;8;6;6;;1;7;8;2
1;1;192141;1;3;2;;;;6;1;11;;6;;1;6;8;2
1;1;49266;1;5;1;;;;6;;11;1;5;;1;12;8;2
1;1;192219;1;3;2;;;;6;2;6;;6;;1;4;8;2
1;1;23765;1;1;2;;;;6;;5;6;5;3;1;12;8;2
1;1;65031;1;3;1;;;;7;;8;6;1;;1;5;8;2
1;1;237767;1;3;2;;;;6;1;6;;6;;1;4;8;2
1;1;23902;1;2;2;;;;6;;1;;5;5;2;16;7;2
1;1;46221;1;1;2;;;;6;;11;2;2;2;2;9;8;2
1;1;129207;1;1;2;;;;6;;8;5;3;5;1;13;8;2
1;1;178465;1;1;2;;;;6;;5;;5;2;2;13;8;2
1;1;96487;1;4;1;;;;6;;11;;6;;1;7;8;2
1;1;37249;1;1;2;;;;6;;7;1;5;1;1;10;8;2
1;1;56424;1;3;2;;;;6;1;6;;6;;1;4;8;2
1;1;28686;1;2;2;;;;6;2;11;9;5;99;2;12;9;2
1;1;150572;1;1;1;;;;6;;5;6;5;;1;18;8;2
1;1;32069;1;3;1;;;;6;1;11;2;6;;2;7;8;2
1;1;227213;1;3;2;;;;6;1;8;;6;;1;5;8;2
1;1;70491;1;3;1;;;;6;;11;6;6;;2;7;8;2
1;1;224245;1;3;2;;;;6;2;11;;6;;1;6;8;2
1;1;135406;1;10;2;;;;6;;5;;6;;1;14;8;2
1;1;228862;1;3;1;;;;6;;1;;;;1;2;8;2
1;1;219406;1;1;1;;;;6;;7;1;5;;1;8;8;2
1;1;210801;1;2;2;;;;6;;12;1;5;;1;7;8;7
1;1;114433;1;1;2;;;;6;;5;6;4;99;1;15;8;2
1;1;115869;1;6;1;;;;6;;1;;;;2;1;8;
1;1;200405;1;1;1;;;;6;;12;1;1;;1;14;8;7
1;1;56752;1;2;1;;;;6;;8;1;1;;1;8;8;2
1;1;208292;1;2;2;;;;6;;6;;1;3;1;6;8;2
1;1;210560;1;2;1;;;;6;;5;;5;;2;12;7;2
1;1;91460;1;3;2;;;;6;;11;2;6;;1;9;8;2
1;1;12753;1;2;2;;;;6;;5;;5;3;1;15;8;2
1;1;38464;1;3;2;;;;6;1;8;;6;;2;5;8;2
1;1;226552;1;3;2;;;;6;1;10;;6;;2;5;8;7
1;1;36284;1;1;1;;;;6;;7;1;6;;1;13;8;7
1;1;113704;1;2;2;;;;6;;8;;1;2;1;7;8;2
1;1;46523;1;2;2;;;;6;;11;5;5;3;2;13;8;2
1;1;175948;1;10;2;;;;6;;8;;6;;2;5;6;2
1;1;194975;1;2;1;;;;6;;11;6;5;;2;7;8;2
1;1;50552;1;1;1;;;;6;;7;1;5;;2;11;5;2
1;1;226640;1;3;1;;;;6;2;8;;6;;2;5;8;2
1;1;180361;1;3;2;;;;6;1;6;;;;1;4;8;2
1;1;65281;1;3;1;;;;6;1;11;9;6;;1;8;9;2
1;1;215270;1;3;2;;;;6;1;6;;6;;2;4;8;2
1;1;152821;1;2;2;;;;6;;11;1;1;1;1;6;8;2
1;1;50255;1;1;2;;;;6;;1;;6;3;2;14;8;2
1;1;42549;1;2;2;;;;6;;11;2;5;3;1;13;8;2
1;1;67335;1;3;1;;;;6;1;6;;;;1;3;8;2
1;1;88143;1;6;2;;;;6;1;6;;6;;1;4;8;2
1;1;196326;1;1;2;;;;6;;5;6;4;3;1;11;8;2
1;1;89629;1;3;1;;;;6;;10;1;6;;1;7;8;2
1;1;11889;1;4;1;;;;6;1;6;;6;;2;4;8;2
1;1;238026;1;1;1;;;;6;;7;;5;;1;19;8;2
1;1;150021;1;1;1;;;;6;;5;;5;;1;16;8;2
1;1;192760;1;2;1;;;;6;;5;1;1;;1;9;8;2
1;1;171502;1;1;1;;;;4;;8;1;6;;1;9;8;2
1;1;137374;1;7;2;;;;6;;7;;4;2;1;14;8;2
1;1;237059;1;3;2;;;;6;2;6;;;;2;4;8;2
1;1;47482;1;2;1;;;;6;;7;6;1;;1;8;8;2
1;1;16742;1;1;1;;;;6;;11;6;5;;2;12;8;2
1;1;46071;1;1;1;;;;6;;8;1;1;;1;7;8;2
1;1;22693;1;1;1;;;13;1;;5;6;5;;1;9;8;6
1;1;207014;1;3;1;;;;6;;11;6;6;;1;7;8;2
1;1;22242;1;2;1;;;;6;;7;1;5;;1;13;8;2
1;1;140574;1;6;1;;;;6;;7;;1;;1;7;8;2
1;1;59320;1;1;1;;;13;1;;5;1;2;;1;13;8;6
1;1;33230;1;1;2;;;;6;;5;6;3;3;2;10;8;2
1;1;63037;1;1;2;;;;6;;5;4;4;2;2;15;8;2
1;1;22693;1;3;2;;;13;1;1;6;;;;1;3;8;6
1;1;204037;1;3;2;;;;6;;6;4;6;;2;7;8;2
1;1;113989;1;3;1;;;;6;;8;;6;;2;5;8;2
1;1;92803;1;3;2;;;;6;1;8;;6;;2;5;8;2
1;1;82959;1;1;1;;;;6;;8;1;5;;2;9;8;2
1;1;234984;1;3;1;;;;6;;7;;6;;1;7;8;2
1;1;221704;1;3;2;;;;6;2;6;;;;2;3;8;2
1;1;135026;1;1;1;;;;6;;10;1;5;;1;10;8;2
1;1;106860;1;1;1;;;;6;;5;6;1;;2;11;8;7
1;1;102646;1;3;1;;;;6;1;8;;6;;2;5;8;2
1;1;26402;1;1;1;;;;6;;11;1;5;;2;8;8;2
1;1;80214;1;3;1;;;;6;2;12;1;6;;2;7;8;2
1;1;16297;1;1;2;;;;6;;11;2;6;;1;14;8;2
1;1;57927;1;2;2;;;;6;;12;1;5;2;1;8;8;2
1;1;69281;1;1;1;;;;6;;5;6;5;;2;14;8;2
1;1;186243;1;1;2;;;;6;;11;5;4;2;1;10;8;2
1;1;64414;1;2;1;;;;6;;5;;1;;1;16;7;2
1;1;144204;1;1;1;;;;6;;5;1;5;;2;9;8;2
1;1;25363;1;3;1;;;;6;;8;;6;;2;7;7;2
1;1;236241;1;1;1;;;;6;;6;1;5;;2;12;8;2
1;1;8586;1;10;2;;;;6;;8;1;2;2;2;6;8;2
1;1;72364;1;3;2;;;;6;2;3;;;;1;2;8;2
1;1;55883;1;3;2;;;;6;2;6;;;;1;3;8;2
1;1;181842;1;3;1;;;;6;2;6;;;;1;3;8;2
1;1;193943;1;2;2;;;;7;;8;9;5;99;1;8;9;2
1;1;57311;1;3;1;;;;1;1;8;;6;;1;5;8;2
1;1;123583;1;1;1;;;;6;;10;1;1;;1;10;8;2
1;1;31191;1;7;2;;;;6;;5;;5;3;2;17;8;2
1;1;58879;1;1;2;;;;6;;1;;4;;1;18;8;2
1;1;186654;1;1;2;;;;6;;5;;3;8;2;13;8;2
1;1;148144;1;3;1;;;;6;;6;;;;1;3;5;2
1;1;77983;1;2;2;;;;7;;8;1;5;3;1;10;8;2
1;1;119143;1;1;1;;;;6;;5;;5;;2;15;8;2
1;1;146245;1;3;1;;;;6;;1;;;;1;1;1;
1;1;211783;1;1;2;;;;6;;11;1;3;3;1;13;8;2
1;1;66895;1;3;2;;;;6;1;6;;;;1;3;8;2
1;1;60900;1;9;2;;;;6;1;11;;3;99;1;7;9;2
1;1;211340;1;2;2;;;;6;;10;6;5;2;1;12;8;2
1;1;183613;1;2;1;;;;6;;5;6;1;;2;8;8;2
1;1;50677;4;3;2;;;;6;1;8;;6;;1;5;8;2
1;1;104795;1;2;2;;;;6;;5;;5;99;2;9;8;2
1;1;192284;1;7;2;;;;6;;5;;3;99;1;19;9;2
1;1;25442;1;2;2;;;;6;;1;;5;9;1;18;7;2
1;1;237298;1;7;2;;;;6;;5;;4;99;1;16;8;2
1;1;94899;1;1;2;;;;6;;7;6;6;1;1;9;8;2
1;1;159988;1;7;2;;;;6;;6;4;5;2;2;12;8;2
1;1;207051;1;3;2;;;;6;2;11;;6;99;1;5;8;2
1;1;123453;1;3;1;;;;6;;11;1;6;;2;8;8;2
1;1;199823;1;3;2;;;;6;1;8;;6;;2;5;8;2
1;1;165368;1;1;1;;;;6;;1;;5;;2;17;8;2
1;1;39936;1;3;2;;;;6;2;11;1;6;;2;6;8;2
1;1;187564;1;1;1;;;;6;;8;6;5;;1;7;8;2
1;1;154104;1;3;2;;;;6;1;11;;6;;1;5;8;2
1;1;103559;1;1;1;;;;6;;5;3;5;;2;15;8;2
1;1;8801;1;3;1;;;;6;;8;1;6;;2;6;8;2
1;1;186786;2;3;1;;;;6;1;6;;;;2;3;8;2
1;1;109291;1;3;1;;;;6;1;6;;6;;1;4;8;2
1;1;136858;1;9;1;;;;6;2;11;;6;;1;7;8;2
1;1;68487;1;3;2;;;;6;;11;;6;;1;6;8;2
1;1;195273;2;1;2;;;;6;;7;6;6;2;1;7;8;2
1;1;158699;1;1;1;;;;6;;11;6;5;;2;8;8;2
1;1;72812;1;1;2;;;;6;;8;6;2;3;2;8;8;2
1;1;220166;1;2;2;;;;6;;7;1;1;2;1;8;8;7
1;1;155939;1;1;2;;;;6;;7;6;5;4;2;11;8;2
1;1;148848;1;1;2;;;;6;;5;6;4;2;1;17;8;2
1;1;154701;1;3;1;;;;6;2;6;;;;1;4;8;2
1;1;106448;1;3;1;;;;6;1;6;;6;;2;4;8;2
1;1;103670;1;1;1;;;;6;;12;2;5;;2;11;8;2
1;1;206020;1;3;2;;;;6;1;3;;;;2;2;8;2
1;1;150332;1;3;2;;;;6;1;6;;;;1;3;8;2
1;1;223647;1;3;2;;;;6;1;6;;;;2;4;8;2
1;1;38776;1;3;1;;;;6;2;8;;6;;1;5;8;7
1;1;70821;1;3;1;;;;6;1;8;;6;;1;5;8;2
1;1;13044;1;3;1;;;;6;1;6;;;;2;3;8;2
1;1;54234;1;3;1;;;;6;;6;;;;2;3;9;2
1;1;209849;1;3;1;;;;6;1;6;;;;1;4;8;2
1;1;227494;1;1;1;;;;6;;11;5;5;;1;13;8;2
1;1;222876;1;1;2;;;;6;;5;1;6;4;2;11;8;2
1;1;38872;1;2;2;;;;6;;8;;5;3;1;11;8;2
1;1;7585;1;3;2;;;;6;;11;;6;99;1;6;8;2
1;1;188746;1;1;1;;;;6;;7;;5;;1;14;8;2
1;1;207276;1;9;2;;;;6;;11;;6;;1;7;8;2
1;1;103067;1;2;2;;;;6;;1;;1;4;1;19;7;2
1;1;223896;1;3;1;;;;6;1;3;;;;1;2;8;2
1;1;130686;1;3;1;;;;6;1;6;;6;;2;4;5;2
1;1;152341;1;1;1;;;;6;;7;1;6;;1;9;8;2
1;1;197107;1;3;1;;;;6;2;6;;;;1;3;8;2
1;1;224266;1;3;2;;;;6;;5;;6;;1;12;8;2
1;1;36389;1;3;2;;;;6;1;8;;6;;2;5;8;2
1;1;196768;1;3;1;;;;6;;1;;;;1;1;9;
1;1;6708;1;3;2;;;;6;;8;;6;;2;5;8;2
1;1;135324;2;2;1;;;;6;;5;;1;;1;15;8;2
1;1;63698;1;3;1;;;;6;1;6;;6;;2;5;8;2
1;1;68449;1;1;2;;;;6;;11;;5;2;2;8;8;2
1;1;203963;1;1;1;;;;6;;7;1;5;;2;11;8;2
1;1;145969;1;3;2;;;;6;1;6;;;;1;3;8;2
1;1;44246;1;3;1;;;;6;2;11;;6;;1;5;8;2
1;1;123506;1;6;2;;;;6;1;3;;;;2;2;8;2
1;1;99295;1;2;1;;;;6;;8;1;5;;1;11;8;2
1;1;74343;1;3;2;;;;6;3;11;9;6;99;1;5;9;2
1;1;86698;1;1;2;;;;7;;12;1;6;99;1;13;8;2
1;1;198589;1;1;2;;;;6;;7;6;5;4;1;12;8;2
1;1;216343;1;1;1;;;;6;;5;6;5;;2;11;8;2
1;1;47146;1;5;1;;;;6;;11;;5;;1;7;8;2
1;1;187388;1;1;1;;;;6;;7;1;5;;1;8;8;2
1;1;65884;1;6;1;;;;6;1;6;;;;1;4;5;2
1;1;192562;1;3;1;;;;6;2;8;;6;;1;5;8;2
1;1;145233;1;1;1;;;;6;;11;2;1;;1;13;8;2
1;1;178821;1;1;2;;;;6;;11;2;3;3;2;9;8;2
1;1;197121;1;1;2;;;;6;;8;4;6;2;1;11;8;2
1;1;172133;1;1;1;;;;6;;11;;3;;1;9;8;2
1;1;12037;1;9;2;;;;6;;8;;6;;2;7;8;2
1;1;10071;1;2;1;;;;6;;8;3;1;;2;6;8;2
1;1;109509;1;1;2;;;;6;;8;;6;2;1;8;8;2
1;1;24150;1;2;2;;;;6;;11;;5;;2;9;8;2
1;1;2838;1;3;2;;;;6;;8;1;6;;1;5;8;2
1;1;212896;1;3;2;;;;6;;8;1;6;99;1;5;8;2
1;1;24146;1;2;2;;;;6;;6;;5;3;1;14;8;2
1;1;141147;1;1;1;;;;6;;8;;1;;2;10;8;2
1;1;52945;1;1;2;;;;6;;5;;4;9;1;19;2;2
1;1;220518;1;3;2;;;;6;;2;;;;2;2;8;2
1;1;198642;1;1;1;;;;7;;8;6;3;;2;15;8;7
1;1;60913;1;6;1;;;;6;1;3;;;;1;2;8;2
1;1;205008;1;1;1;;;;6;;6;1;1;;1;6;8;2
1;1;195915;1;3;1;;;;6;1;6;;;;1;3;8;2
1;1;153464;1;3;2;;;;6;;5;6;1;;1;9;8;2
1;1;210113;1;1;2;;;;6;;8;1;6;1;2;8;8;2
1;1;198737;1;1;1;;;;2;;1;;5;;2;17;7;2
1;1;56489;1;2;1;;;;6;;5;6;5;;2;12;8;2
1;1;84057;1;2;2;;;;6;;4;6;5;3;2;13;8;2
1;1;47894;1;1;2;;;;6;;5;;4;1;2;21;6;2
1;1;164283;1;1;1;;;;6;;11;;5;;1;15;8;2
1;1;104261;1;9;2;;;;6;;8;1;6;;2;6;8;2
1;1;151660;1;3;2;;;;6;;10;6;3;1;1;9;8;2
1;1;134789;1;1;1;;;;6;;11;5;5;;1;12;8;2
1;1;2158;1;1;1;;;;6;;7;;5;;2;13;8;2
1;1;240688;1;2;2;;;;6;;11;1;1;;2;8;8;2
1;1;12470;1;3;2;;;;6;1;11;;6;;1;6;8;2
1;1;84058;1;2;1;;;;6;;8;6;1;;1;6;8;2
1;1;237309;1;2;1;;;;6;;7;3;6;;2;10;8;2
1;1;115108;1;3;2;;;;6;1;6;;6;;2;5;8;2
1;1;123692;1;1;1;;;;6;;7;1;5;;2;11;8;2
1;1;181887;1;3;2;;;;6;;11;1;3;;2;8;8;2
1;1;168549;1;1;1;;;;6;;7;;5;;1;16;8;2
1;1;140441;1;1;1;;;;6;;5;;5;;2;17;1;2
1;1;217937;1;3;1;;;;6;1;6;;;;1;3;8;2
1;1;211404;1;3;1;;;;6;1;6;;;;1;3;8;2
1;1;230966;1;4;1;;;;6;;8;9;6;;1;5;9;2
1;1;174686;1;5;1;;;;6;;8;3;5;;2;7;8;2
1;1;45891;1;3;2;;;;6;;11;;6;;2;7;8;2
1;1;11922;1;3;1;;;;6;;8;6;6;;1;6;8;2
1;1;150283;1;9;1;;;;6;;5;;6;;2;7;7;2
1;1;28173;1;1;1;;;;6;2;11;9;5;;1;12;9;2
1;1;106783;1;9;1;;;;6;;6;;5;;2;16;8;2
1;1;17623;1;3;2;;;;6;1;6;;6;;2;4;8;2
1;1;117287;1;1;2;;;;6;;9;6;3;3;1;11;8;2
1;1;130929;1;3;1;;;;6;;8;;1;;2;6;8;2
1;1;32585;1;1;1;;;;6;;11;6;5;;2;9;8;2
1;1;10002;1;3;1;;;;6;1;8;;6;;2;5;8;2
1;1;7420;1;3;1;;;;6;1;6;;;;2;3;8;2
1;1;225297;1;3;2;;;;6;;8;;6;;2;5;8;2
1;1;22980;1;1;1;;;;6;;6;6;5;;2;16;1;2
1;1;220005;1;3;1;;;;6;2;8;;6;;1;5;8;2
1;1;224925;1;2;2;;;;6;2;11;9;1;99;1;12;9;2
1;1;176119;1;7;2;;;;6;;4;;4;6;2;18;8;2
1;1;240325;1;1;1;;;;6;2;11;1;5;;2;7;8;2
1;1;181736;1;1;1;;;;6;1;11;6;1;;2;9;8;2
1;1;51345;1;3;2;;;;6;;12;6;6;;1;7;8;2
1;1;42302;1;1;2;;;;6;;6;4;5;99;2;11;8;2
1;1;29067;1;1;1;;;;6;;11;;5;;1;14;8;2
1;1;227591;1;3;2;;;;6;1;2;;;;2;2;8;2
1;1;51881;1;2;2;;;;6;;8;1;5;2;2;8;8;2
1;1;130913;1;3;1;;;;6;1;6;;;;2;3;8;2
1;1;93603;1;3;1;;;;6;1;6;;6;;2;4;8;2
1;1;175336;1;3;2;;;;6;;5;5;6;1;2;12;8;2
1;1;31581;1;3;2;;;;6;;7;;6;1;2;7;8;2
1;1;177367;1;1;1;;;;6;;12;2;5;;1;16;8;2
1;1;208474;1;3;1;;5;;6;;1;;6;;1;9;7;5
1;1;228836;1;3;2;;;;6;;8;;6;;2;6;8;2
1;1;229788;1;3;2;;;;6;2;6;;;;2;4;8;2
1;1;165917;1;1;2;;;;6;;5;;1;99;1;13;9;2
1;1;62022;1;6;1;;;;6;;8;1;6;;2;6;8;2
1;1;18918;1;3;2;;;;6;2;11;;6;;1;6;8;7
1;1;65374;1;3;2;;;;6;1;6;;;;2;3;8;2
1;1;1797;1;2;2;;;;7;;5;;5;99;1;12;8;2
1;1;143346;1;2;2;;;;6;;11;1;5;2;1;12;8;2
1;1;222782;1;3;1;;;;6;2;11;1;6;;1;7;8;2
1;1;183797;1;2;2;;;;6;;12;2;5;1;1;9;8;7
1;1;88351;1;3;2;;;;6;2;8;;6;;1;5;8;2
1;1;212551;1;1;2;;;;6;2;11;;6;;1;12;8;2
1;1;216181;1;1;1;;;;6;2;11;6;5;;1;10;8;2
1;1;112128;1;3;1;;;;6;1;6;;6;;2;4;8;2
1;1;51021;1;3;2;;;;6;;8;1;6;1;1;8;8;2
1;1;232455;1;3;1;;;;6;1;11;;6;;2;6;8;2
1;1;24851;1;1;1;;;;6;;8;1;5;;1;9;8;2
1;1;70057;1;2;2;;;;6;;5;;5;8;2;13;8;2
1;1;198509;1;1;2;;;;6;;5;6;5;3;2;8;8;2
1;1;93604;1;6;1;;;;6;;1;;;;1;1;8;
1;1;107388;1;1;2;;;;6;;5;;4;5;2;17;5;2
1;1;202184;1;3;1;;;;6;;8;1;1;;2;7;8;2
1;1;83333;1;3;2;;;;6;2;11;;6;;1;6;8;2
1;1;58714;1;3;1;;;;6;;11;7;6;;1;8;8;7
1;1;141060;1;5;1;;;;6;;5;6;5;;2;9;8;2
1;1;174712;1;2;2;;;;6;2;12;1;5;2;1;9;8;2
1;1;2066;1;3;2;;;;6;;11;;6;;2;6;8;7
1;1;72266;1;3;2;;;;6;;6;;6;99;2;4;9;2
1;1;179870;1;3;2;;;;6;1;6;;;;2;3;8;2
1;1;50093;1;1;1;;;;6;;5;;5;;1;11;1;2
1;1;30568;1;1;1;;;;6;;5;;5;;2;18;5;2
1;1;74911;1;2;2;;;;6;;7;;5;7;2;13;8;2
1;1;136307;1;3;2;;;;6;;11;1;6;;1;8;8;2
1;1;96081;1;3;2;;;;6;;1;;;;2;2;8;2
1;1;185145;1;3;2;;;;6;;11;1;6;1;1;7;8;2
1;1;18944;1;3;1;;;;6;;8;3;6;;2;5;8;2
1;1;185696;1;1;2;;;;6;;12;1;5;1;1;12;8;2
1;1;189296;1;9;2;;;;6;1;6;;6;;1;4;8;2
1;1;238980;1;3;2;;;;6;2;6;;6;;2;4;8;2
1;1;128181;1;3;1;;;13;1;1;11;;6;;2;5;8;6
1;1;57247;1;3;1;;;;6;1;6;;;;2;4;8;2
1;1;29196;2;1;1;;;;1;;8;1;1;;2;6;8;2
1;1;200940;1;1;2;;;;6;;5;6;3;3;1;9;8;2
1;1;146347;1;1;2;;;;6;;11;;3;4;1;14;8;2
1;1;138482;1;6;1;;;;6;1;6;;;;2;3;8;2
1;1;47528;1;3;2;;;;6;2;6;;6;99;1;4;9;2
1;1;78469;1;1;2;;;;6;;5;4;3;3;1;10;8;2
1;1;58072;1;4;2;;;;6;2;11;;6;;1;6;8;7
1;1;153082;1;1;1;;;;6;;8;1;5;;2;11;8;2
1;1;208391;1;6;1;;;;6;;1;;;;2;1;8;
1;1;151896;1;3;1;;;;6;1;8;;6;;2;4;8;2
1;1;103128;1;9;1;;;;6;;8;;6;;1;5;8;2
1;1;184239;1;2;2;;;;6;;8;;5;3;2;8;8;2
1;1;143806;1;2;2;;;;6;;8;1;5;3;1;11;8;2
1;1;52179;1;3;2;;;;6;1;6;;;;2;4;8;2
1;1;114162;1;3;2;;;;6;;11;1;6;;2;6;8;2
1;1;57938;1;2;1;;;;6;;5;6;5;;2;12;8;2
1;1;108588;1;3;2;;;;6;1;6;;;;1;3;8;2
1;1;176606;1;1;1;;;;6;;11;1;1;;2;7;8;2
1;1;83513;1;3;2;;;;6;1;6;;;;1;4;8;2
1;1;142094;1;1;1;;;;6;;8;2;1;;2;6;8;2
1;1;18265;1;1;1;;;;6;;5;3;5;;2;14;8;2
1;1;228644;1;3;1;;;;6;;8;1;6;;1;6;8;2
1;1;146448;1;6;2;;;;6;1;6;;;;1;4;8;2
1;1;6138;1;3;1;;;;6;1;2;;;;2;2;9;2
1;1;56677;1;3;1;;;;6;1;6;;;;1;3;8;2
1;1;218144;1;1;2;;;13;6;;5;;3;5;2;14;8;6
1;1;223326;1;2;2;;;;6;;7;6;5;2;1;7;8;2
1;1;25874;1;3;1;;;;6;1;11;1;6;;2;6;8;2
1;1;15794;1;1;1;;;;6;;11;1;5;;1;10;8;7
1;1;30648;1;6;2;;;;7;2;8;;6;;1;5;8;7
1;1;192304;1;3;2;;;;6;1;6;;6;;2;4;8;2
1;1;211868;1;1;1;;;;6;;12;1;5;;1;12;8;2
1;1;115421;1;1;1;;;;6;2;10;2;6;;1;10;8;2
1;1;36034;1;1;1;;;;6;;5;1;5;;2;16;8;2
1;1;162518;1;3;1;;;;6;1;6;;;;2;3;8;2
1;1;208320;1;1;1;;;;6;;5;1;5;;2;8;8;2
1;1;187922;1;3;1;;;;6;;8;1;6;;2;7;8;2
1;1;44124;1;9;2;;;;6;1;3;;;;1;2;8;2
1;1;3831;1;1;1;;;;6;;5;;5;;1;19;8;2
1;1;241978;1;3;1;;;;6;;1;;;;2;3;7;2
1;1;230350;1;2;2;;;;6;;5;6;5;3;2;9;8;2
1;1;75638;1;3;1;;;;6;1;6;;;;1;4;8;2
1;1;151450;1;1;2;;;;6;;5;;6;3;1;15;8;2
1;1;102700;1;9;1;;;;6;;11;6;6;;2;9;8;2
1;1;182227;1;3;2;;;;6;1;6;;;;1;4;8;2
1;1;230152;1;1;1;;;;6;;11;5;5;;1;14;8;2
1;1;110540;1;3;2;;;;6;1;6;;6;;2;4;8;2
1;1;1013;1;3;2;;;;6;;11;;6;;2;6;8;2
1;1;61656;1;2;1;;;;6;;5;9;1;;1;10;9;2
1;1;226237;1;1;1;;;;6;;5;6;5;;1;13;5;2
1;1;172143;1;3;2;;;;6;;8;;6;;1;6;8;2
1;1;188686;1;9;2;;;;6;1;6;;;;1;3;8;2
1;1;239530;1;11;2;;;;6;;8;4;6;;1;6;8;2
1;1;88792;1;1;2;;;;6;;8;1;3;2;1;13;8;7
1;1;210139;1;1;2;;;;6;;6;8;6;3;2;8;8;2
1;1;206617;1;1;2;;;;6;;11;;5;2;1;10;8;2
1;1;148172;1;1;2;;;;6;;12;1;6;;1;9;8;7
1;1;29640;1;1;1;;;;6;;5;6;5;;2;7;8;2
1;1;215431;1;3;1;;;;6;1;11;;6;;2;6;8;2
1;1;96299;1;1;2;;;;6;;5;;4;9;1;18;8;2
1;1;97370;1;3;1;;;;7;;11;6;3;;1;11;8;7
1;1;127776;1;1;1;;;;6;;11;5;5;;1;14;8;2
1;1;203510;1;2;2;;;;6;;5;;5;99;2;15;8;2
1;1;81738;1;6;2;;;;6;;8;1;1;1;2;6;8;2
1;1;229841;1;3;1;;;;6;;8;6;5;;2;9;8;2
1;1;81192;1;9;1;;;;6;;5;1;2;;1;7;8;2
1;1;23125;1;1;1;;;;4;;12;6;5;;1;11;8;2
1;1;173029;1;1;1;;;;6;;8;6;5;;2;10;8;2
1;1;114811;1;6;1;;;;6;;8;;6;;2;6;9;2
1;1;92780;1;3;2;;;;6;;11;1;1;2;1;8;8;2
1;1;203630;1;2;2;;;;6;;6;;1;1;2;6;8;2
1;1;4004;1;1;1;;;;7;;11;;5;;1;18;8;2
1;1;70120;1;3;1;;;;6;1;6;;6;;1;4;8;2
1;1;104194;1;3;2;;;;6;2;6;;;;2;3;8;2
1;1;124369;1;9;1;;;;6;2;6;;;;2;3;8;2
1;1;103589;1;1;2;;;;6;;5;3;5;5;2;13;8;2
1;1;173031;0;12;1;;;;6;;7;2;5;;2;8;8;2
1;1;16006;1;3;2;;;;6;1;6;;6;;1;4;8;2
1;1;57184;1;3;2;;;;6;;6;1;1;1;2;5;8;2
1;1;57361;1;1;2;;;;6;;5;;3;2;2;12;5;2
1;1;105127;1;3;1;;;;6;2;6;;;;1;3;9;2
1;1;211712;1;1;1;;;;6;;8;1;5;;2;7;8;2
1;1;87511;1;3;2;;;;6;2;8;;6;;1;4;8;2
1;1;31248;1;3;2;;;;6;2;6;;6;99;1;4;8;2
1;1;189644;1;3;2;;;;6;1;6;;;;1;3;8;2
1;1;161645;1;1;1;;;;6;;5;6;6;;2;14;8;2
1;1;50601;1;6;2;;;;6;2;6;;;;1;2;8;2
1;1;231085;1;6;1;;;;6;1;6;;;;2;3;9;2
1;1;138546;1;1;1;;;;6;;5;;3;;1;15;9;2
1;1;185695;1;1;1;;;;6;;5;3;5;;2;11;8;2
1;1;2457;1;10;1;;;;6;;5;1;3;;2;11;8;2
1;1;202029;1;2;2;;;;6;;5;;5;1;1;16;8;2
1;1;112384;1;3;1;;;;6;;7;6;5;;1;13;7;2
1;1;1637;1;1;2;;;;6;;11;1;5;3;1;14;8;2
1;1;103541;1;1;2;;;;6;;5;;2;7;2;18;8;2
1;1;19638;1;2;2;;;;3;;8;;1;1;1;6;8;2
1;1;53223;1;9;1;;;;6;;12;6;6;;2;8;8;2
1;1;192530;1;1;1;;;;1;;5;1;5;;2;10;8;2
1;1;69943;1;9;2;;;;6;;5;;6;;1;16;8;2
1;1;132649;1;2;1;;;;6;;7;2;5;;1;10;8;2
1;1;66455;1;1;1;;;;6;;11;1;1;;1;9;5;2
1;1;103788;1;3;2;;;;6;2;6;;;;1;4;9;2
1;1;73805;1;1;1;;;;6;;5;6;5;;1;13;8;2
1;1;78878;1;2;2;;;;6;;8;6;5;2;1;13;8;2
1;1;37391;1;1;1;;;;6;;5;1;5;;2;13;8;2
1;1;91713;1;3;1;;;;6;2;6;;6;;1;4;8;2
1;1;203658;1;1;1;;;;6;;8;1;1;;1;9;8;2
1;1;101119;1;7;1;;;;6;;5;;5;;1;20;7;2
1;1;130772;1;3;2;;;;6;1;3;;;;2;2;8;2
1;1;128384;1;3;2;;5;;6;;1;;;;2;2;8;5
1;1;100078;1;3;2;;;;6;1;8;;6;;2;6;8;2
1;1;2884;1;1;1;;;;6;;12;6;5;;2;9;8;2
1;1;86302;1;1;2;;;;6;;1;;4;99;2;15;8;2
1;1;37389;1;1;1;;;;6;;5;1;1;;1;11;8;2
1;1;29975;1;3;1;;;;6;2;8;;6;;1;5;8;7
1;1;139909;1;3;1;;;;6;;8;6;6;;2;6;8;2
1;1;82978;1;3;2;;;;6;1;3;;;;1;2;8;2
1;1;42475;1;2;1;;;;6;;6;1;5;;1;10;8;2
1;1;32330;1;1;1;;;;6;;5;1;5;;1;14;8;2
1;1;185075;1;3;2;;;;6;;11;6;6;;1;8;8;2
1;1;8848;1;3;1;;;;6;1;6;;6;;1;4;8;2
1;1;31498;1;6;1;;;;6;1;6;;;;1;3;8;2
1;1;227553;1;1;2;;;;6;1;11;2;6;99;1;13;9;2
1;1;56171;1;1;1;;;;6;;5;;5;;1;22;8;2
1;1;119411;1;3;2;;;;6;3;6;;6;;1;4;8;2
1;1;174136;2;2;2;;;;6;;6;1;1;2;2;8;8;2
1;1;213856;1;3;2;;;;6;;11;6;3;1;1;8;8;2
1;1;170698;1;3;2;;;;6;2;11;;6;99;1;6;9;2
1;1;139866;1;3;2;;;;6;;8;;6;99;2;5;9;2
1;1;87343;1;2;2;;;;6;;5;;5;6;2;17;8;2
1;1;230582;1;3;1;;;;6;1;6;;;;2;4;8;2
1;1;119468;1;3;2;;;;6;1;11;;6;;1;7;8;7
1;1;184306;1;2;2;;;;6;;8;1;1;;1;8;8;2
1;1;37292;1;9;1;;;;6;;11;;6;;2;8;8;2
1;1;164844;1;2;2;;;13;1;;5;6;1;2;1;8;8;6
1;1;135221;1;3;2;;;;6;;11;1;3;1;1;8;8;2
1;1;134008;1;2;2;;;;6;;11;1;5;2;1;13;8;2
1;1;62274;1;1;2;;;;6;;12;1;5;;1;7;8;7
1;1;25848;1;3;2;;;;6;;1;;;;2;1;8;
1;1;223394;1;1;1;;;;6;;5;;5;;2;18;1;2
1;1;41244;1;6;2;;;;6;1;11;;6;99;2;6;9;2
1;1;77019;1;10;1;;;;6;;8;1;6;;1;7;8;2
1;1;131689;1;3;2;;;;6;2;6;;6;99;1;4;9;2
1;1;32399;1;1;1;;;;6;;8;6;5;;1;14;8;2
1;1;212545;1;1;1;;;;6;;5;9;2;;2;13;8;2
1;1;112010;1;9;1;;;;6;;8;1;1;;1;6;8;2
1;1;152002;1;3;1;;;;6;;1;;;;1;2;5;2
1;1;150791;1;3;1;;;;6;3;8;;6;;1;5;8;2
1;1;39610;1;2;1;;;;6;;11;6;5;;1;9;8;2
1;1;93853;1;1;1;;;;6;;5;6;5;;1;11;8;2
1;1;209243;1;3;1;;;;6;;1;;;;1;2;8;2
1;1;12139;1;3;1;;;;6;1;2;;;;2;2;8;2
1;1;29185;1;3;2;;;;6;1;6;;6;;2;4;8;2
1;1;166001;1;2;2;;;;6;;8;;1;1;2;5;8;2
1;1;63296;1;3;1;;;;6;1;6;;;;2;4;8;2
1;1;221024;1;2;1;;;;6;;8;;6;;1;10;8;2
1;1;92491;1;1;2;;;;6;;11;2;5;2;2;8;8;2
1;1;82649;1;1;1;;;;6;;5;1;5;;1;11;8;2
1;1;180;1;3;2;;;;6;1;6;;;;1;3;8;2
1;1;171296;1;2;2;;;;6;;6;;1;3;2;7;8;2
1;1;79620;1;6;1;;;;6;1;6;;;;1;3;8;2
1;1;167076;1;3;2;;;;6;;8;;6;;1;5;8;2
1;1;112705;1;3;1;;;;6;;1;;;;1;3;9;2
1;1;227885;1;3;1;;;;6;2;3;;;;1;2;8;2
1;1;158613;1;3;2;;;;6;;6;;6;99;1;5;9;2
1;1;161366;1;1;2;;;;6;;5;4;3;3;1;9;8;2
1;1;188862;1;3;1;;;;6;;11;1;6;;2;8;8;7
1;1;159321;1;1;1;;;;6;;12;;5;;1;15;8;2
1;1;179260;1;2;2;;;;6;;8;4;5;2;1;13;8;2
1;1;44138;1;3;2;;;;6;1;6;;;;2;3;8;2
1;1;76367;1;9;1;;;;6;;1;;;;1;2;8;7
1;1;185458;1;1;2;;;;6;;8;6;6;99;1;14;8;2
1;1;3515;1;3;2;;;;6;;1;;;;2;1;8;
1;1;113980;1;2;2;;;;6;;10;;5;3;1;15;8;2
1;1;129654;1;3;1;;;;6;1;6;;6;;1;5;8;2
1;1;18067;1;3;2;;;;6;;1;;;;2;2;8;2
1;1;121668;1;3;2;;;;6;;11;2;2;2;1;10;8;2
1;1;221471;1;3;2;;;;7;;6;;6;;2;8;8;2
1;1;177853;1;6;1;;;;6;1;6;;;;2;3;8;2
1;1;31384;1;1;2;;;;6;;11;1;6;;1;7;8;7
1;1;37493;1;1;1;;;;6;;5;;5;;2;14;8;3
1;1;188868;1;2;2;;;;6;;10;6;5;2;2;11;8;2
1;1;226508;1;2;1;;;;6;;8;5;5;;1;7;8;2
1;1;29288;1;3;2;;;;6;1;6;;6;;2;5;8;2
1;1;94902;1;2;2;;;;6;;5;6;6;2;1;9;8;2
1;1;180380;1;3;2;;;;6;;11;;6;;1;7;8;2
1;1;187911;1;3;2;;;;6;1;6;;;;2;4;8;2
1;1;126378;1;3;2;;;;6;1;6;;;;1;4;8;2
1;1;42889;1;1;1;;;;6;;8;;5;;2;13;5;2
1;1;146463;1;1;1;;;;6;;11;;5;;1;16;8;2
1;1;135099;1;4;2;;;;6;;11;1;6;;2;7;8;2
1;1;158701;1;2;2;;;;2;;8;;1;2;1;7;8;2
1;1;233109;1;1;1;;;;6;;11;6;5;;1;9;8;2
1;1;212811;1;3;1;;;;6;1;6;;6;;2;4;8;2
1;1;120315;1;1;1;;;13;6;;5;6;5;;2;10;8;6
1;1;130689;1;1;1;;;;6;;11;1;5;;2;6;8;2
1;1;80674;1;2;2;;;;6;;8;;5;3;1;8;8;2
1;1;166548;1;2;2;;;;6;;8;6;5;99;1;8;8;2
1;1;123775;2;1;1;;;;6;;5;1;5;;2;11;8;2
1;1;242095;1;1;2;;;;6;;11;1;6;;1;8;8;2
1;1;8751;1;1;1;;;;6;;5;;5;;2;15;8;2
1;1;154138;1;1;1;;;;6;;11;;6;;1;8;8;2
1;1;234738;1;3;1;;;;6;1;6;;;;1;3;9;2
1;1;11598;1;6;1;;;;6;1;6;;;;2;3;8;2
1;1;200912;1;3;1;;;;6;1;2;;;;2;2;8;2
1;1;222560;1;1;1;;;;6;;5;5;5;;1;8;8;2
1;1;24453;1;1;1;;;;6;;7;1;5;;1;13;8;2
1;1;226330;1;1;2;;;;6;;7;3;6;4;2;13;8;2
1;1;39516;1;3;1;;;;6;;8;;6;;1;6;8;2
1;1;168773;1;1;1;;;;6;;5;1;1;;1;9;8;2
1;1;207780;1;3;1;;;;6;1;6;;;;1;3;8;2
1;1;73630;1;1;1;;;;6;;11;;5;;1;15;8;2
1;1;65973;1;1;1;;;;6;;5;6;1;;1;8;8;2
1;1;135133;1;9;2;;;;6;;8;;6;1;2;6;8;2
1;1;178598;1;1;2;;;;7;;11;;3;;1;15;8;3
1;1;186405;1;1;1;;;;6;;8;6;5;;1;14;8;2
1;1;133741;1;2;2;;;;7;;12;2;5;3;1;8;8;7
1;1;198362;1;9;1;;;;6;2;11;;6;;1;6;8;7
1;1;52691;1;1;1;;;;6;;10;1;1;;2;8;8;2
1;1;183691;1;2;2;;;;6;;12;5;5;;1;8;8;7
1;1;206923;1;3;1;;;;6;;3;;;;2;2;8;2
1;1;90934;1;3;2;;;;6;1;6;;;;2;3;8;2
1;1;119504;1;9;2;;;;6;;8;1;6;;1;6;8;2
1;1;56414;1;1;1;;;;7;;7;1;5;;1;11;8;2
1;1;171769;1;10;2;;;;6;1;11;;6;;1;6;8;2
1;1;163976;1;2;2;;;;6;2;11;;5;2;1;9;8;2
1;1;164335;1;3;1;;;;6;1;6;;;;2;4;8;2
1;1;206268;1;1;2;;;;6;;8;3;6;1;2;8;8;2
1;1;205213;1;2;2;;;;6;;8;;5;2;1;9;8;2
1;1;31180;1;2;2;;;;6;;11;6;5;3;2;8;8;2
1;1;137384;1;3;1;;;;6;;11;;6;;1;7;8;7
1;1;178106;1;2;2;;;;6;;5;;5;4;1;18;8;2
1;1;222593;1;1;1;;;;6;;11;1;6;;1;7;8;2
1;1;55978;1;7;1;;;;6;;5;6;4;;1;14;5;2
1;1;59443;1;1;1;;;;6;1;11;9;5;;2;10;9;2
1;1;177049;1;3;1;;;;6;;5;;6;;2;7;8;2
1;1;223623;1;9;2;;;;6;;8;;6;0;1;11;8;2
1;1;49708;1;8;2;;;13;6;;1;;3;6;1;17;7;6
1;1;216222;1;3;1;;;;6;;8;;6;;1;7;8;2
1;1;72430;1;3;2;;;;6;2;11;;6;99;2;6;8;2
1;1;218176;1;2;2;;;;6;;5;6;5;;1;7;8;2
1;1;23788;1;3;1;;;;6;;8;6;6;;1;6;8;2
1;1;19556;1;1;2;;;;6;;8;;5;2;2;6;8;2
1;1;132378;1;2;2;;;;6;;11;1;5;2;1;10;8;7
1;1;77476;1;1;1;;;;6;;5;6;5;;1;11;8;2
1;1;111059;1;3;1;;;;6;1;6;;;;1;4;8;2
1;1;160108;1;3;1;;;;7;1;6;;6;;2;4;8;2
1;1;33220;1;1;2;;;;6;;11;6;6;1;2;13;8;2
1;1;227090;1;3;1;;;;6;;6;;6;;2;4;8;2
1;1;182624;1;1;1;;;;6;;5;3;5;;2;12;8;2
1;1;56447;1;1;2;;;;6;;5;;2;6;2;13;6;2
1;1;112335;1;2;2;;;;6;;5;;5;3;1;12;8;2
1;1;228674;1;3;2;;;;6;1;6;;6;;1;4;8;2
1;1;25763;1;3;2;;;;6;2;11;;6;;1;6;8;7
1;1;146483;1;3;1;;;;7;;9;6;6;;1;10;8;2
1;1;137174;1;2;2;;;;6;;11;;1;1;1;9;8;2
1;1;137391;1;2;2;;;;6;;11;2;5;2;1;13;8;2
1;1;238756;1;3;1;;;;6;;8;1;6;;1;5;8;7
1;1;22216;1;3;2;;;;6;1;6;;;;1;4;8;2
1;1;96397;1;2;2;;;;6;;11;7;1;2;1;9;5;2
1;1;77759;1;2;2;;;;6;;8;;5;2;2;12;8;2
1;1;238740;1;1;2;;;;6;;7;;4;2;2;12;8;2
1;1;226151;0;12;2;;;;2;;7;;6;2;2;8;5;2
1;1;94498;1;2;2;;;;6;;7;;5;2;2;9;8;2
1;1;60279;1;4;1;;;;6;;1;;;;2;3;8;2
1;1;223271;1;2;2;;;;6;;5;1;5;2;2;8;8;2
1;1;110788;1;2;2;;;;6;;5;;5;;1;12;8;2
1;1;224232;1;3;1;;;;6;;11;1;6;;1;6;8;2
1;1;39866;1;1;1;;;;6;;5;1;2;;2;10;8;2
1;1;36182;1;1;2;;;;6;;5;;6;;1;8;8;2
1;1;200470;1;2;2;;;;6;;5;;5;4;2;12;8;2
1;1;36331;1;1;1;;;;6;;11;5;2;;1;13;8;2
1;1;223894;1;1;1;;;;6;;11;5;5;;1;12;8;2
1;1;197444;1;3;2;;;;6;;1;;;;2;2;8;2
1;1;136598;1;1;1;;;;6;;11;6;5;;1;7;8;2
1;1;30246;1;3;1;;;;6;1;11;;6;;2;6;8;2
1;1;11474;1;3;2;;;13;1;1;6;;;;1;4;8;6
1;1;143338;1;3;1;;;;6;1;6;;6;;1;4;8;2
1;1;152513;1;3;2;;;;6;1;11;;6;;1;6;8;2
1;1;89861;1;1;1;;;;6;;11;2;5;;1;11;8;2
1;1;78433;1;2;2;;;;7;;8;6;5;3;1;12;8;2
1;1;10683;1;2;2;;;;6;;11;1;5;2;1;9;8;2
1;1;237885;1;3;1;;;;6;;11;2;6;;1;8;8;2
1;1;153038;1;3;1;;;;6;2;8;;6;;1;5;8;2
1;1;152074;1;2;2;;;13;1;;5;6;5;3;1;12;8;6
1;1;45598;1;2;2;;;;6;;11;;5;3;1;11;5;2
1;1;29987;1;3;1;;;;6;;8;;6;;1;6;8;2
1;1;90912;1;3;1;;;;6;1;6;;;;2;3;8;2
1;1;140905;1;1;2;;;;6;;5;6;6;1;1;13;8;2
1;1;133400;1;3;1;;;;6;;11;6;6;;1;8;8;2
1;1;226369;1;2;2;;;;6;;5;;1;6;2;11;8;2
1;1;202690;1;3;1;;;;6;1;6;;;;1;3;8;2
1;1;22202;1;1;1;;;;6;;5;;5;;2;15;1;2
1;1;58952;1;6;2;;5;;6;;1;;;;2;2;3;5
1;1;178966;1;3;1;;;;6;;11;1;6;;1;6;8;2
1;1;93614;1;3;2;;;;6;1;11;1;6;;1;5;8;2
1;1;156260;1;2;2;;;;6;;5;;5;2;2;9;8;2
1;1;49633;1;6;2;;;;6;1;11;6;6;;2;6;8;2
1;1;205210;1;1;2;;;;6;;5;6;3;2;1;12;8;2
1;1;191953;1;3;1;;;;6;;11;2;6;;1;8;8;2
1;1;119867;1;3;2;;;;6;2;6;;;;1;3;8;2
1;1;68654;1;3;2;;;;6;1;6;;6;;2;4;8;2
1;1;23523;1;3;1;;;;6;2;6;;6;;1;4;8;2
1;1;181933;1;1;1;;;;6;1;11;9;1;;1;7;9;2
1;1;210926;1;1;2;;;;6;;12;2;3;1;1;9;8;2
1;1;7627;1;2;2;;;;6;;5;;5;7;2;16;8;2
1;1;191563;1;1;1;;;;6;;11;1;6;;1;8;8;2
1;1;103718;1;1;1;;;;6;;11;;6;;1;11;8;2
1;1;158725;1;1;2;;;;6;;5;2;4;99;1;13;9;2
1;1;213779;1;3;2;;;;6;1;6;;;;1;3;8;2
1;1;188741;1;2;2;;;;6;;5;;5;6;2;12;8;2
1;1;90925;1;10;1;;;;6;1;6;;6;;2;4;8;2
1;1;236705;1;6;1;;;;6;2;8;;6;;1;6;8;2
1;1;210916;1;1;1;;;;6;;6;6;5;;1;14;8;2
1;1;197460;1;3;2;;;;6;1;6;;;;1;4;8;2
1;1;175124;1;6;1;;;;6;1;6;;;;2;4;8;2
1;1;220503;1;1;2;;;;6;;11;;5;2;1;11;8;2
1;1;58223;1;2;2;;;;6;;5;6;5;2;1;8;8;2
1;1;43340;1;3;1;;;;6;1;6;;6;;2;4;8;2
1;1;50097;1;1;2;;;;6;;5;1;6;1;1;13;8;2
1;1;164560;1;3;2;;;;6;;1;;;;2;1;8;
1;1;94635;1;3;2;;;;6;2;10;;6;1;2;6;8;2
1;1;96034;1;3;2;;;;6;;8;;6;1;2;8;8;2
1;1;143346;1;3;1;;;;6;2;8;;6;;1;5;8;2
1;1;24203;1;2;2;;;;6;;11;;5;3;1;14;8;2
1;1;112538;1;1;2;;;;6;;11;;3;2;1;15;8;2
1;1;87775;1;1;1;;;;6;;5;6;5;;2;15;8;2
1;1;177949;1;2;2;;;;6;;8;;5;3;2;7;8;2
1;1;234629;1;3;2;;;;6;2;6;;;;1;3;8;2
1;1;174515;1;3;2;;;;6;;11;1;3;;1;8;8;2
1;1;174154;1;9;2;;;;6;;7;;5;3;1;17;4;2
1;1;183788;1;1;1;;;;6;;11;2;5;;1;9;8;2
1;1;200085;1;3;2;;;;6;1;8;;6;;2;5;8;2
1;1;102993;1;6;2;;;;6;;1;;;;2;2;8;2
1;1;181639;1;4;2;;;;6;1;11;;6;;1;6;8;2
1;1;110485;1;1;1;;;;6;1;11;;6;;1;7;8;2
1;1;100417;1;3;2;;;;6;2;8;;6;;1;5;8;7
1;1;192305;1;2;2;;;;6;;11;6;5;2;1;9;8;2
1;1;34193;1;1;2;;;;6;;5;;3;4;1;15;8;2
1;1;108189;1;2;2;;;;6;;8;6;5;5;1;14;8;2
1;1;116751;1;2;1;;;;6;;5;6;5;;1;10;8;2
1;1;822;1;3;2;;;;6;1;6;;;;1;3;8;2
1;1;36742;1;1;1;;;;6;;8;3;1;;1;7;8;2
1;1;78100;1;2;2;;;;6;;5;;5;5;2;13;8;2
1;1;48202;1;1;2;;;;6;;11;6;3;4;1;12;8;2
1;1;139446;1;3;2;;;;6;;10;1;6;;2;8;1;2
1;1;149366;1;6;2;;;;6;1;6;;6;99;2;4;8;2
1;1;236232;1;1;2;;;;7;;12;6;3;1;1;13;8;2
1;1;223921;1;3;2;;;;6;;8;;6;;2;6;3;7
1;1;106546;1;1;1;;;;6;;5;1;5;;2;17;1;2
1;1;158651;1;3;1;;;;6;;7;6;6;;1;12;8;2
1;1;31081;1;2;2;;;;6;;5;4;5;3;2;11;8;2
1;1;188743;1;2;2;;;;6;;12;1;5;2;1;10;8;7
1;1;36886;1;7;1;;;;6;;8;6;5;;2;13;8;2
1;1;82879;1;3;2;;;;6;;8;;6;;2;6;8;2
1;1;140787;1;9;2;;;;7;;11;;5;3;1;10;8;2
1;1;152379;1;9;1;;;;6;;7;1;6;;1;7;8;2
1;1;141833;1;1;1;;;;6;;11;6;5;;2;9;8;2
1;1;97116;1;1;1;;;;6;;5;6;5;;1;14;8;2
1;1;27676;1;2;2;;;;7;;8;;5;99;1;12;8;2
1;1;11224;1;3;2;;;;6;1;6;;;;1;3;8;2
1;1;42686;1;3;2;;;;6;;12;1;6;;1;7;8;2
1;1;173945;1;2;2;;;;6;;11;2;5;2;1;8;8;2
1;1;84609;1;1;1;;;;6;;5;6;5;;1;9;8;2
1;1;29646;1;2;2;;;;6;;8;;5;99;2;12;8;2
1;1;10676;1;1;1;;;;6;;7;6;5;;2;14;8;2
1;1;1442;1;3;1;;;;6;;8;1;6;;1;8;8;2
1;1;77945;1;2;2;;;;6;;10;1;5;1;1;12;8;2
1;1;236360;1;1;1;;;;6;;5;9;1;;1;13;9;2
1;1;229520;1;3;1;;;;6;1;6;;;;1;3;8;2
1;1;90633;1;3;1;;;;6;2;6;;;;1;3;8;2
1;1;203393;1;3;1;;;;6;;10;1;1;;1;9;8;2
1;1;232621;1;3;1;;;;6;1;6;;;;2;4;8;2
1;1;25982;1;1;1;;;;6;;11;6;5;;1;16;8;2
1;1;4920;1;3;1;;;;6;;8;1;6;;1;9;8;2
1;1;162365;1;3;1;;;;6;1;6;;;;1;3;8;2
1;1;201136;1;3;2;;;;6;;8;;6;99;2;7;9;2
1;1;9783;1;1;1;;;;6;;7;1;6;;2;9;8;2
1;1;74415;1;2;2;;;;6;;5;6;5;4;1;12;8;2
1;1;162430;1;2;2;;;;6;;11;6;5;;1;8;8;2
1;1;66932;1;6;1;;;;6;1;6;;;;1;2;4;2
1;1;91747;1;1;2;;;;6;;6;;5;2;2;7;8;2
1;1;35940;1;1;1;;;;6;;7;;5;;2;16;8;2
1;1;23842;1;1;1;;;;6;;7;1;5;;2;12;8;2
1;1;164045;1;2;2;;;;6;;8;6;5;3;2;11;8;2
1;1;208090;1;3;2;;;;6;1;8;;6;;2;5;8;2
1;1;107971;1;2;1;;;;6;;5;;5;;1;17;1;2
1;1;168215;1;9;2;;;;6;1;6;;;;1;2;8;2
1;1;59154;1;1;1;;;;6;;12;;5;;1;15;5;7
1;1;115163;1;1;1;;;;6;;7;1;5;;2;12;8;7
1;1;10567;1;2;2;;;;6;;5;;5;3;2;14;8;2
1;1;116370;1;3;2;;;;6;;8;;6;;2;5;5;2
1;1;136953;1;4;2;;;;6;;10;6;6;;1;6;8;2
1;1;45415;1;1;2;;;;6;;7;6;3;3;1;13;1;7
1;1;61114;1;3;1;;;;3;;1;;;;2;1;8;
1;1;169933;1;9;1;;;;6;1;11;9;6;;2;11;9;2
1;1;1633;1;2;2;;;;6;;11;;5;3;1;13;8;2
1;1;2188;1;9;2;;;;6;;5;6;6;;1;12;8;2
1;1;162323;1;1;1;;;;6;;5;1;5;;2;11;8;2
1;1;141493;1;3;2;;;;6;1;6;;;;1;4;8;2
1;1;17724;1;1;2;;;;6;;8;6;3;1;1;9;8;2
1;1;120221;1;1;1;;;;6;;5;1;5;;2;12;8;2
1;1;43887;1;2;2;;;;6;;6;6;5;2;2;15;8;2
1;1;228768;1;1;2;;;;6;;10;;4;2;1;16;8;2
1;1;197348;1;1;1;;;;6;2;11;9;6;;1;9;9;2
1;1;228693;1;1;2;;;;6;;1;;6;;2;17;8;2
1;1;221390;1;1;1;;;;6;;1;;4;;1;19;8;2
1;1;185289;1;3;2;;;;6;3;6;;;;1;3;9;2
1;1;68180;1;3;2;;;;6;;8;;6;;2;5;8;2
1;1;101240;1;3;1;;;;6;;8;;6;;2;5;8;2
1;1;91857;1;3;2;;;;6;2;8;;6;;2;5;8;2
1;1;24172;1;2;2;;;;6;;5;;1;3;2;12;8;2
1;1;70529;1;2;1;;;;6;;11;1;5;;1;9;8;2
1;1;63395;1;10;1;;;;6;;8;9;6;;1;5;9;2
1;1;3836;1;9;1;;;;6;2;6;;;;1;3;8;2
1;1;222493;1;3;2;;;;6;;1;;;;2;2;8;2
1;1;94321;1;1;1;;;;6;;7;6;1;;2;8;8;2
1;1;98675;1;3;1;;;;6;;8;1;6;;2;7;8;2
1;1;121758;1;3;2;;;;6;;8;;6;;2;6;8;2
1;1;140083;1;1;1;;;;6;;5;;3;;2;16;8;2
1;1;170096;1;7;1;;;;6;;5;;5;;1;19;7;2
1;1;57158;1;3;2;;;;6;1;6;;;;2;3;8;2
1;1;30807;1;3;1;;;;6;1;6;;;;1;4;8;2
1;1;223363;1;3;2;;;;6;;1;;;;1;2;8;2
1;1;91224;1;3;1;;;;6;;9;1;6;;1;7;8;2
1;1;36749;1;1;1;;;;6;;6;;5;;2;16;8;2
1;1;45137;1;2;2;;;;6;;1;;5;5;2;15;7;2
1;1;62952;1;3;1;;;;6;1;6;;;;2;4;8;2
1;1;60380;1;3;2;;;;6;1;11;;6;;1;6;6;2
1;1;186497;1;3;2;;;;6;1;10;;6;;2;5;8;2
1;1;221276;1;1;1;;;;6;;8;6;5;;1;15;8;2
1;1;77232;1;3;2;;;;6;1;8;;6;;2;5;8;2
1;1;37177;1;3;2;;;;6;2;11;;6;;1;5;8;7
1;1;211629;1;2;2;;;;6;;5;1;5;2;2;10;8;2
1;1;224785;2;1;2;;;;6;;5;6;3;3;1;14;6;2
1;1;176323;1;3;1;;;;6;1;6;;6;;2;4;4;7
1;1;143979;1;9;2;;;;6;;11;6;6;2;1;11;8;7
1;1;203442;1;7;2;;;;6;;1;;4;9;1;20;1;2
1;1;72903;1;5;1;;;;6;1;11;1;1;;2;6;8;2
1;1;11080;1;1;2;;;;6;;6;;5;2;2;9;8;2
1;1;216693;1;3;2;;;;6;1;8;;6;;1;5;8;2
1;1;93103;1;3;1;;;;6;2;12;2;1;;1;9;8;2
1;1;148969;1;7;1;;;;6;;5;;2;;1;18;5;2
1;1;230413;1;1;1;;;;6;;7;1;6;;1;9;8;2
1;1;88163;1;3;2;;;;6;2;6;;;;1;3;8;2
1;1;152134;1;1;2;;;;6;;5;;5;4;2;14;8;2
1;1;103652;1;3;1;;;;6;1;6;;;;1;3;8;2
1;1;140702;1;1;1;;;;6;;7;1;5;;1;12;8;2
1;1;101329;1;1;2;;;;6;;1;;4;3;2;17;8;2
1;1;173523;1;2;2;;;;6;;5;;1;99;2;11;9;2
1;1;197566;1;6;1;;;;6;1;3;;;;1;2;8;2
1;1;89901;1;3;2;;;;6;;1;;;;1;2;8;2
1;1;77169;1;1;1;;;;6;;1;3;1;;2;9;8;2
1;1;186164;2;3;2;;;;6;1;6;;;;2;4;8;2
1;1;2190;1;3;2;;;;6;;11;1;5;;2;9;8;2
1;1;196069;1;1;1;;;;6;;5;3;5;;2;10;8;2
1;1;102732;2;1;1;;;;6;2;11;;6;;1;6;8;2
1;1;132805;1;1;1;;;;6;;5;;5;;2;15;8;2
1;1;224459;1;1;2;;;;6;;11;6;3;3;1;14;8;2
1;1;217842;1;3;2;;;;6;;11;6;6;;2;7;8;2
1;1;108267;1;1;1;;;;6;;8;1;1;;1;9;8;2
1;1;129855;1;3;2;;;;6;2;6;;6;;1;4;8;2
1;1;117326;1;1;2;;;;6;;7;4;5;99;2;13;8;2
1;1;94664;1;3;2;;;;6;;1;;;;2;1;8;
1;1;228459;1;1;1;;;;7;;13;;5;;1;15;8;2
1;1;115841;1;3;1;;;;6;1;6;;6;;2;4;8;2
1;1;182432;1;1;1;;;;6;;11;6;5;;1;8;8;2
1;1;58320;1;1;1;;;;7;;11;6;5;;1;14;8;2
1;1;158625;1;1;1;;;;6;;10;2;5;;1;10;8;2
1;1;223958;1;10;1;;;;6;1;6;;;;1;4;8;2
1;1;47326;1;3;1;;;;6;2;6;;;;1;3;8;2
1;1;143885;1;3;2;;;;6;;8;;1;;2;6;8;2
1;1;68928;1;1;1;;;;6;;11;2;6;;1;11;8;2
1;1;122534;1;1;2;;;;6;;5;;4;6;2;18;1;2
1;1;168207;1;1;1;;;;6;;11;6;5;;1;15;8;2
1;1;180912;1;1;1;;;;6;;10;1;2;;2;7;8;2
1;1;195026;1;2;2;;;;6;;12;1;5;;1;8;8;7
1;1;122697;1;1;2;;;;6;;8;1;6;1;2;8;8;2
1;1;140473;1;8;2;;;;6;;5;;6;7;1;14;8;2
1;1;30536;1;1;1;;;;1;;8;6;5;;2;7;8;2
1;1;172992;2;3;1;;;;6;;8;;6;;2;5;8;2
1;1;171507;1;1;1;;;;7;;10;;5;;1;15;8;2
1;1;45711;1;3;1;;;;6;;1;;;;1;2;8;2
1;1;141526;1;3;2;;;;6;1;6;;;;2;3;8;2
1;1;218126;1;1;1;;;;6;;1;;5;;2;12;8;2
1;1;2859;1;7;2;;;;6;;6;;4;3;1;15;7;2
1;1;17441;1;3;1;;;;6;1;6;;;;1;4;8;2
1;1;185307;1;3;1;;;;6;;12;2;3;;1;10;8;7
1;1;235287;1;6;1;;;;6;1;8;6;6;;2;6;8;2
1;1;109485;1;1;2;;;;6;;8;1;6;99;1;10;8;2
1;1;236170;1;1;1;;;;6;;8;;5;;1;11;8;2
1;1;174394;1;2;2;;;;6;;11;;5;2;1;7;8;2
1;1;18276;1;3;2;;;;6;;1;;;;1;2;8;2
1;1;103933;1;2;2;;;;6;;8;6;5;3;1;11;8;2
1;1;17614;1;1;1;;;;6;;8;1;5;;1;9;8;2
1;1;51011;1;1;1;;;;6;;5;9;1;;1;9;9;2
1;1;188099;1;1;2;;;;6;;5;6;4;2;2;11;8;2
1;1;117801;1;2;2;;;;6;;11;;5;99;1;13;8;2
1;1;151314;1;3;2;;;;6;2;2;;;;1;2;8;2
1;1;80885;1;1;2;;;;6;;1;6;6;4;1;14;8;2
1;1;38434;1;2;2;;;;6;;1;;5;7;2;16;8;2
1;1;41712;1;3;2;;;;6;;8;;6;99;2;5;8;2
1;1;79172;1;1;1;;;;6;2;11;6;6;;1;9;8;2
1;1;96288;1;2;1;;;;6;;5;1;1;;1;12;8;2
1;1;100712;1;9;1;;;;6;1;6;;6;;1;4;8;2
1;1;60053;1;3;1;;;;6;2;6;;;;1;3;8;2
1;1;166600;1;3;1;;;;6;1;6;;;;1;3;8;2
1;1;186240;1;2;1;;;;6;;8;1;6;;1;7;8;2
1;1;136401;1;2;2;;;;6;;7;1;1;5;1;11;8;2
1;1;196037;1;3;2;;;;6;;12;;6;;1;7;8;2
1;1;194701;1;3;1;;;;6;1;6;;;;1;4;9;2
1;1;76388;1;3;2;;;;6;;10;2;6;;1;9;8;2
1;1;234661;1;1;1;;;;6;;5;;5;;1;16;8;2
1;1;116727;1;3;1;;;;6;;1;;;;2;1;7;
1;1;175149;1;1;1;;;;6;;11;2;5;;1;10;8;2
1;1;55478;1;10;2;;;;6;;5;9;6;99;1;13;9;2
1;1;169615;1;1;1;;;;6;;5;9;5;;1;11;9;2
1;1;67433;1;3;2;;;;6;;5;;6;;1;9;6;2
1;1;16643;1;3;2;;;;6;1;6;;;;1;2;8;2
1;1;238347;1;6;2;;;;6;2;3;;;;1;2;8;2
1;1;21660;1;2;2;;;;6;;5;;5;99;2;18;7;2
1;1;29100;1;1;1;;;;6;;13;1;6;;1;9;8;7
1;1;1958;1;5;2;;;;6;;11;1;5;1;2;8;8;2
1;1;196879;1;7;2;;;;6;;5;;4;7;2;19;8;2
1;1;86706;1;3;1;;;;6;2;6;;;;1;3;8;2
1;1;168618;1;1;1;;;;6;;5;;5;;2;18;7;2
1;1;150548;1;8;2;;;;6;;5;;6;2;2;13;8;2
1;1;224329;1;1;1;;;;5;;5;2;5;;2;11;5;2
1;1;110596;1;3;1;;;;6;;8;1;6;;2;5;8;2
1;1;20481;1;2;2;;;;6;2;11;9;1;99;1;11;9;2
1;1;146476;1;3;1;;;;6;2;2;;;;1;2;8;2
1;1;79822;1;3;2;;;;6;;5;6;6;2;1;9;8;2
1;1;151315;1;1;1;;;;6;;12;2;3;;1;9;8;2
1;1;85524;1;3;2;;;;6;;8;;6;;1;6;8;2
1;1;43481;1;1;2;;;;7;;12;2;6;;2;8;8;2
1;1;42457;1;1;2;;;;6;;11;2;3;3;2;9;8;2
1;1;110744;1;6;1;;;;6;1;3;;;;2;2;8;2
1;1;220977;1;3;2;;;;6;1;6;;6;;1;4;8;2
1;1;75722;1;3;2;;;;6;1;8;;6;;2;5;8;2
1;1;106186;1;1;1;;;;6;1;11;9;5;;2;8;9;2
1;1;235727;1;3;2;;;;6;1;6;;;;1;3;8;2
1;1;1622;1;1;1;;;;6;1;11;;6;;2;6;8;2
1;1;81821;1;3;2;;;;6;1;6;;;;1;3;8;2
1;1;96260;1;3;1;;;;6;3;6;;6;;1;4;8;2
1;1;99589;1;3;1;;;;6;1;11;;6;;1;6;8;2
1;1;214661;1;2;2;;;;6;;8;6;5;2;1;12;8;2
1;1;203971;1;3;2;;;;6;;11;1;6;;1;8;8;2
1;1;69162;1;3;1;;;;6;2;11;;6;;1;6;8;2
1;1;30132;1;2;2;;;;6;;5;6;1;4;2;9;8;2
1;1;237312;1;3;2;;;;6;2;3;;;;1;2;9;2
1;1;212466;1;2;1;;;;6;;5;;5;;1;18;8;2
1;1;65762;1;1;1;;;;1;;8;6;1;;2;7;8;2
1;1;87310;1;3;1;;;;1;1;6;;;;2;4;3;2
1;1;167735;1;3;2;;;;6;;6;1;6;;2;5;8;2
1;1;159383;2;1;1;;;;6;1;11;6;6;;2;7;8;2
1;1;190327;2;3;2;;;;6;1;6;;;;2;4;4;2
1;1;45623;1;6;2;;;;6;2;6;;6;;2;4;8;2
1;1;56449;1;1;2;;;;4;2;11;6;6;;1;7;8;7
1;1;48822;1;3;1;;;;6;1;6;;;;2;3;8;2
1;1;52928;1;3;2;;;;6;;1;;;;1;2;8;2
1;1;73567;1;5;1;;;;6;;8;1;6;;1;7;8;2
1;1;11402;1;2;2;;;;6;1;11;;5;1;1;7;8;2
1;1;115714;1;3;1;;;;6;3;6;;;;1;3;8;2
1;1;61583;1;1;1;;;;6;;5;;5;;2;18;8;2
1;1;159296;1;3;1;;;;6;;1;;;;1;2;8;2
1;1;132688;1;2;2;;;;6;;11;1;5;2;1;10;8;2
1;1;225458;1;3;1;;;;6;;11;6;6;;1;10;8;2
1;1;215071;1;1;2;;;;6;;8;1;6;99;1;6;8;2
1;1;150849;1;3;1;;;;1;;7;1;5;;2;7;8;2
1;1;156990;1;1;2;;;;6;;5;9;5;99;1;11;9;2
1;1;25963;1;3;1;;;;6;2;10;1;6;;1;5;8;7
1;1;78250;1;1;1;;;;6;;11;6;5;;1;13;8;2
1;1;182984;1;3;2;;;;6;2;11;;6;;1;5;8;7
1;1;235038;1;1;1;;;;6;;5;1;5;;2;10;8;2
1;1;92385;1;3;1;;;;6;;8;2;6;;1;6;8;2
1;1;122585;1;1;1;;;;6;;5;;3;;2;16;7;2
1;1;105717;1;1;2;;;;6;;8;6;5;5;1;12;8;2
1;1;200109;1;3;1;;;;6;2;11;;6;;1;6;8;7
1;1;220073;1;1;1;;;;6;;8;6;5;;2;10;8;2
1;1;23186;1;3;1;;;;6;2;6;;6;;1;4;8;2
1;1;102023;1;2;2;;;;6;;8;2;5;3;2;12;8;2
1;1;183227;1;2;2;;;;6;;6;6;5;5;1;11;8;2
1;1;175998;1;3;2;;;;6;;8;1;6;1;1;9;5;2
1;1;17935;1;10;1;;;;6;;8;1;6;;1;6;8;2
1;1;143159;1;6;1;;;;6;;1;;;;2;2;8;2
1;1;148973;1;3;1;;;;6;2;6;;6;;1;4;8;2
1;1;237884;1;2;2;;;;6;;8;1;1;2;1;8;8;2
1;1;152247;1;3;2;;;;6;1;11;;6;;1;6;8;2
1;1;170714;1;3;1;;;;6;;10;6;6;;2;6;8;2
1;1;236645;1;3;2;;;;6;2;6;;;;1;4;8;7
1;1;129722;1;2;2;;;;6;;11;1;5;2;2;11;8;2
1;1;139267;1;1;1;;;;6;;5;9;6;;1;9;9;2
1;1;70;1;7;1;;;;6;;11;7;5;;1;12;8;2
1;1;188896;2;3;1;;;;7;;8;;6;;1;13;8;2
1;1;199029;1;9;1;;;;6;2;11;;6;;1;6;8;2
1;1;47518;1;9;1;;;;6;1;6;;6;;2;4;8;2
1;1;149498;1;3;2;;;;6;2;8;;6;;1;4;8;2
1;1;78541;1;1;1;;;;6;;5;1;1;;2;8;8;2
1;1;157510;1;1;2;;;;6;;8;6;5;99;1;12;8;2
1;1;24709;1;3;1;;;;6;1;8;;6;;1;5;8;7
1;1;19246;1;3;2;;;;6;;6;;;;1;4;8;2
1;1;180375;1;1;1;;;;6;;11;5;5;;2;10;8;2
1;1;47294;1;2;2;;;;6;;5;;5;5;2;15;8;2
1;1;92521;1;3;2;;;;6;;5;1;6;1;1;11;8;2
1;1;202111;1;1;1;;;;6;;5;1;5;;1;11;8;2
1;1;163022;1;3;1;;;;6;;11;1;5;;1;9;8;2
1;1;234019;1;3;1;;;;6;;1;;;;1;2;9;2
1;1;86297;1;3;2;;;;6;1;6;;6;;1;4;8;2
1;1;29978;1;5;1;;;;6;;6;1;1;;2;5;8;2
1;1;6819;1;1;2;;;;6;;5;6;1;4;2;9;8;2
1;1;153698;1;3;1;;;;6;1;3;;;;2;2;8;2
1;1;168898;1;3;2;;;;1;1;8;;6;;1;5;8;2
1;1;85787;1;1;1;;;;6;;8;9;6;;1;7;9;2
1;1;194170;1;2;2;;;;6;;11;6;5;1;1;7;8;7
1;1;215189;1;9;2;;;;6;2;11;;6;;1;6;8;2
1;1;56757;1;2;2;;;;6;;7;;5;3;1;17;8;2
1;1;10697;1;3;2;;;;6;1;3;;;;2;2;8;2
1;1;56636;1;4;1;;;;2;;8;6;6;;1;6;8;2
1;1;73939;1;1;1;;;;6;;11;1;5;;2;11;8;2
1;1;215138;1;7;2;;;;6;;5;;4;9;2;19;7;2
1;1;37583;1;1;2;;;;6;;10;1;3;2;2;7;8;2
1;1;191962;1;2;2;;;;6;;11;1;5;2;1;12;8;2
1;1;90364;1;3;2;;;;6;1;11;5;6;1;1;6;8;2
1;1;44538;1;3;2;;;;6;1;6;;;;1;3;8;2
1;1;144475;1;1;2;;;;6;;8;;4;2;1;16;8;2
1;1;16982;1;3;1;;;;6;2;11;;6;;1;5;8;2
1;1;206984;1;3;2;;;;6;;7;1;5;4;1;11;8;2
1;1;72276;1;1;1;;;;6;;8;6;5;;1;10;8;2
1;1;164592;1;1;1;;;;6;;5;;4;;2;18;7;2
1;1;132128;1;1;1;;;;6;;9;8;5;;1;13;4;2
1;1;211387;1;2;2;;;;6;;8;;1;4;2;11;8;2
1;1;45476;1;3;2;;;;6;;1;;;;1;2;8;2
1;1;106414;1;2;2;;;;7;;12;1;5;;2;9;8;2
1;1;139369;1;3;2;;;;6;3;8;;6;;1;5;8;2
1;1;195154;2;1;1;;;;6;;8;5;5;;1;8;8;2
1;1;63182;1;9;1;;;;4;3;8;;6;;1;5;9;2
1;1;77301;1;1;2;;;;6;;6;1;6;3;2;8;8;2
1;1;68101;1;2;2;;;;6;;5;6;5;1;2;13;1;2
1;1;50490;1;2;2;;;;6;;5;;1;1;2;9;5;2
1;1;96064;1;1;1;;;13;1;;13;5;5;;1;12;8;6
1;1;137980;1;3;1;;;;6;;10;1;6;;1;8;8;2
1;1;2890;1;1;1;;;;6;;8;1;5;;2;8;8;2
1;1;226151;0;12;1;;;;6;1;8;6;3;;2;7;8;2
1;1;63609;1;3;2;;;;6;2;8;;6;;1;5;8;2
1;1;3592;1;1;2;;;;6;;7;;3;3;1;16;8;2
1;1;224720;1;1;1;;;;7;;11;1;1;;1;9;8;2
1;1;218174;1;1;1;;;;6;;8;1;6;;1;5;8;7
1;1;95355;1;3;1;;;;6;2;6;;;;2;4;8;2
1;1;10208;1;3;1;;;;6;1;6;;;;1;3;8;2
1;1;52722;1;1;1;;;;6;;11;5;5;;1;14;8;2
1;1;163822;1;3;2;;;;6;;7;6;6;;1;9;8;2
1;1;62687;1;3;2;;;;6;2;8;;6;;1;5;8;2
1;1;37894;1;3;1;;;;1;1;6;;6;;2;4;8;2
1;1;130854;3;7;2;;;;6;;5;6;2;6;1;14;8;2
1;1;140351;1;3;1;;;;6;;1;;;;2;2;8;2
1;1;1536;1;1;2;;;;6;;8;;1;1;1;5;8;2
1;1;50691;1;1;1;;;;6;;5;6;5;;2;10;8;2
1;1;149719;1;1;2;;;;6;;5;4;5;3;1;9;8;2
1;1;85623;1;6;2;;;;6;1;2;;;;1;2;8;2
1;1;168039;1;9;2;;;;6;;11;6;6;;1;8;8;7
1;1;228733;1;1;2;;;;6;;1;;3;12;2;13;8;2
1;1;91285;1;3;2;;;;5;1;11;;6;;2;6;8;2
1;1;51823;1;7;1;;;;6;;7;;5;;1;15;8;2
1;1;117809;1;3;2;;;;6;1;11;;6;99;2;6;8;2
1;1;222480;1;1;2;;;;6;;7;6;6;;1;14;8;2
1;1;35254;1;3;1;;;;6;1;6;;;;1;4;8;2
1;1;17569;1;2;2;;;;6;;5;;5;7;2;14;8;2
1;1;226151;0;12;1;;;;5;;5;;6;;2;7;8;2
1;1;184392;1;4;2;;;;6;1;6;;;;2;3;8;2
1;1;97299;1;1;1;;;;6;1;11;9;6;;1;9;9;2
1;1;216927;1;1;1;;;;6;;5;1;5;;2;12;8;2
1;1;97421;1;2;2;;;;6;;8;;1;1;2;6;8;2
1;1;78720;1;9;1;;;;6;3;8;;6;;2;5;8;2
1;1;92496;1;3;1;;;;6;;11;;6;;1;7;5;2
1;1;136565;1;3;1;;;;6;;8;6;6;;1;7;8;2
1;1;132128;1;3;1;;;;6;;11;6;6;;1;7;8;2
1;1;153500;1;3;1;;;;6;;1;;;;2;3;9;2
1;1;8535;1;7;2;;;;6;;5;;3;6;1;16;8;2
1;1;5976;1;1;1;;;;6;1;11;9;1;;2;8;9;2
1;1;196297;1;1;1;;;;6;;12;2;5;;1;10;8;2
1;1;93311;1;2;2;;;;6;;11;2;5;2;1;12;8;2
1;1;154690;1;1;1;;;;6;;11;1;5;;2;9;8;2
1;1;59296;1;3;1;;;;6;;1;;;;1;3;9;2
1;1;218871;1;6;2;;;;6;;1;;;;2;2;8;2
1;1;90957;1;2;2;;;;6;;11;5;5;3;2;9;8;2
1;1;227002;1;3;1;;;;6;1;6;;;;1;2;8;2
1;1;174154;1;1;1;;;;6;;7;;5;;1;16;8;2
1;1;32644;1;3;1;;;;6;1;6;;;;2;3;8;2
1;1;188593;1;6;1;;;;6;2;11;;6;;1;7;8;7
1;1;51126;1;1;1;;;;6;;5;;5;;2;17;7;2
1;1;147129;1;2;1;;;;6;;8;7;5;;2;12;8;2
1;1;174549;1;4;2;;;;6;1;3;;;;1;2;8;2
1;1;175133;1;3;2;;;;6;2;11;;6;;1;5;8;2
1;1;112396;1;1;1;;;;6;;11;2;3;;1;15;8;2
1;1;115025;1;3;2;;;;6;3;3;;;;1;2;8;2
1;1;112559;1;2;2;;;;6;;8;1;5;2;1;12;8;2
1;1;95666;1;3;1;;;;6;1;6;;;;2;3;8;2
1;1;149789;1;3;1;;;;6;2;6;;;;1;4;8;2
1;1;43640;1;3;1;;;;6;1;6;;;;2;3;8;2
1;1;120222;1;1;2;;;;6;;5;1;6;3;2;8;8;2
1;1;78904;1;3;2;;;;6;;1;;;;1;2;8;2
1;1;37135;1;1;1;;;;6;;7;4;5;;1;9;8;2
1;1;151658;1;1;1;;;;6;;5;5;5;;2;11;8;2
1;1;19374;1;3;2;;;;6;1;6;;6;;1;5;8;2
1;1;102612;1;2;2;;;;6;;8;1;1;2;2;7;8;2
1;1;47840;1;2;2;;;;4;;5;7;6;;1;13;8;2
1;1;100535;1;2;1;;;;6;;5;8;5;;1;13;8;2
1;1;146956;1;3;1;;;;6;;8;1;6;;1;10;8;2
1;1;91091;2;2;1;;;;6;;12;1;1;;1;9;8;2
1;1;90111;1;1;2;;;;6;;12;2;3;2;1;13;8;2
1;1;206238;1;1;1;;;;6;;7;1;5;;1;9;8;2
1;1;109575;1;3;2;;;;6;;8;;6;2;2;5;8;2
1;1;83748;1;2;2;;;;6;;7;1;5;1;1;9;8;2
1;1;70427;1;3;2;;;;6;2;3;;;;2;2;8;2
1;1;104917;1;1;2;;;;6;;5;6;2;99;1;13;8;2
1;1;208458;3;1;1;;;;6;;7;1;5;;1;8;8;2
1;1;2996;1;1;2;;;;6;;5;6;4;1;1;11;8;2
1;1;222739;1;1;1;;;;6;;7;1;3;;1;13;8;2
1;1;213510;1;2;2;;;;6;2;10;5;6;99;1;7;8;2
1;1;24711;1;3;2;;;;6;;12;2;3;1;1;9;8;2
1;1;47186;1;6;2;;;;6;1;11;;6;;2;5;8;2
1;1;182554;1;1;1;;;;6;;11;1;3;;1;13;8;2
1;1;159504;1;2;2;;;;6;;11;6;5;2;1;14;8;2
1;1;165170;1;3;2;;;;6;;11;1;6;;1;6;8;2
1;1;212327;1;1;1;;;;6;;8;2;5;;1;8;8;2
1;1;97121;1;1;2;;;;6;;6;6;6;;1;9;8;2
1;1;223934;1;3;2;;;;6;1;11;;6;;1;6;8;2
1;1;114605;1;3;1;;;;6;1;6;;;;2;4;8;2
1;1;120860;1;3;2;;;;7;2;10;;6;;1;6;8;2
1;1;218180;1;3;1;;;;6;2;6;;;;1;3;8;2
1;1;159710;1;1;1;;;;6;;8;;5;;2;9;8;2
1;1;130279;1;3;1;;;;6;1;8;;6;;1;5;8;2
1;1;107052;1;3;1;;;;6;3;6;;6;;1;4;8;2
1;1;1112;1;1;2;;;;6;;10;1;1;1;2;6;8;7
1;1;109874;1;8;2;;;;6;;5;6;4;99;1;13;8;2
1;1;134152;1;3;2;;;;4;1;6;;;;1;3;8;2
1;1;204527;1;2;2;;;;6;;5;;5;5;1;15;5;2
1;1;227778;1;2;2;;;;6;;5;6;5;2;1;9;8;2
1;1;66758;1;1;1;;;;6;;5;6;5;;2;10;8;2
1;1;147316;1;3;1;;;;6;2;6;;;;2;3;8;2
1;1;100153;1;3;2;;;;6;1;6;;;;1;4;8;2
1;1;193146;1;1;2;;;;6;;11;2;5;4;1;11;8;2
1;1;36695;1;1;2;;;;6;;11;1;3;99;1;11;8;2
1;1;52315;1;10;2;;;;7;;11;6;6;;2;8;8;2
1;1;224869;1;1;1;;;;6;;8;1;1;;1;6;8;2
1;1;85656;1;3;1;;;;6;1;6;;6;;2;4;8;2
1;1;25492;1;1;2;;;;6;;7;1;3;6;2;13;8;2
1;1;172456;1;3;2;;;;6;1;6;;6;99;2;4;8;2
1;1;237821;1;1;1;;;;6;;8;9;6;;1;7;9;2
1;1;55735;1;1;2;;;;6;;11;2;5;3;1;12;8;2
1;1;96413;1;1;1;;;;6;;12;1;1;;1;10;8;7
1;1;152946;1;3;2;;;;6;;6;;;;2;4;6;2
1;1;227781;1;3;2;;;;6;2;8;;6;;1;5;8;2
1;1;210338;1;1;1;;;;6;;11;2;6;;1;13;8;2
1;1;51369;1;1;2;;;;6;;5;;6;4;2;10;8;2
1;1;147672;1;3;2;;;;6;;8;;3;99;1;10;8;2
1;1;51049;1;3;1;;;;6;1;3;;;;2;2;8;2
1;1;42647;1;1;2;;;;6;;11;2;2;0;2;12;8;2
1;1;208818;1;9;1;;;;6;;8;1;6;;1;7;8;2
1;1;200887;1;5;2;;;;6;;8;1;5;1;2;8;8;2
1;1;129174;1;3;1;;;;6;;12;1;6;;1;10;8;7
1;1;183455;1;2;2;;;;6;;10;;5;3;1;15;8;2
1;1;3392;1;1;1;;;;6;;5;3;5;;2;17;7;2
1;1;18415;1;3;1;;;;1;1;3;;;;1;2;8;2
1;1;66073;1;1;2;;;;6;;7;6;6;;1;16;7;2
1;1;73898;1;3;1;;;;6;;8;;6;;2;5;8;2
1;1;7952;1;3;1;;;;6;1;6;;;;2;3;8;2
1;1;79177;1;1;1;;;;6;;11;6;5;;1;12;8;2
1;1;24825;1;2;1;;;;6;;5;6;5;;1;15;8;2
1;1;10364;1;3;2;;;;6;1;8;;6;;2;5;8;3
1;1;213463;1;1;1;;;;6;;6;5;5;;1;10;8;2
1;1;92050;1;3;2;;;;6;;1;;;;1;2;8;2
1;1;88129;1;11;2;;;2;1;;7;;3;2;1;12;8;6
1;1;101251;1;1;1;;;;6;;11;6;6;;1;8;8;2
1;1;59658;1;3;1;;;;6;;11;2;6;;2;9;8;2
1;1;80654;1;1;2;;;;6;;8;;6;2;1;6;5;2
1;1;7136;1;2;1;;;;6;;5;6;5;;2;17;7;2
1;1;25075;1;3;1;;;;6;1;11;;6;;1;6;8;2
1;1;134071;1;1;1;;;;6;;11;;5;;1;17;5;2
1;1;134739;1;2;1;;;;6;;9;7;6;;1;9;8;2
1;1;169260;1;1;2;;;;6;;9;;6;3;2;8;8;2
1;1;47121;1;3;2;;;;6;1;11;;6;;2;5;8;2
1;1;69781;1;2;2;;;;6;;1;;5;5;2;15;8;2
1;1;238673;1;4;2;;;;6;1;6;;;;2;3;8;2
1;1;44882;1;1;2;;;;6;;12;2;5;;1;8;8;2
1;1;30395;1;2;2;;;;6;;1;;5;3;1;15;8;2
1;1;63354;1;1;1;;;;6;;5;6;6;;1;13;8;2
1;1;123051;1;3;2;;;;6;1;8;;6;;2;5;8;2
1;1;141761;1;2;2;;;;6;;7;1;5;3;1;10;8;2
1;1;74512;1;9;1;;;;6;;8;6;6;;1;6;8;2
1;1;100542;1;1;2;;;;6;;7;;3;4;2;9;8;2
1;1;29691;1;3;2;;;;6;;8;4;1;1;1;5;8;2
1;1;156346;1;3;1;;;;6;2;11;;6;;2;6;8;2
1;1;70687;1;2;2;;;;6;;5;6;2;1;1;9;8;2
1;1;119146;1;6;1;;;;6;1;6;;;;1;3;8;2
1;1;50677;3;3;2;;;;6;;1;;;;1;2;8;2
1;1;66085;1;3;2;;;;6;;8;;6;1;1;6;8;2
1;1;121228;1;1;2;;;;6;2;10;1;6;;2;7;8;2
1;1;11909;1;3;1;;;;6;;11;1;6;;1;7;8;2
1;1;710;1;2;2;;;;6;;11;1;5;99;2;9;8;2
1;1;30023;1;3;1;;;;7;2;2;;;;1;2;8;2
1;1;37797;1;3;1;;;;6;1;6;;6;;2;4;8;2
1;1;209586;1;1;2;;;;6;;11;2;5;3;1;12;8;2
1;1;24582;1;9;1;;;;6;;5;6;3;;2;11;8;2
1;1;9955;1;3;2;;;;6;3;8;;6;;2;5;8;2
1;1;152675;1;2;1;;;;6;;5;9;5;;1;13;9;2
1;1;214512;1;3;1;;;;6;1;8;;6;;2;5;8;2
1;1;22966;1;2;1;;;;6;;5;1;5;;1;11;8;2
1;1;94970;1;2;2;;;;6;;8;;5;5;1;17;8;2
1;1;157584;1;3;1;;;;6;2;11;1;6;;2;5;8;7
1;1;29718;1;1;1;;;;6;;11;6;5;;1;8;8;2
1;1;156392;1;3;1;;;;6;1;6;;6;;2;4;8;2
1;1;147662;1;1;1;;;;6;;5;;5;;2;19;7;2
1;1;120215;1;6;2;;;;6;1;6;;6;;1;4;8;2
1;1;180674;1;6;2;;;;6;2;6;;6;;1;4;8;2
1;1;113563;1;1;1;;;;6;;1;1;5;;2;12;8;2
1;1;195226;1;6;1;;;;6;2;6;;6;;2;4;8;2
1;1;113689;1;1;1;;;;6;;11;6;1;;2;12;8;2
1;1;137214;1;3;1;;;;6;1;6;;;;1;3;8;2
1;1;155123;1;1;2;;;;6;;8;1;6;3;2;8;8;2
1;1;11470;1;3;2;;;;6;;11;1;6;;1;7;8;7
1;1;135848;1;2;1;;5;;6;;5;;5;;2;16;7;5
1;1;168213;1;3;2;;;;6;1;8;;6;;1;5;8;2
1;1;117894;1;3;2;;;;6;1;3;;;;2;3;8;2
1;1;137777;2;3;2;;;;6;1;6;;;;1;3;8;2
1;1;178484;1;3;1;;;;6;;11;1;6;;1;6;8;2
1;1;152014;1;3;2;;;;6;1;6;;;;1;3;8;2
1;1;88372;1;1;1;;;;6;;11;2;5;;2;12;8;2
1;1;10286;1;3;2;;;;6;;8;1;5;2;2;10;8;2
1;1;23966;1;6;2;;;;6;1;6;;;;1;2;8;2
1;1;143631;1;1;1;;;;6;;5;;5;;2;15;8;2
1;1;149800;1;3;2;;;;6;1;11;;6;;1;6;8;2
1;1;8228;1;3;1;;;;6;1;6;;;;2;3;8;2
1;1;12081;1;3;1;;;;6;1;6;;;;2;3;8;2
1;1;128600;1;3;1;;;;6;2;6;;;;1;3;8;2
1;1;2149;1;9;1;;;;2;2;11;;6;;2;5;8;2
1;1;96609;1;3;1;;;;6;2;3;;;;1;2;8;2
1;1;152940;1;3;2;;;;6;;8;;6;;2;5;8;2
1;1;101454;1;3;1;;;;6;3;6;;;;2;3;8;2
1;1;219506;1;1;2;;;;7;;11;;3;3;1;16;8;2
1;1;114140;1;2;2;;;;6;;5;;5;4;2;12;4;2
1;1;104499;1;3;2;;;;6;1;6;;;;2;3;8;2
1;1;173384;2;2;2;;;;6;1;8;1;1;2;1;7;8;2
1;1;119151;1;4;2;;;;6;2;6;;;;1;4;8;2
1;1;12344;1;2;1;;;;6;;6;6;5;;2;16;8;2
1;1;160149;1;6;2;;;;5;;1;;;;1;2;9;2
1;1;153547;1;1;2;;;;6;;7;1;6;3;1;13;8;2
1;1;82510;1;3;1;;5;;6;;1;;;;2;2;8;5
1;1;140098;1;3;2;;;;6;;8;6;6;2;1;7;8;2
1;1;73392;1;3;2;;;;6;1;8;;6;;1;5;8;2
1;1;134590;1;3;2;;;;6;1;8;;6;;1;5;8;2
1;1;124387;1;3;1;;;;6;;1;;;;2;1;8;
1;1;52607;1;3;1;;;;1;1;3;;;;1;2;8;2
1;1;141917;1;1;1;;;;6;;11;6;6;;2;9;8;2
1;1;225819;1;2;2;;;;6;;5;;5;99;2;17;8;2
1;1;26328;2;3;2;;;;6;;8;;6;;2;4;8;2
1;1;172575;1;1;1;;;;6;;8;6;6;;1;9;8;2
1;1;105609;1;3;2;;;;6;2;8;;6;;1;5;8;2
1;1;163453;1;3;2;;;;6;;8;1;6;;1;12;8;2
1;1;153083;1;1;1;;;;6;;11;1;5;;2;12;8;7
1;1;154005;1;3;2;;;;6;;11;1;5;99;2;7;8;2
1;1;204955;1;3;2;;;;6;1;6;;6;;1;4;8;2
1;1;55072;1;9;1;;;;6;;1;;;;1;2;8;2
1;1;163906;1;3;2;;;;6;1;6;;;;1;3;8;2
1;1;122105;1;2;2;;;;6;;5;4;5;6;2;12;8;2
1;1;225154;1;3;1;;;;6;2;11;;6;;2;6;8;2
1;1;224220;1;1;2;;;;6;;5;;6;4;2;8;8;2
1;1;50087;1;3;2;;;;6;;8;;6;;2;5;8;2
1;1;170045;1;5;2;;;;6;1;11;9;5;99;1;7;9;2
1;1;86474;1;6;1;;;;6;;1;;;;1;2;8;2
1;1;19156;1;3;2;;;;6;1;6;;;;2;3;8;2
1;1;117504;1;1;1;;;;6;;5;1;5;;2;9;8;2
1;1;160751;1;1;2;;;13;1;;8;6;6;1;1;6;8;6
1;1;67545;1;6;1;;5;;6;;1;;;;2;2;8;5
1;1;62868;1;2;2;;;;6;;5;1;5;2;1;8;8;2
1;1;116259;1;4;1;;;;6;1;6;;;;1;4;8;2
1;1;39507;1;3;2;;;;6;1;6;;;;2;3;8;2
1;1;43717;1;7;2;;;;6;;8;;6;1;2;13;8;2
1;1;194200;1;3;1;;;;6;1;6;;;;1;4;8;2
1;1;33027;1;1;2;;;;6;;8;6;3;3;1;10;8;2
1;1;53995;1;3;1;;;;6;;1;;;;1;2;8;2
1;1;230392;1;1;1;;;;6;;7;;6;;1;13;8;2
1;1;56635;1;1;1;;;;6;;1;;5;;2;18;8;2
1;1;84704;1;3;2;;;;6;2;6;;;;1;4;8;2
1;1;230993;1;1;1;;;;3;;8;9;6;;1;6;9;2
1;1;226151;0;12;2;;;;2;;6;;6;1;2;6;8;2
1;1;180967;1;3;2;;;;6;1;8;;6;;2;5;8;2
1;1;77905;1;3;1;;;;6;;7;1;3;;2;9;8;2
1;1;236858;1;1;1;;;;6;;5;1;5;;1;12;8;2
1;1;145703;1;3;1;;;;6;;5;9;3;;1;10;9;2
1;1;11131;1;3;1;;;;6;1;11;1;6;;1;6;8;2
1;1;3567;2;3;2;;;;6;1;8;;6;;2;5;8;2
1;1;163929;1;3;1;;;;6;;8;6;6;;1;5;8;2
1;1;235633;1;1;2;;;;6;;8;6;3;2;2;10;8;2
1;1;50778;1;3;1;;;;6;;8;1;6;;2;6;8;2
1;1;58577;1;7;2;;;;6;;5;;4;4;1;16;8;2
1;1;238169;1;1;2;;;;6;;7;6;5;3;1;10;8;2
1;1;164186;1;1;2;;;;6;;5;;6;1;1;10;8;2
1;1;120969;1;1;2;;;;6;;8;;6;1;2;6;8;2
1;1;102878;1;3;1;;;;6;;11;6;6;;1;12;8;2
1;1;195806;1;2;2;;;;6;;12;2;5;4;1;10;8;2
1;1;17941;1;1;2;;;;6;1;11;;6;99;1;6;9;2
1;1;108370;1;1;1;;;;6;;8;1;1;;1;8;8;2
1;1;238725;1;2;2;;;;6;;5;;5;;2;16;8;2
1;1;37471;1;1;1;;;;6;;5;;6;;2;16;7;2
1;1;73171;1;1;2;;;;6;;5;;4;2;2;14;8;2
1;1;3806;1;3;1;;;;1;1;6;;;;1;4;5;2
1;1;79535;1;1;2;;;;6;;11;1;6;2;1;11;8;2
1;1;226745;2;1;1;;;;6;;7;6;5;;2;8;8;2
1;1;192077;1;1;1;;;;6;;8;8;5;;1;14;8;2
1;1;45137;1;3;2;;;;6;;5;1;3;1;2;9;8;2
1;1;130098;2;3;1;;;;6;2;6;;6;;2;4;8;2
1;1;223436;1;3;2;;;;6;;8;1;6;;2;6;8;2
1;1;1243;1;3;1;;;;6;1;6;;;;2;3;8;2
1;1;175128;1;3;1;;;;6;;1;;;;2;2;8;2
1;1;229562;1;1;2;;;;6;;8;1;5;2;2;10;8;2
1;1;220179;1;7;1;;5;;6;;5;;4;;2;20;7;5
1;1;36140;1;3;2;;;;6;1;11;6;6;;1;5;8;7
1;1;151951;1;5;1;;;;6;;8;1;6;;2;7;8;2
1;1;11212;1;1;1;;;;6;;11;6;5;;1;12;8;7
1;1;228020;1;1;1;;;;6;;11;1;3;;1;15;8;2
1;1;147836;1;8;2;;;;6;;5;;6;1;2;20;8;2
1;1;128715;1;2;1;;;;6;;5;;2;;1;15;8;2
1;1;202527;1;2;2;;;;6;;8;;5;1;1;6;5;2
1;1;96622;1;2;1;;;;6;;5;1;5;;2;10;8;2
1;1;129767;1;3;1;;;;6;;8;1;6;;2;5;8;2
1;1;229870;1;1;2;;;;6;;8;4;3;2;1;9;8;2
1;1;8330;1;2;2;;;;6;;5;;5;4;1;17;8;2
1;1;240451;1;3;2;;;;6;1;2;;;;2;2;8;2
1;1;57446;1;1;1;;;;6;;12;1;5;;1;10;8;2
1;1;91035;1;1;1;;;;6;;12;5;5;;1;11;8;2
1;1;43551;1;2;2;;;;6;;11;1;1;2;1;9;8;2
1;1;194444;1;9;2;;;;6;2;11;9;6;99;1;8;9;2
1;1;228468;1;3;1;;;;6;1;11;;6;;2;6;1;2
1;1;211063;1;7;2;;;;6;;5;;5;99;1;14;8;2
1;1;118219;1;3;2;;;;6;2;6;;6;;2;4;8;2
1;1;32273;1;1;1;;;;6;;8;1;5;;1;12;8;2
1;1;200480;1;3;1;;;;6;1;6;;;;2;4;8;2
1;1;196947;1;7;2;;;;6;;1;6;4;6;1;17;7;2
1;1;210567;1;9;1;;;;6;;10;;6;;1;6;8;2
1;1;109366;1;3;1;;;;6;1;6;;6;;2;4;8;2
1;1;123660;1;3;2;;;;6;1;8;;6;;2;5;8;2
1;1;226151;0;12;1;;;;2;;5;;1;;2;12;8;2
1;1;94061;2;3;1;;;;6;1;6;;;;2;3;8;2
1;1;22169;1;1;2;;;;6;;6;;5;3;2;7;5;2
1;1;81235;1;1;2;;;;6;;5;1;6;99;2;8;8;2
1;1;50479;1;9;1;;;;6;1;6;;;;2;3;8;2
1;1;81061;1;1;1;;;;6;;8;;6;;2;13;7;2
1;1;71873;1;3;1;;;;6;;1;;;;2;2;8;2
1;1;9388;1;2;1;;;;6;;1;;5;;2;17;8;2
1;1;157144;1;1;1;;;;6;;11;1;5;;1;12;8;2
1;1;10025;1;1;2;;;;6;;8;1;3;1;2;9;8;2
1;1;219912;1;3;1;;;;6;1;6;;;;2;4;8;2
1;1;30348;1;1;1;;;;6;;7;1;1;;2;7;8;2
1;1;88570;1;1;2;;;;6;;11;6;3;99;1;11;8;2
1;1;216805;1;3;2;;;;6;1;6;;;;2;3;8;2
1;1;184363;1;3;1;;;;6;4;2;;;;1;2;8;2
1;1;31515;1;3;2;;;;6;2;3;;;;2;2;8;2
1;1;236571;1;3;2;;;;6;;1;;;;2;2;8;2
1;1;113725;1;3;1;;;;6;1;6;;6;;2;4;8;2
1;1;23412;1;3;1;;;;6;1;6;;;;2;4;8;2
1;1;130939;1;1;2;;;;6;;8;1;6;;2;7;8;2
1;1;172574;1;9;1;;;;6;1;10;;6;;1;5;8;2
1;1;98731;1;1;1;;;;6;;7;;5;;2;11;8;2
1;1;42950;1;9;2;;;;6;;8;4;5;2;2;11;8;2
1;1;143824;1;1;2;;;;6;;5;1;6;99;2;12;8;2
1;1;233677;1;1;2;;;;6;;8;;6;99;1;6;9;2
1;1;96361;1;1;1;;;;6;;7;1;6;;1;9;8;2
1;1;29071;1;3;2;;;;6;1;6;;6;;1;4;8;2
1;1;129191;1;1;1;;;;6;;5;1;5;;2;8;8;2
1;1;218021;1;1;2;;;;6;;6;4;4;2;1;14;8;2
1;1;56308;1;3;1;;;;6;;8;1;3;;1;13;8;2
1;1;234978;1;3;2;;;;6;1;8;;6;;2;5;8;2
1;1;66458;1;2;2;;;;6;;10;6;5;1;1;8;8;2
1;1;199062;1;1;2;;;;6;;11;;6;99;1;7;8;2
1;1;230099;1;2;2;;;;6;;11;6;5;2;2;9;8;2
1;1;238061;1;1;2;;;;6;;5;;5;6;2;16;8;2
1;1;53368;1;3;2;;;;6;;3;;;;2;2;8;2
1;1;178572;1;1;2;;;;6;;11;;3;3;1;14;8;2
1;1;105224;1;2;1;;;;6;;5;9;1;;1;12;9;2
1;1;54624;1;3;2;;;;6;;8;;2;99;2;8;9;2
1;1;234388;1;9;1;;;;6;;5;6;4;;1;10;8;2
1;1;77801;1;3;1;;;;6;;5;1;5;;2;8;8;2
1;1;39580;1;1;1;;;;6;;5;6;5;;1;8;8;2
1;1;78456;1;1;2;;;;6;;5;6;6;1;2;9;8;2
1;1;137920;1;1;2;;;;6;;11;;5;2;1;10;8;2
1;1;49740;1;1;2;;;;6;;5;9;6;99;1;9;9;2
1;1;169430;1;3;2;;;;6;2;6;;;;1;4;8;7
1;1;115301;1;1;2;;;;6;;8;6;6;1;2;7;8;2
1;1;175915;1;6;1;;;;6;1;6;;;;2;3;8;2
1;1;106015;1;3;1;;;;1;1;8;;6;;2;5;8;2
1;1;88075;1;1;1;;;;6;;5;3;5;;2;18;7;2
1;1;115181;1;3;1;;;;6;1;10;;6;;2;5;8;2
1;1;217922;1;3;2;;;;6;1;8;;6;;1;5;8;2
1;1;39381;1;3;2;;;;6;;1;;;;1;1;8;
1;1;228333;1;3;2;;;;6;2;11;1;6;;1;5;8;7
1;1;98905;1;3;2;;;;6;;1;;6;1;2;10;8;2
1;1;178296;1;1;1;;;;6;1;11;9;1;;2;9;9;2
1;1;109672;1;3;1;;;;6;1;6;;;;1;3;8;2
1;1;40019;1;9;1;;;;6;;8;;6;;1;6;9;2
1;1;110661;1;3;2;;;;6;2;8;;6;;1;5;8;2
1;1;91243;1;3;2;;;;6;;11;2;6;1;1;12;6;2
1;1;121172;1;3;2;;;;6;;11;2;6;;2;7;8;2
1;1;109186;1;1;2;;;;6;;7;6;6;1;1;9;8;2
1;1;67317;1;3;2;;;;6;;8;;6;;2;5;8;2
1;1;198986;1;2;2;;;;6;;7;6;5;4;1;11;8;2
1;1;210321;1;3;2;;;;7;2;11;6;6;;1;6;8;7
1;1;58060;1;3;2;;;;6;;8;;6;99;1;13;8;2
1;1;135022;1;6;1;;;;6;1;6;;6;;1;4;8;2
1;1;182337;1;1;1;;;;6;;5;;5;;2;18;8;2
1;1;137182;1;4;2;;;;6;1;6;;6;;1;4;8;2
1;1;135988;1;1;2;;;13;6;;11;6;5;1;1;7;8;6
1;1;83098;1;3;2;;;;6;2;6;;;;2;4;8;2
1;1;197497;1;3;2;;;;6;2;6;;6;;2;4;8;2
1;1;102977;1;2;2;;;;6;;7;1;5;2;1;9;8;2
1;1;96264;1;2;2;;;;3;;8;6;3;1;1;8;8;2
1;1;204260;1;2;1;;;;6;;8;;5;;1;14;8;2
1;1;38685;1;1;1;;;;6;;7;3;5;;1;8;8;2
1;1;195371;1;1;1;;;;6;;5;;5;;2;19;7;2
1;1;132008;1;2;2;;;;6;1;11;9;1;99;1;10;9;2
1;1;121176;1;3;1;;;;6;1;6;;;;2;4;8;2
1;1;148983;1;1;1;;;;6;;12;2;1;;1;11;8;2
1;1;52600;1;2;1;;;;6;;1;;5;;1;16;8;2
1;1;214661;1;1;1;;;;6;;12;1;5;;1;12;8;2
1;1;213571;1;1;1;;;;6;;7;;5;;1;15;8;2
1;1;26792;1;1;2;;;;6;1;11;9;3;99;1;10;9;2
1;1;7388;1;3;1;;;;6;;7;;6;;2;7;8;2
1;1;70251;1;6;2;;;;7;2;11;1;6;;1;6;8;7
1;1;84760;1;3;2;;;;6;1;6;;;;2;3;8;2
1;1;87532;1;2;2;;;;6;;12;1;5;2;2;8;8;2
1;1;110540;1;2;2;;;;6;;5;;5;3;2;9;8;2
1;1;142641;1;3;1;;;;6;1;6;;;;2;4;5;2
1;1;92962;1;1;1;;;;6;;11;;5;;1;17;8;2
1;1;135812;1;3;1;;;;6;;8;;6;;1;5;8;2
1;1;234197;1;2;2;;;;6;;7;;5;3;1;10;8;2
1;1;119398;1;2;2;;;;6;;11;6;5;3;1;12;8;2
1;1;236353;1;6;1;;;;6;1;8;;6;;1;5;8;2
1;1;31844;1;3;2;;;;6;1;11;1;6;;2;5;8;2
1;1;197029;1;9;2;;;;6;;11;2;5;3;1;10;8;7
1;1;148600;1;1;2;;;;6;;11;2;6;4;1;11;8;2
1;1;49638;1;1;1;;;;6;;6;3;5;;2;13;8;2
1;1;8732;1;2;2;;;;6;;5;3;1;4;2;7;8;2
1;1;107112;1;1;2;;;;6;;8;1;3;2;2;8;8;2
1;1;149812;1;9;1;;;;6;;6;1;5;;1;10;8;2
1;1;113817;1;1;2;;;;6;;6;;6;1;2;11;8;2
1;1;211004;1;2;2;;;;6;;8;;5;2;1;9;8;2
1;1;16682;1;5;1;;;;6;;8;1;6;;1;5;8;2
1;1;142425;1;1;1;;;;6;;7;6;5;;1;11;8;2
1;1;234174;1;1;2;;;;6;;8;;6;1;1;7;8;2
1;1;135944;1;3;2;;;;6;1;8;;6;;2;5;8;2
1;1;226241;1;6;1;;;;6;2;6;1;1;;1;5;8;2
1;1;29680;1;3;2;;;;6;;8;1;6;;1;6;8;2
1;1;163646;1;3;2;;;;6;2;6;;;;1;3;8;7
1;1;67900;1;4;1;;;;6;;8;3;6;;2;6;8;2
1;1;134049;1;3;1;;;;6;1;11;;6;;2;6;8;2
1;1;85020;1;3;1;;;;6;2;11;9;6;;1;7;9;2
1;1;122524;1;3;2;;;;6;1;8;;6;;2;5;8;2
1;1;134229;1;3;2;;;;6;1;11;;6;;1;6;8;7
1;1;226233;1;3;2;;;;6;;11;1;6;;1;7;8;2
1;1;6002;1;3;2;;;;6;1;2;;;;2;2;8;2
1;1;204773;1;9;2;;;;6;;8;;6;;1;12;1;2
1;1;39797;1;3;1;;;;6;1;11;;6;;1;6;8;2
1;1;18746;1;10;2;;;;6;;8;2;6;;1;6;8;2
1;1;54056;1;1;2;;;;7;;12;1;3;2;1;12;8;2
1;1;24956;1;6;2;;;;6;1;6;;6;;1;4;8;2
1;1;187870;1;1;1;;;;6;;5;1;5;;1;11;8;2
1;1;11539;1;5;2;;;;6;;7;;5;2;1;8;8;2
1;1;222187;1;1;2;;;;6;;8;6;5;3;2;11;8;2
1;1;219917;1;1;2;;;;6;;7;;4;4;1;14;8;2
1;1;2673;1;4;2;;;;1;;8;6;6;99;1;7;8;2
1;1;95673;1;3;2;;;;6;1;6;;6;;2;4;8;2
1;1;203826;1;3;1;;;;6;1;6;;;;2;3;8;2
1;1;36705;1;3;2;;;;6;;11;1;2;1;1;9;8;2
1;1;926;1;3;1;;;;6;;7;4;6;;1;8;8;2
1;1;177586;1;1;1;;;;6;;11;6;5;;2;8;8;2
1;1;17696;1;3;2;;;;6;;5;1;5;4;2;7;8;2
1;1;187910;1;3;1;;;;6;;11;1;6;;1;7;8;2
1;1;152968;1;3;2;;;;6;1;8;;6;;2;5;8;2
1;1;234867;1;1;2;;;;6;;5;;1;11;2;16;8;2
1;1;18388;1;3;2;;;;6;2;8;;6;;1;5;8;2
1;1;113542;1;3;2;;;;6;1;6;;;;1;3;8;2
1;1;70561;1;3;2;;;;6;2;8;;6;;1;5;8;2
1;1;78032;1;6;1;;;;6;1;6;;;;1;4;8;2
1;1;230354;1;3;1;;;;6;1;8;;6;;2;5;8;2
1;1;103711;1;1;1;;;;6;;11;6;6;;1;9;8;2
1;1;97324;1;3;2;;;;6;1;6;;6;;2;4;8;2
1;1;4172;2;3;2;;;;6;2;8;4;6;;2;6;8;2
1;1;28951;1;1;1;;;;6;2;11;9;1;;1;8;9;2
1;1;94630;1;2;2;;;;6;;5;;5;4;2;10;8;2
1;1;61462;2;2;2;;;;6;;9;1;5;1;1;7;8;2
1;1;29515;1;2;2;;;;6;;8;;5;3;1;7;8;2
1;1;18776;1;1;1;;;;6;;11;1;5;;1;7;8;2
1;1;45843;1;3;1;;5;;6;;1;;;;1;2;7;5
1;1;183970;1;3;1;;;;6;;8;;6;;1;6;8;7
1;1;127151;1;3;2;;;;6;2;11;;6;;2;6;8;2
1;1;45401;1;2;2;;;;6;;11;2;5;1;1;8;8;2
1;1;89893;1;1;2;4;;;6;;11;2;3;2;2;11;8;9
1;1;66829;1;1;2;;;;6;;7;6;4;4;1;13;8;2
1;1;216892;1;1;1;;;;7;;5;6;5;;1;15;8;2
1;1;141407;1;1;1;;;;6;;11;;5;;1;17;8;7
1;1;28927;1;1;2;;;13;6;;5;;4;99;2;20;7;6
1;1;8869;1;3;1;;;;6;;6;;;;2;3;9;2
1;1;109606;1;1;1;;;;6;;7;;5;;1;14;8;2
1;1;85650;1;1;1;;;;6;;8;1;5;;1;8;8;2
1;1;51163;1;1;1;;;;6;;5;;5;;1;15;1;2
1;1;242094;1;3;1;;;;6;2;6;;;;1;3;8;2
1;1;241466;1;3;1;;;;6;1;8;;6;;2;5;8;2
1;1;39786;1;3;1;;;;6;2;6;;;;1;3;8;2
1;1;63814;1;3;1;;;;6;;1;;;;2;2;8;2
1;1;191587;1;3;1;;;;6;;8;1;6;;1;7;8;2
1;1;142569;1;1;1;;;;6;;5;;5;;2;15;8;2
1;1;92057;1;4;1;;;;6;2;8;;6;;1;5;8;2
1;1;84115;1;3;2;;;;6;2;6;;6;;2;4;8;7
1;1;224224;1;1;1;;;;6;;5;6;5;;2;11;8;2
1;1;176613;1;1;2;;;;6;1;11;;6;;1;5;8;2
1;1;2987;1;3;1;;;;6;;8;1;6;;2;6;8;2
1;1;70131;1;1;1;;;;6;1;11;1;6;;1;5;8;7
1;1;161226;1;3;2;;;;6;1;8;;6;;2;5;8;2
1;1;211860;1;3;2;;;;6;;11;;6;;2;6;8;2
1;1;175289;1;2;2;;;;6;;5;;5;2;2;14;8;2
1;1;194946;1;1;1;;;;6;;12;1;1;;2;7;8;2
1;1;167437;1;3;2;;;;6;2;2;;;;1;2;8;2
1;1;84461;1;3;2;;;;6;;11;1;6;;1;7;8;2
1;1;68349;1;3;1;;;;6;1;6;;;;1;3;8;2
1;1;31977;1;3;2;;;;6;3;6;;6;;1;4;8;2
1;1;73380;1;3;1;;;;6;;8;;6;;1;6;8;2
1;1;219415;2;3;2;;;;6;1;6;;;;2;3;8;2
1;1;68011;1;1;2;;;;6;;7;;5;2;1;12;8;2
1;1;178850;1;6;2;;;;6;2;6;;;;1;3;8;2
1;1;9561;1;3;2;;;;7;1;6;;6;;1;4;8;7
1;1;88122;1;1;2;;;;6;;11;1;3;3;1;11;8;2
1;1;86124;1;3;2;;;;6;1;6;;;;1;3;8;2
1;1;44219;1;6;1;;;;6;1;2;;;;2;2;8;2
1;1;202660;1;9;1;;;;6;;5;1;2;;2;11;8;2
1;1;11303;1;2;2;;;;6;;5;1;5;3;2;10;8;2
1;1;147986;1;3;1;;;;6;2;11;;6;;1;5;8;2
1;1;228418;1;1;2;;;;6;;11;2;5;1;1;9;8;2
1;1;10476;1;3;1;;;;6;;1;;;;1;1;8;
1;1;235749;1;3;2;;;;6;1;6;;;;2;4;8;2
1;1;22800;1;9;1;;;;6;1;3;;;;1;2;8;2
1;1;157547;1;3;1;;;;6;;5;1;1;;2;10;8;2
1;1;16664;1;1;1;;;;6;;5;1;1;;1;8;8;2
1;1;37731;1;3;1;;;;6;;1;;;;1;2;8;2
1;1;74568;1;3;2;;;;7;2;11;;6;;1;6;5;2
1;1;65209;1;2;1;;;;6;;11;1;1;;1;7;8;2
1;1;15756;1;3;2;;;;6;1;6;;;;1;3;8;2
1;1;44432;1;2;2;;;;6;;8;9;1;99;1;8;9;2
1;1;78998;1;2;1;;;;6;;6;6;5;;2;11;8;2
1;1;81616;1;1;1;;;;6;;8;1;5;;1;11;8;2
1;1;217684;2;1;1;;;;6;;8;1;5;;1;9;8;2
1;1;130172;1;1;2;;;;1;;8;6;5;3;2;9;8;2
1;1;19771;1;3;1;;;;6;;5;1;6;;1;8;8;2
1;1;94739;1;3;1;;;;6;1;6;;;;2;3;8;2
1;1;235552;1;1;2;;;;6;;7;2;4;3;1;14;8;2
1;1;147110;1;2;2;;;;6;;12;2;5;3;1;12;8;2
1;1;31280;1;3;2;;;;6;2;6;;6;;1;4;8;7
1;1;226151;0;12;1;;;;4;;8;;6;;2;6;8;2
1;1;228354;1;7;2;;;;6;;7;6;6;1;1;14;8;2
1;1;66772;1;1;1;;;;6;;5;1;5;;2;9;8;2
1;1;18636;1;10;1;;;;6;;11;1;6;;1;7;8;2
1;1;230464;1;2;2;;;;2;;8;1;1;2;1;6;8;2
1;1;134737;1;1;2;;;;6;;11;2;5;2;1;14;8;2
1;1;48102;1;2;2;;;;6;;5;;5;99;2;15;7;2
1;1;154497;1;2;2;;;;7;;8;;5;3;1;15;8;3
1;1;186288;1;1;1;;;;6;;11;1;5;;1;9;8;7
1;1;157828;2;3;1;;;;6;;11;1;6;;1;7;8;2
1;1;89560;1;2;2;;;;6;;11;2;5;2;1;11;8;2
1;1;197235;1;1;1;;;;6;2;11;1;5;;1;11;8;2
1;1;114475;1;1;2;;;;6;;8;6;6;2;2;7;8;2
1;1;156786;1;5;1;;;;6;;11;;5;;2;8;8;2
1;1;43300;1;3;2;;;;6;;11;2;6;2;1;8;8;2
1;1;190950;1;1;2;;;;6;;8;1;3;1;1;13;8;2
1;1;221861;1;1;2;;;;6;;5;;2;6;2;11;8;2
1;1;96916;1;2;2;;;;6;;7;1;6;4;1;12;8;2
1;1;29654;1;2;2;;;;6;;6;;1;2;2;7;8;2
1;1;16994;1;3;1;;;;6;1;6;;;;2;4;6;2
1;1;194554;1;1;1;;;;6;;8;5;5;;1;12;8;2
1;1;64888;1;2;1;;;;6;;11;6;6;;1;8;8;2
1;1;94821;1;9;2;;;19;1;;5;8;6;99;1;14;9;1
1;1;206084;1;3;2;;;;6;1;3;;;;1;2;8;2
1;1;110996;1;3;2;;;;6;2;6;;;;1;4;8;2
1;1;38639;1;3;1;;;;6;;11;2;6;;1;7;8;2
1;1;83975;1;3;2;;;;6;2;8;;6;;1;5;8;2
1;1;101874;1;1;2;;;;6;;8;6;5;2;2;12;8;2
1;1;10980;1;2;2;;;;6;1;11;1;5;99;1;6;8;7
1;1;135325;1;6;2;;;;6;1;6;;;;2;3;8;2
1;1;139411;1;3;2;;;;6;1;2;;;;2;2;8;2
1;1;57791;1;5;1;;;;6;;5;1;5;;1;11;8;2
1;1;236805;1;1;1;;;;6;;5;6;3;;2;12;8;2
1;1;19421;1;3;1;;;;6;1;8;;6;;1;5;8;2
1;1;87692;1;3;2;;;;6;;11;1;6;;2;8;8;7
1;1;203522;1;1;1;;;;6;;10;1;5;;1;11;8;2
1;1;119736;1;6;1;;;;6;;8;3;6;;1;6;8;2
1;1;195792;1;9;2;;;;6;;8;6;5;2;1;13;8;2
1;1;126074;1;2;2;;;;6;;5;;5;4;2;16;8;2
1;1;68737;1;1;2;;;;6;;5;6;6;;2;15;7;2
1;1;29193;1;2;2;;;;6;;8;3;6;2;2;7;8;2
1;1;174821;1;3;2;;;;6;;10;6;1;;2;6;8;2
1;1;122326;1;2;2;;;;6;;8;1;1;2;1;10;8;2
1;1;235376;1;3;1;;;;6;1;6;;;;1;3;8;2
1;1;228736;1;9;2;;;;6;3;11;;6;;1;5;8;2
1;1;223172;1;1;1;;;;6;2;10;6;1;;1;8;1;7
1;1;222525;1;2;2;;;;6;;12;2;5;1;1;9;8;2
1;1;42835;1;1;1;;;;6;;11;2;5;;1;12;8;2
1;1;649;1;3;1;;;;6;;1;;;;2;1;8;
1;1;129529;1;7;2;;;;6;;5;;4;6;1;13;8;2
1;1;222537;1;3;2;;;;6;2;11;1;6;;1;6;8;7
1;1;190213;1;3;2;;;;6;;1;;;;1;2;8;2
1;1;146554;1;3;1;;;;6;2;11;1;6;;1;6;8;2
1;1;7378;1;1;1;;;;6;;5;;5;;2;11;7;2
1;1;128446;1;2;2;;;;6;;6;6;5;2;2;9;8;2
1;1;147445;1;3;1;;;;6;1;6;;6;;1;4;8;2
1;1;25355;1;3;2;;;;6;3;3;;;;1;2;8;2
1;1;236417;1;6;1;;;;6;1;6;;;;2;3;8;2
1;1;83036;1;3;2;;;;6;1;6;;;;2;3;8;2
1;1;123762;1;1;1;;;;6;;5;1;5;;1;10;8;2
1;1;237272;1;2;2;;;;6;2;11;;1;;2;5;8;2
1;1;124738;1;9;2;;;;6;2;6;;;;1;4;9;2
1;1;133992;1;1;2;;;;6;;8;;6;1;2;5;8;2
1;1;228097;1;1;1;;;;6;;11;;3;;1;16;8;2
1;1;210360;1;2;2;;;;6;;11;5;5;2;1;11;8;2
1;1;184826;1;1;2;;;;6;;10;1;5;2;1;12;8;2
1;1;43928;1;1;1;;;;7;;12;1;5;;1;8;8;2
1;1;170475;1;2;2;;;;6;;10;1;5;3;2;9;8;2
1;1;134606;1;3;1;;;;6;1;6;;;;1;4;8;2
1;1;184925;1;3;2;;;;6;2;8;;6;;1;5;8;2
1;1;131397;1;1;2;;;;6;;8;6;6;1;1;5;8;2
1;1;1454;1;3;2;;;;6;2;6;;;;1;4;8;2
1;1;28025;1;9;2;;;;7;;5;;6;99;2;12;9;2
1;1;69940;1;1;2;;;;3;;8;1;6;3;1;7;8;2
1;1;51612;1;1;2;;;;6;;8;;3;3;2;8;8;2
1;1;135666;1;3;2;;;;7;;5;;6;1;2;13;8;2
1;1;138139;1;9;1;;;;6;;1;;6;;2;9;3;2
1;1;200362;1;3;1;;;;6;3;6;;;;2;4;8;2
1;1;196641;1;3;1;;;;7;2;8;;6;;1;5;9;2
1;1;228192;1;3;1;;;;6;1;6;;;;1;3;8;2
1;1;90168;1;3;2;;;;6;2;6;;;;2;3;8;2
1;1;39838;1;3;2;;;;6;2;6;;;;1;4;8;2
1;1;176179;1;3;2;;;;6;1;6;;;;2;3;8;2
1;1;236646;1;2;2;;;;6;2;11;9;5;99;1;8;9;2
1;1;93176;1;3;1;;;;6;1;6;;;;2;4;8;2
1;1;232910;1;3;2;;;;6;2;6;;;;1;3;8;2
1;1;44645;1;2;2;;;;6;;12;2;5;3;1;10;8;2
1;1;72897;1;2;2;;;;6;2;11;;5;3;1;11;8;2
1;1;28808;1;9;1;;;;6;;8;9;6;;1;6;9;2
1;1;235780;1;3;2;;;;6;2;11;;6;;1;7;8;2
1;1;143429;1;1;1;;;;6;;10;1;6;;1;9;8;2
1;1;159861;1;1;1;;;;6;;8;1;5;;2;9;8;2
1;1;80663;1;6;1;;;;6;2;11;2;6;;1;6;8;2
1;1;208194;1;3;1;;;;6;1;6;;;;2;4;8;2
1;1;77697;2;3;1;;;;6;1;6;;;;2;3;3;2
1;1;142064;1;3;1;;;;6;1;6;;;;1;4;8;2
1;1;78073;1;1;1;;;;6;;5;6;5;;1;12;5;2
1;1;210044;1;3;1;;;;6;1;3;;;;1;2;8;2
1;1;141605;1;1;1;;;;6;;8;3;5;;2;13;8;2
1;1;82590;1;1;1;;;;6;;11;1;3;;2;9;8;2
1;1;3061;1;1;1;;;;6;;5;;5;;2;16;8;2
1;1;56189;1;2;2;;;;6;;11;2;1;1;1;11;8;2
1;1;16762;1;2;1;;;;6;;8;1;5;;2;7;8;2
1;1;174908;1;1;1;;;;6;;11;;4;;1;14;8;2
1;1;159572;1;3;1;;;;6;3;8;;6;;2;5;8;2
1;1;129505;1;1;1;;;;6;;8;1;6;;2;9;8;2
1;1;47012;1;3;2;;;;6;;8;1;1;1;1;6;8;2
1;1;48212;1;2;2;;;;6;;5;7;1;99;1;12;8;2
1;1;117557;1;3;1;;;;5;;11;5;6;;1;7;8;2
1;1;42950;1;9;1;;;;6;;5;1;5;;2;10;8;2
1;1;153737;1;3;1;;;;6;1;6;;6;;2;4;8;2
1;1;202083;1;1;1;;;;6;;8;1;5;;1;9;8;2
1;1;139963;1;3;1;;;;5;;1;;6;;1;8;8;2
1;1;195591;1;3;1;;;;6;3;6;;;;1;3;8;2
1;1;178031;1;3;1;;;;6;2;8;;6;;2;5;8;2
1;1;188271;1;1;1;;;;6;;7;;5;;1;19;8;2
1;1;222959;1;2;1;;;;6;;8;1;6;;2;8;8;2
1;1;128969;1;2;2;;;;6;;5;9;5;99;1;10;9;2
1;1;196365;1;1;1;;;;6;;12;2;3;;1;10;8;2
1;1;203164;1;1;1;;;;6;;8;1;3;;1;12;8;2
1;1;24032;1;1;1;;;;5;;11;;5;;1;20;7;2
1;1;205467;1;3;1;;;;1;1;6;;;;1;4;8;2
1;1;106272;1;1;1;;;;6;;8;1;5;;1;12;8;2
1;1;153190;1;3;2;;;;6;2;11;;6;;1;5;8;2
1;1;195191;1;3;2;;;;6;1;6;;6;;1;4;8;2
1;1;109794;2;1;2;;;13;1;;1;;2;5;2;11;8;6
1;1;109132;1;3;1;;;;6;;5;1;1;;2;11;8;2
1;1;220645;1;6;1;;;;6;;1;;;;1;2;8;2
1;1;158157;1;3;2;;;;6;1;8;;6;99;2;5;8;2
1;1;123524;1;1;2;;;;6;;8;;1;1;1;5;8;2
1;1;206509;1;1;2;;;;6;;7;1;5;3;1;12;8;2
1;1;197467;1;2;2;;;;6;;8;;5;1;1;11;8;2
1;1;170561;1;1;2;;;;6;;1;;5;4;2;17;1;2
1;1;205947;1;2;1;;;;6;;7;6;5;;1;13;8;2
1;1;38389;1;3;2;;;;6;;8;6;6;;2;7;8;2
1;1;77843;1;2;2;;;;6;;5;4;5;2;2;9;8;2
1;1;160647;1;7;2;;;;6;;5;6;6;2;1;14;8;2
1;1;216451;1;4;2;;;;6;1;11;1;1;;1;6;8;2
1;1;183634;1;3;2;;;;6;;11;1;6;;1;8;8;2
1;1;213490;1;3;1;;;;6;2;6;;6;;2;4;8;2
1;1;83414;1;1;2;;;;6;;5;3;1;;2;11;8;2
1;1;236189;1;2;2;;;;6;;5;;5;2;1;16;8;2
1;1;201569;1;9;1;;;;6;;11;8;6;;2;7;8;2
1;1;32102;2;3;1;;;;6;1;8;;6;;1;5;8;2
1;1;29653;1;3;2;;;;4;3;6;;;;1;3;8;2
1;1;209506;1;3;1;;;;6;2;6;;6;;2;4;8;7
1;1;73302;1;1;2;;;;6;;11;6;1;2;1;13;8;2
1;1;184322;1;3;2;;;;6;1;6;;6;;2;4;8;2
1;1;108221;1;6;2;;;;6;1;6;;;;1;3;8;2
1;1;82966;1;6;1;;;;6;1;6;;;;2;3;8;2
1;1;242349;1;3;2;;;;6;;7;7;6;;2;8;8;2
1;1;239121;1;2;2;;;;6;;8;;5;99;2;12;8;2
1;1;157799;1;3;1;;;;6;;8;3;6;;2;6;8;2
1;1;242412;1;3;1;;;;6;;8;1;1;;2;10;8;2
1;1;160255;1;6;2;;;13;6;1;6;;6;99;2;4;8;6
1;1;58899;1;3;2;;;;6;3;6;;;;1;3;9;2
1;1;158005;1;1;2;;;;6;;7;;5;4;1;12;8;2
1;1;173368;1;9;2;;;;6;1;6;;6;99;2;4;8;2
1;1;93391;1;2;2;;;;6;;5;;5;3;1;16;8;2
1;1;148927;1;3;2;;;;6;;11;6;6;;1;8;8;2
1;1;229616;1;3;1;;;;6;2;11;1;6;;1;6;8;2
1;1;205371;1;1;1;;;;6;2;11;1;6;;1;6;8;2
1;1;68192;1;1;1;;;;6;;11;1;6;;1;7;8;2
1;1;90385;1;2;2;;;;6;;8;1;5;99;1;10;8;2
1;1;159151;1;3;1;;;;6;1;8;;6;;1;4;8;2
1;1;147236;1;1;1;;;;6;;11;2;1;;1;12;9;2
1;1;94828;1;1;1;;;;6;;5;6;1;;2;12;8;2
1;1;54437;1;3;2;;;;6;;1;;;;1;2;8;2
1;1;64265;1;1;1;;;;6;;8;6;5;;1;13;8;7
1;1;132748;1;3;1;;;;6;1;6;;6;;2;4;8;2
1;1;96451;1;3;2;;;;6;1;8;;6;;1;5;8;2
1;1;67771;1;3;2;;;;6;2;11;;6;;2;6;8;2
1;1;2482;1;2;2;;;;6;;7;6;1;;1;13;8;7
1;1;195839;1;3;1;;;;6;1;6;;;;1;4;8;2
1;1;175392;1;1;1;;;;6;;5;;5;;2;16;7;2
1;1;100439;2;1;1;;;;6;;9;4;5;;1;9;8;2
1;1;173187;1;1;2;;;;6;;12;;5;1;1;8;8;2
1;1;54852;1;3;2;;;;1;1;6;;;;2;3;9;2
1;1;108705;1;5;2;;;;6;;11;6;5;1;1;11;8;2
1;1;36911;2;3;1;;;;6;;1;;;;2;1;8;
1;1;72513;1;1;1;;;;6;;5;6;5;;2;15;8;2
1;1;215888;1;3;1;;;;6;1;6;;6;;1;4;9;2
1;1;187192;1;3;2;;;;6;2;6;;;;1;4;8;2
1;1;129147;1;1;2;;;;6;;5;;5;7;2;17;1;2
1;1;29805;1;1;1;;;;6;;8;6;5;;2;10;8;2
1;1;160179;1;2;2;;;;6;;8;9;5;99;1;8;9;2
1;1;202095;1;9;2;;;;6;1;11;;6;;1;6;8;2
1;1;117463;1;1;2;;;;6;;11;6;6;2;1;10;8;2
1;1;99609;1;1;2;;;;6;;5;;4;9;2;17;7;2
1;1;32698;1;3;2;;;;6;;11;;6;;2;7;8;7
1;1;213615;1;3;2;;;;6;2;8;;6;;1;5;8;2
1;1;208583;1;5;1;;;;6;;5;6;1;;2;9;8;2
1;1;136706;1;3;2;;;;6;2;6;;;;2;4;8;2
1;1;57821;1;1;2;;;;6;;5;;3;9;1;12;8;2
1;1;187969;1;1;1;;;;6;;5;6;1;;1;10;8;2
1;1;135690;1;1;1;;;;6;;7;1;5;;1;12;8;2
1;1;136841;1;3;1;;;;6;;10;;6;;1;8;8;2
1;1;91405;1;3;1;;;;4;2;6;;6;;1;4;8;2
1;1;25335;1;1;1;;;;6;;11;;5;;1;18;8;2
1;1;141935;1;2;2;;;;6;1;11;1;1;1;1;6;8;7
1;1;100268;2;3;2;;;;6;2;11;;6;;2;6;8;2
1;1;107240;1;2;2;;;;6;;7;5;5;3;1;13;8;2
1;1;86611;1;1;1;;;;6;;11;1;1;;2;11;8;2
1;1;73320;1;1;2;;;;6;;5;;6;1;1;16;8;2
1;1;146092;1;2;2;;;;6;;5;6;5;99;2;10;1;2
1;1;17081;1;9;2;;;;6;1;8;;6;;1;5;8;2
1;1;107419;1;2;2;;;;6;;8;;5;3;2;7;8;2
1;1;192371;1;1;2;;;;6;;7;;3;3;1;11;8;2
1;1;186898;1;3;1;;;;6;1;11;;6;;1;5;8;2
1;1;116825;1;2;2;;;;6;;5;;5;4;2;14;8;2
1;1;170875;2;3;2;;;;6;2;6;;;;1;4;8;2
1;1;53548;1;7;2;;;;6;;10;;4;3;1;18;8;2
1;1;43906;1;1;2;;;;6;;12;2;3;1;1;12;8;2
1;1;74958;1;2;2;;;;6;;7;7;1;5;1;11;8;2
1;1;1854;1;3;2;;;;6;2;11;;6;;2;5;8;7
1;1;30104;1;3;1;;;;6;1;6;;;;1;3;8;2
1;1;92293;1;1;2;;;;6;;5;4;1;3;2;8;8;2
1;1;182149;1;1;1;;;;6;;13;1;5;;1;12;8;7
1;1;65447;1;3;1;;;;6;1;6;;;;2;3;8;2
1;1;112714;1;3;1;;;;6;2;6;;6;;2;4;8;2
1;1;235436;1;3;2;;;;6;1;6;;;;2;3;8;2
1;1;24697;1;1;2;;;;6;;8;1;5;3;2;9;8;2
1;1;146799;1;3;1;;;;6;;8;1;6;;1;7;8;2
1;1;114665;1;1;1;;;;6;;7;1;1;;1;8;8;2
1;1;107780;1;3;2;;;;6;1;6;;6;;2;4;8;2
1;1;45158;1;2;2;;;;6;;10;;5;99;1;7;8;2
1;1;101399;2;3;1;;;;6;1;6;;;;1;4;8;2
1;1;108390;1;3;1;;;;6;2;11;;6;;1;7;8;7
1;1;38602;1;5;1;;;13;6;;5;6;5;;2;14;8;6
1;1;115937;1;3;2;;;;6;1;8;;6;;1;5;8;2
1;1;181495;1;3;2;;;;6;1;6;;;;2;3;8;2
1;1;4794;2;2;1;;;8;1;;7;1;6;;2;7;8;6
1;1;10621;1;1;1;;;;6;;11;1;5;;1;8;8;2
1;1;3999;1;5;1;;;;6;;8;6;6;;1;11;8;2
1;1;198596;1;3;1;;;;6;;10;1;6;;2;6;8;2
1;1;238505;1;2;2;;;;6;;5;;5;4;1;15;8;2
1;1;117842;1;3;2;;;;6;1;6;;;;2;4;8;2
1;1;15700;1;9;1;;;;6;2;11;;6;;2;8;8;2
1;1;213740;1;2;2;;;;6;;7;1;5;2;1;14;8;2
1;1;143634;1;6;1;;;;6;;8;1;6;;1;5;8;2
1;1;69885;1;1;2;;;;6;;8;5;1;3;2;8;8;2
1;1;146880;1;1;2;;;;6;;11;1;5;3;1;12;8;2
1;1;206461;1;3;1;;;;6;1;6;;;;1;3;8;2
1;1;1062;1;3;1;;;;6;;12;2;6;;2;8;8;7
1;1;4296;1;3;2;;;;6;1;6;;6;;1;4;8;2
1;1;4999;2;1;1;;;;6;;8;3;1;;2;5;8;2
1;1;169632;1;1;2;;;;6;2;11;9;6;99;1;8;9;2
1;1;168051;1;3;2;;;;6;;8;;6;;1;5;8;2
1;1;64381;1;2;2;;;;6;;5;;5;5;1;15;8;2
1;1;90782;1;3;2;;;;6;1;6;;6;;2;4;8;2
1;1;88754;1;3;1;;;;6;3;6;;;;1;3;8;2
1;1;85508;1;2;1;;;;6;;5;6;1;;2;11;8;2
1;1;101064;1;9;1;;;;6;;5;1;6;;2;12;8;2
1;1;195113;1;3;1;;;;1;1;6;;6;;2;4;8;2
1;1;179326;1;6;2;;;;6;1;6;;;;2;3;8;2
1;1;72122;1;2;2;;;;6;;8;6;5;;2;8;8;2
1;1;216617;1;3;1;;;;6;1;6;;;;2;3;8;2
1;1;121187;1;1;2;;;;6;;8;4;2;2;1;13;8;2
1;1;89036;1;1;1;;;;6;;8;;5;;1;16;8;2
1;1;124256;1;1;2;;;;6;3;11;9;6;99;1;7;9;2
1;1;9634;1;2;2;;;;6;;8;6;1;2;2;7;8;2
1;1;8704;1;2;2;;;;6;;8;;5;2;1;11;8;2
1;1;172050;1;2;2;;;;6;;5;9;1;99;1;11;9;2
1;1;17525;1;3;2;;;;6;1;6;;;;2;2;8;2
1;1;226239;1;9;2;;;;6;;11;1;6;;1;7;8;2
1;1;170313;1;3;2;;;;6;;1;;;;1;2;8;2
1;1;123760;1;3;1;;;;6;;7;1;6;;1;11;8;2
1;1;234648;1;3;1;;;;6;1;8;;6;;1;5;9;2
1;1;206002;1;1;1;;;;6;;11;6;5;;2;11;8;2
1;1;140814;1;1;1;;;;6;;11;5;5;;1;13;8;2
1;1;228920;1;1;2;;;;6;;5;;5;99;1;12;9;2
1;1;206203;0;12;2;;;;6;;5;;4;;1;18;7;2
1;1;66731;1;3;2;;;;6;;8;;6;;1;10;8;2
1;1;192769;1;6;1;;;;6;1;6;;;;2;3;8;2
1;1;6380;1;1;1;;;;6;1;11;9;1;;1;6;9;2
1;1;123347;1;1;1;;;;6;;5;;4;;2;17;8;2
1;1;114221;1;7;2;;;;6;;1;;4;6;1;18;4;2
1;1;232315;1;3;1;;;;6;1;8;;6;;2;5;9;2
1;1;67600;1;3;1;;;;6;;8;1;6;;2;5;8;2
1;1;206651;1;9;2;;;;6;;8;1;6;99;1;11;9;2
1;1;217321;1;2;2;;;;6;;8;6;5;2;2;8;8;2
1;1;61124;1;3;2;;;;6;1;11;;6;99;1;6;8;2
1;1;151692;1;1;1;;;;6;;11;1;1;;2;12;8;2
1;1;165152;1;1;1;;;;6;;5;;5;;1;18;8;2
1;1;195564;1;3;1;;;;6;2;11;;1;;1;6;8;2
1;1;200518;1;1;1;;;;6;;5;3;1;;2;11;8;2
1;1;76267;1;3;1;;;;6;;11;2;6;;2;8;8;2
1;1;155825;1;3;1;;;;6;1;6;;6;;1;4;8;2
1;1;115466;1;3;2;;;;6;1;6;;;;2;4;8;2
1;1;74907;1;1;1;;;;6;;8;6;5;;1;12;8;2
1;1;221731;1;1;2;;;;6;;11;6;3;1;1;9;8;2
1;1;120186;1;7;2;;;;6;;6;;5;4;2;14;8;2
1;1;158506;1;3;2;;;;6;2;8;;6;;1;5;8;2
1;1;132802;1;2;2;;;;6;;8;1;5;3;2;7;8;2
1;1;155396;1;1;2;;;;6;;11;6;4;99;1;13;8;2
1;1;132769;1;3;1;;;;6;;8;1;6;;1;10;8;2
1;1;219298;1;3;1;;;;6;1;11;;6;;1;5;8;2
1;1;82410;1;3;1;;;;6;2;11;;6;;1;5;8;2
1;1;240720;1;1;2;;;;6;;5;;3;3;2;11;8;2
1;1;70072;1;5;1;;;;6;;11;1;5;;1;7;8;7
1;1;74078;1;1;1;;;;6;;11;;5;;1;16;8;2
1;1;221407;2;9;2;;;;6;;8;;6;1;1;5;8;2
1;1;117206;1;2;2;;;;6;;8;;5;3;1;11;8;2
1;1;88263;1;3;2;;;;6;1;6;;;;2;4;8;2
1;1;89472;1;2;1;;;;6;;6;1;1;;2;7;8;2
1;1;235531;1;3;1;;;;6;;1;;;;2;1;8;
1;1;200880;1;1;1;;;;6;;11;6;5;;1;9;8;2
1;1;16977;1;3;1;;;;6;1;11;;6;;1;7;8;2
1;1;18918;1;1;1;;;;6;;12;5;5;;1;12;8;7
1;1;219536;1;3;2;;;;6;2;11;;6;;1;7;8;7
1;1;92373;1;1;2;;;;6;;5;;4;99;1;15;7;2
1;1;167070;1;3;2;;;;6;;10;1;6;2;1;8;8;2
1;1;31311;1;1;1;;;;6;;11;;3;;1;15;8;2
1;1;133900;1;1;2;;;;6;;7;6;3;5;1;14;8;2
1;1;128592;1;1;1;;;;6;;8;9;5;;1;7;9;2
1;1;160470;1;1;1;;;;6;;12;2;5;;2;10;8;2
1;1;156017;1;3;1;;;;6;1;6;;;;2;3;8;2
1;1;195198;1;3;1;;5;;6;;1;;;;2;2;8;5
1;1;214841;1;3;2;;;;6;1;11;;6;;2;6;8;2
1;1;204004;1;6;1;;;;6;3;8;;6;;1;4;8;2
1;1;233991;1;3;1;;;;6;1;3;;;;1;2;8;2
1;1;183798;1;3;1;;;;6;1;11;;6;;1;6;8;2
1;1;194286;1;3;2;;;;6;2;8;;6;99;1;5;9;2
1;1;159766;1;1;1;;;;7;;11;;5;;1;16;8;3
1;1;23999;1;3;2;;;;6;2;11;6;6;;1;5;8;2
1;1;92840;1;5;1;;;;6;;8;6;5;;1;12;8;2
1;1;211884;1;9;1;;;;6;;8;;6;;1;17;8;2
1;1;108019;1;3;2;;;;6;1;6;;;;2;3;8;2
1;1;168231;1;3;2;;;;6;;12;1;6;;2;7;8;2
1;1;87976;1;3;1;;;;6;1;8;;6;;2;4;8;2
1;1;51925;1;3;2;;;;6;;8;9;6;99;2;6;9;2
1;1;160159;1;1;1;;;;6;;5;3;5;;2;16;8;2
1;1;147200;1;7;2;;;13;1;;1;;4;3;1;21;7;6
1;1;44299;1;7;2;;;;6;;6;;3;3;1;13;8;2
1;1;135038;1;1;2;;;;6;;11;1;6;;2;10;8;2
1;1;224429;1;1;1;;;;6;;5;1;5;;2;13;8;2
1;1;218164;1;6;1;;;;6;3;8;;6;;1;5;8;2
1;1;31506;1;2;2;;;;6;;5;6;5;3;2;8;8;2
1;1;111923;1;2;2;;;;6;;5;;1;3;2;9;8;2
1;1;171128;1;6;1;;;;6;1;8;;6;;2;5;8;2
1;1;112341;1;2;2;;;;6;;7;;5;;2;10;8;2
1;1;134048;1;3;2;;;;6;1;6;;6;;2;4;8;2
1;1;212866;1;6;2;;;;6;2;8;;6;;1;5;8;2
1;1;128146;1;3;2;;;;6;;8;;1;;2;6;8;2
1;1;198919;1;1;1;;;;6;;8;2;1;;2;8;8;2
1;1;211460;1;1;1;;;;6;;11;2;5;;1;8;8;2
1;1;218188;1;3;2;;;;6;;8;;6;;2;6;8;2
1;1;11233;1;9;2;;;;6;;8;;1;2;2;7;8;2
1;1;67791;1;1;2;;;;6;;11;;6;1;1;14;8;2
1;1;67032;1;2;2;;;;6;;5;;1;2;1;8;8;2
1;1;61958;1;1;1;;;;6;;5;1;5;;1;10;8;2
1;1;208555;1;3;1;;;;7;;8;;6;;1;6;8;7
1;1;75520;1;1;1;;;;6;;8;9;5;;1;8;9;2
1;1;206702;1;3;2;;;;6;;11;;6;99;2;7;8;2
1;1;97231;1;1;2;;;;6;;7;;5;1;1;13;8;7
1;1;215377;1;1;2;;;;6;;5;1;2;99;2;12;8;2
1;1;176577;1;2;2;;;;6;;11;2;5;1;2;9;8;2
1;1;23837;1;1;2;;;;6;;5;;5;2;2;11;8;2
1;1;80590;1;5;2;;;;6;;8;1;5;1;1;8;8;2
1;1;122170;1;1;1;;;;6;;5;1;5;;2;11;8;2
1;1;90094;1;1;2;;;;6;;7;1;2;3;1;15;8;2
1;1;185141;1;3;2;;;;6;2;3;;;;1;2;8;2
1;1;238236;1;1;1;;;;6;;11;;5;;1;12;8;2
1;1;184112;1;3;1;;;;6;;1;;;;1;3;9;2
1;1;94457;2;1;1;;;;6;;5;3;5;;2;9;8;2
1;1;151366;1;1;1;;;;7;;12;;5;;1;14;8;2
1;1;150555;1;3;2;;;;6;1;6;;;;2;3;8;2
1;1;198539;1;2;2;;;;6;;8;1;5;3;1;11;8;2
1;1;198489;1;1;1;;;;6;;5;1;5;;2;14;8;2
1;1;119398;1;1;1;;;;6;;11;7;5;;1;13;8;2
1;1;168057;1;1;1;;;;6;;11;;6;;1;17;8;2
1;1;191551;1;3;1;;;;4;2;6;;6;;1;4;8;7
1;1;226077;1;2;2;;;;6;;5;;5;99;2;15;7;2
1;1;175461;1;3;2;;;;6;1;8;;6;;2;5;5;2
1;1;47978;1;2;2;;;;6;;11;6;1;2;1;8;8;2
1;1;165284;1;3;1;;;;6;1;6;;;;1;3;8;2
1;1;208431;1;1;2;;;;6;;5;;6;1;2;13;8;2
1;1;127665;1;3;1;;;;6;;7;1;6;;2;8;8;2
1;1;90150;1;3;2;;;;6;1;3;;;;1;2;8;2
1;1;203625;1;3;1;;;;6;1;6;;;;1;3;8;2
1;1;125062;1;2;2;;;;6;;8;1;5;1;1;7;8;2
1;1;73804;1;3;1;;;;6;;1;;;;1;1;8;
1;1;192334;1;3;2;;;;6;1;8;;6;;1;5;8;2
1;1;86934;1;7;1;;;;6;;7;;5;;1;16;8;2
1;1;146901;1;3;2;;;;6;;11;1;6;;2;6;8;2
1;1;81276;1;1;2;;;;6;;11;1;2;2;1;11;8;2
1;1;143333;1;3;2;;;;6;;11;1;6;;2;7;8;2
1;1;174711;1;1;1;;;;6;;12;6;3;;1;10;8;7
1;1;711;1;3;1;;;;6;1;6;;6;;2;5;8;2
1;1;109754;1;5;2;;;;6;;8;;5;1;1;6;8;2
1;1;73866;1;2;2;;;;6;;12;1;5;2;1;10;8;2
1;1;135767;1;3;1;;;;1;;6;1;6;;1;5;8;2
1;1;85099;1;3;1;;;;6;;10;1;6;;2;6;8;2
1;1;68036;1;2;2;;;;6;;11;6;5;3;1;16;8;2
1;1;147145;1;3;2;;;;6;1;6;;6;;1;4;8;2
1;1;239359;1;1;2;;;;6;;8;1;2;99;1;8;8;2
1;1;188816;1;3;1;;;;6;1;6;;;;2;4;8;2
1;1;219665;1;1;2;;;;6;2;11;;6;;1;6;8;2
1;1;114906;1;1;2;;;;6;;5;5;5;;1;9;8;2
1;1;123425;1;1;1;;;;6;;8;;5;;2;9;8;2
1;1;233734;1;3;2;;;;6;2;11;;6;;1;6;8;2
1;1;126393;1;2;2;;;;6;;12;2;5;99;1;10;8;2
1;1;109662;1;6;1;;;;6;2;6;;;;1;3;8;2
1;1;43013;1;2;1;;;;6;;8;;5;;1;8;8;2
1;1;174025;1;3;1;;;;6;;8;1;6;;2;7;8;2
1;1;227962;1;1;1;;;;6;;7;1;5;;1;7;8;2
1;1;172546;1;1;1;;;;6;;5;3;1;;2;8;8;2
1;1;134583;1;9;2;;;;6;1;11;;6;;1;6;4;2
1;1;24266;1;1;1;;;;6;;5;6;5;;2;15;8;2
1;1;224887;1;1;2;;;;6;1;11;;1;99;1;6;9;2
1;1;47048;1;2;1;;;;6;;6;1;5;;2;11;8;2
1;1;130641;1;1;1;;;;6;2;11;;5;;1;8;8;7
1;1;47330;1;1;2;;;;6;;1;;5;8;2;13;8;2
1;1;112467;1;2;2;;;;6;;8;;5;;2;13;8;2
1;1;45658;1;1;1;;;;6;;12;2;5;;1;11;8;2
1;1;209560;1;9;2;;;;6;;6;;6;;2;15;7;2
1;1;228689;1;1;1;;;13;1;;7;6;5;;1;8;8;6
1;1;238084;1;1;1;;;;6;;11;4;5;;1;8;8;2
1;1;39347;1;2;2;;;;6;;5;;5;4;2;12;8;2
1;1;79079;1;3;2;;;;6;;1;;;;1;2;8;2
1;1;58369;1;3;2;;;;6;1;6;;;;1;4;8;2
1;1;31080;1;1;2;;;;6;;8;3;6;5;2;10;8;2
1;1;35748;1;3;1;;;;6;;7;1;6;;2;7;8;2
1;1;37287;1;2;2;;;;7;2;11;9;1;99;1;13;9;2
1;1;101490;1;1;1;;;;6;;8;1;5;;1;10;8;2
1;1;141180;1;1;1;;;;6;;12;1;5;;1;10;8;7
1;1;139328;1;1;1;;;;6;;5;;5;;1;17;8;2
1;1;174192;1;6;2;;;;6;1;8;;6;;1;5;8;2
1;1;166758;1;1;1;;;;6;;8;5;5;;1;9;8;2
1;1;102208;1;2;2;;;;6;;11;1;5;1;2;11;8;2
1;1;19411;1;2;2;;;;6;;11;6;5;2;1;13;8;2
1;1;231312;1;1;1;;;;6;;5;9;6;;1;13;9;2
1;1;120043;1;1;2;;;;6;;8;6;6;1;1;7;8;2
1;1;162762;2;1;1;;;;6;;5;3;2;;2;10;8;2
1;1;363;1;1;1;;;;6;;5;;1;;2;17;8;2
1;1;35849;1;3;2;;;;6;2;11;;6;;2;6;8;2
1;1;94254;1;1;2;;;;6;;5;6;1;99;1;10;8;2
1;1;9842;1;1;1;;;;6;;10;;5;;1;15;8;2
1;1;45422;1;1;2;;;;6;;8;;5;2;1;13;8;2
1;1;59314;1;3;1;;;;6;;1;;;;2;2;8;2
1;1;137169;1;6;1;;;;6;1;6;;;;2;3;8;2
1;1;85738;1;1;1;;;;6;;7;6;6;;2;10;8;2
1;1;176371;1;3;1;;;;6;1;6;;;;2;4;8;2
1;1;235307;1;2;2;;;;6;;8;6;5;2;1;12;8;2
1;1;171555;1;3;1;;;;6;1;6;;;;2;3;8;2
1;1;83543;1;2;2;;;;6;;11;;5;3;1;16;8;2
1;1;91709;1;1;2;;;;6;;7;;3;3;1;16;8;2
1;1;71398;1;1;1;;;;6;;5;6;5;;2;16;4;2
1;1;127045;1;6;1;;;;6;1;6;;;;2;3;8;2
1;1;125063;1;2;2;;;;6;;11;1;5;3;1;10;8;2
1;1;189188;1;3;1;;;;6;2;8;;6;;1;5;8;2
1;1;166877;1;1;2;;;;6;;11;2;3;99;1;11;8;2
1;1;31547;1;3;1;;;;6;1;11;1;5;;1;7;8;2
1;1;51484;1;1;2;;;;6;;5;1;6;;1;9;8;2
1;1;170659;1;3;1;;;;6;;5;6;5;;2;10;8;2
1;1;210225;1;1;2;;;;7;;11;;4;2;1;18;8;7
1;1;197537;1;1;1;;;;6;;12;2;5;;1;10;8;2
1;1;72818;1;3;1;;;;6;1;6;;;;2;3;8;2
1;1;122377;1;1;1;;;;6;1;8;6;5;;1;14;8;2
1;1;206274;1;6;1;;;;6;1;6;;;;1;3;8;2
1;1;129066;1;2;2;;;;6;;5;6;5;3;1;14;8;2
1;1;205867;1;3;2;;;;6;1;6;;6;99;1;4;9;2
1;1;137182;1;3;1;;;;6;1;6;;;;1;4;8;2
1;1;239692;1;1;1;;;;6;;7;1;3;;2;14;8;2
1;1;21986;1;3;1;;;;6;;8;;6;;1;5;8;2
1;1;121684;1;3;2;;;;6;;11;1;2;;1;6;5;7
1;1;205170;1;1;2;;;;6;;8;;6;1;2;6;8;2
1;1;106670;1;4;1;;;;6;2;11;;6;;2;6;8;2
1;1;122695;1;1;1;;;;1;;5;;5;;2;16;8;2
1;1;32348;1;3;2;;;;6;2;11;;6;;1;6;8;2
1;1;112817;1;3;1;;;;6;;8;;6;;1;13;8;2
1;1;213312;1;2;1;;;;2;;8;1;1;;1;9;8;2
1;1;179365;2;3;1;;;;6;1;6;;6;;1;4;8;2
1;1;223560;1;3;2;;;;6;;1;;;;1;2;8;2
1;1;12009;1;1;1;;;;6;;7;1;6;;1;12;8;2
1;1;223256;1;2;2;;;;6;;6;;5;3;1;14;8;2
1;1;141516;1;3;2;;;;6;2;6;;6;99;1;5;8;2
1;1;163634;1;3;1;;;;6;2;6;;;;1;3;8;2
1;1;163184;1;3;2;;;;6;1;8;;6;;2;5;8;2
1;1;93188;1;3;2;;;;6;2;6;;;;2;3;8;2
1;1;171759;1;3;2;;;;6;;5;1;6;;1;11;8;2
1;1;72851;1;3;1;;;;6;2;8;3;6;;2;7;8;2
1;1;167994;1;1;1;;;;6;;9;1;5;;1;11;8;2
1;1;17438;1;1;1;;;;6;;12;6;5;;1;9;8;7
1;1;183936;1;1;1;;;;6;;5;9;5;;1;9;9;2
1;1;109132;1;6;1;;;;6;;8;3;6;;2;6;8;2
1;1;169531;1;1;1;;;;6;;11;1;5;;1;8;8;2
1;1;144014;1;1;2;;;;6;;7;;5;4;1;10;8;2
1;1;16158;1;3;2;;;;6;1;6;;6;;1;4;8;2
1;1;10532;1;3;2;;;;6;1;8;;6;;2;5;8;2
1;1;221860;1;3;2;;;;6;;12;5;6;;1;9;8;7
1;1;189186;1;2;2;;;;6;;11;1;5;2;1;9;8;7
1;1;206273;1;3;1;;;;6;;6;;6;;2;6;8;2
1;1;45289;1;3;2;;;;6;1;11;;6;1;2;6;8;2
1;1;193264;1;3;2;;;;6;2;8;;6;;1;5;8;2
1;1;8933;1;1;2;;;;7;;5;1;5;3;2;13;8;2
1;1;35864;1;3;1;;;;6;2;6;;;;1;4;8;2
1;1;73128;1;1;2;;;;6;;11;6;5;2;1;14;8;2
1;1;201405;1;1;2;;;;6;;11;2;6;;2;11;8;2
1;1;163283;1;1;2;;;;6;;7;6;6;3;1;10;8;2
1;1;239532;1;1;1;;;;1;;8;;5;;2;9;8;2
1;1;128509;1;9;2;;;;1;;7;;2;2;1;12;8;2
1;1;94538;1;3;1;;;;6;1;6;;;;2;4;8;2
1;1;129307;2;2;2;;;;6;;11;6;1;1;2;10;8;2
1;1;236108;1;5;2;;;;1;;12;2;5;2;2;8;8;2
1;1;224741;1;3;2;;;;6;2;6;;;;1;3;9;2
1;1;181034;1;3;1;;;;6;;11;6;3;;1;9;8;2
1;1;154601;1;1;1;;;;6;;5;6;1;;1;9;8;2
1;1;65416;1;2;2;;;;6;;11;;5;2;2;10;8;2
1;1;16740;1;7;1;;;;6;;1;;4;;2;20;7;2
1;1;71722;1;2;2;;;;7;;5;9;1;99;1;12;9;2
1;1;119569;1;3;2;;;;6;2;8;;6;99;1;5;8;2
1;1;162321;1;3;2;;;;6;1;6;;;;1;4;8;2
1;1;155300;1;2;2;;;;6;2;11;9;5;99;1;11;9;2
1;1;152865;1;3;1;;;;6;;11;1;6;;1;7;8;2
1;1;165545;1;1;2;;;;6;;5;;4;6;1;15;1;2
1;1;157898;1;2;2;;;;6;;11;;1;1;1;7;8;2
1;1;10945;1;3;2;;;;6;;1;;;;1;1;8;
1;1;119776;1;6;2;;;;6;;1;;;;2;2;8;2
1;1;232048;1;1;2;;;;6;;5;;4;99;1;16;9;2
1;1;126842;1;1;1;;;;6;;11;;5;;1;17;1;2
1;1;39047;1;7;2;;;;6;;5;;5;99;1;15;6;2
1;1;210865;1;3;2;;;;6;2;6;;;;1;3;8;2
1;1;174354;1;3;1;;;;6;1;11;;1;;2;7;8;2
1;1;225887;1;1;1;;;;6;;8;6;5;;2;12;8;2
1;1;50712;1;2;2;;;;6;;7;;5;3;2;9;8;2
1;1;98732;1;3;1;;;;6;1;3;;;;1;3;8;2
1;1;170866;1;2;2;;;;6;;11;6;5;2;1;11;8;2
1;1;184704;1;3;2;;;;6;1;8;;6;;2;5;8;2
1;1;179655;1;3;1;;;;6;;10;1;6;;1;8;8;2
1;1;89650;1;2;2;;;;6;;8;1;5;2;2;9;8;2
1;1;150887;1;3;1;;;;6;;11;;6;;1;7;8;7
1;1;179034;1;3;2;;;;6;1;8;;6;99;2;5;8;2
1;1;185164;1;5;1;;;;6;;11;1;1;;1;8;8;2
1;1;178478;1;2;2;;;;1;;1;6;5;99;1;7;8;2
1;1;67631;1;3;1;;;;6;2;6;;;;1;3;9;2
1;1;175858;1;1;1;;;;6;;7;;2;;2;8;6;2
1;1;153109;1;1;2;;;;6;;5;6;3;99;1;13;8;2
1;1;96668;1;3;1;;;;6;;8;9;5;;1;9;9;2
1;1;189679;1;1;1;;;;6;;8;1;3;;1;9;8;2
1;1;91750;1;3;2;;;;6;;8;1;6;99;1;6;8;2
1;1;162193;1;3;1;;;;6;;8;6;6;;2;5;8;2
1;1;105463;1;2;2;;;;7;;5;9;5;99;1;10;9;2
1;1;11769;1;1;2;;;;6;;5;;5;7;2;11;8;2
1;1;198523;1;3;1;;;;6;2;11;;6;;1;6;8;2
1;1;236402;1;2;1;;;;6;;7;6;1;;2;12;8;2
1;1;122610;1;9;2;;;;6;;9;;1;1;2;5;8;2
1;1;193516;1;1;2;;;;6;;8;1;6;1;1;6;8;2
1;1;189119;2;3;1;;;;6;1;6;;;;2;3;8;2
1;1;162216;1;3;2;;;;6;;6;;6;1;1;7;8;2
1;1;90901;1;1;1;;;;6;;7;1;5;;1;10;5;2
1;1;82341;1;6;1;;;;6;2;6;;;;1;4;8;7
1;1;204318;1;3;2;;;;6;1;8;;6;;2;5;8;2
1;1;8959;1;4;2;;;;7;2;10;1;6;;1;5;8;2
1;1;152336;1;3;2;;;;6;2;8;;6;;2;5;8;2
1;1;192917;1;2;1;;;;6;;5;;5;;2;13;1;2
1;1;208087;1;9;1;;;;6;1;6;;;;2;4;8;2
1;1;57266;1;1;1;;;;6;;7;1;5;;1;10;8;2
1;1;168818;1;3;1;;;;6;1;2;;;;2;2;8;2
1;1;82620;1;2;2;;;;6;;1;;5;2;1;17;8;2
1;1;17986;1;3;2;;;;6;;11;;6;;1;6;8;2
1;1;113636;1;1;1;;;;6;;11;;5;;1;18;8;2
1;1;88208;1;3;1;;;;6;2;6;;;;1;3;8;2
1;1;226151;0;12;1;;;;2;1;6;6;1;;2;7;7;2
1;1;50776;1;2;2;;;;6;;11;1;1;2;2;10;8;2
1;1;213302;1;3;2;;;;6;;11;2;2;0;2;9;8;2
1;1;55569;1;1;1;;;;6;;5;;5;;1;15;1;2
1;1;188807;1;1;1;;;;6;;8;1;5;;2;10;8;2
1;1;223127;1;1;1;;;;6;;8;1;6;;1;6;8;2
1;1;197961;1;1;2;;;;6;;7;;2;99;1;18;8;2
1;1;37205;1;1;1;;;;6;;11;6;3;;1;10;8;2
1;1;220504;1;1;1;;;;6;;5;6;5;;1;13;8;2
1;1;8513;1;1;1;;;;6;;5;3;6;;2;9;8;2
1;1;90588;1;3;2;;;;7;2;6;;;;1;3;8;2
1;1;56779;1;9;1;;;;6;;1;;6;;2;7;8;2
1;1;44906;1;3;2;;;;6;1;6;;;;1;3;8;2
1;1;44467;1;10;2;;;;6;1;6;;6;;2;4;8;2
1;1;37437;1;3;2;;;;6;;8;1;6;;2;6;8;2
1;1;136727;1;3;1;;;;6;;11;;6;;1;7;7;2
1;1;113291;1;3;1;;;;6;2;2;;;;1;2;8;2
1;1;229117;1;2;2;;;;6;;12;7;1;1;1;7;8;2
1;1;4807;1;1;1;;;13;1;;11;1;5;;2;9;8;1
1;1;166189;1;3;2;;;;6;;11;5;6;;2;8;8;2
1;1;42582;1;1;2;;;;6;;12;2;2;1;1;10;8;7
1;1;97255;1;3;2;;;13;1;;11;;3;1;1;7;8;6
1;1;190400;1;9;2;;;;6;;8;;5;3;1;15;8;2
1;1;89838;1;1;2;;;;6;;11;2;5;;2;8;8;2
1;1;189464;1;2;2;;;;6;;12;6;5;1;1;8;8;7
1;1;19568;1;5;2;;;;6;;8;1;1;1;1;8;8;2
1;1;65020;1;6;2;;;;6;1;6;;;;2;3;8;2
1;1;31692;1;1;2;;;;6;;5;4;3;3;1;13;8;2
1;1;96262;1;1;2;;;;6;;11;1;6;;1;7;8;2
1;1;106901;1;3;2;;;;6;1;6;;;;1;4;8;2
1;1;50411;2;1;1;;;;6;;5;9;5;;1;12;9;2
1;1;47689;1;1;1;;;;6;1;11;;6;;1;7;9;2
1;1;217726;1;7;1;;;;6;;5;;5;;1;17;7;2
1;1;184178;1;1;1;;;;6;;5;3;5;;2;15;8;2
1;1;5099;1;3;1;;;;6;;5;9;6;;2;10;9;2
1;1;64635;1;1;2;;;;6;;1;3;6;2;2;9;8;2
1;1;136682;1;3;1;;;;6;2;6;;;;1;3;8;2
1;1;130825;1;1;1;;;;6;1;11;9;5;;1;12;9;2
1;1;73010;1;1;2;;;;6;;5;6;5;2;1;12;8;2
1;1;89008;1;9;1;;;;6;;9;6;6;;1;9;8;2
1;1;169841;1;1;1;;;;6;;7;1;5;;2;11;8;2
1;1;129287;1;1;2;;;;6;;8;;5;2;2;9;8;2
1;1;16155;1;2;2;;;;6;;5;;5;4;2;13;8;2
1;1;119503;1;3;1;;;;6;1;6;;;;2;3;8;2
1;1;29526;1;5;1;;;;6;;5;1;5;;2;11;8;2
1;1;115871;1;2;2;;;;6;;7;;5;3;2;9;8;2
1;1;102148;1;3;2;;;;6;1;6;;;;2;3;8;2
1;1;171112;1;3;2;;;;6;1;2;;;;2;2;8;2
1;1;28982;1;3;1;;;;6;1;6;;;;2;3;8;2
1;1;236658;1;1;2;;;;6;;7;6;3;2;2;11;1;2
1;1;117226;1;10;1;;;;6;;8;1;6;;1;7;8;2
1;1;44001;1;3;1;;;;6;1;6;;6;;1;4;8;2
1;1;3953;1;1;1;;;;6;;12;1;5;;1;8;8;7
1;1;2007;1;3;2;;;;6;1;8;;6;;1;5;8;2
1;1;137250;1;3;1;;;;6;1;8;;6;;2;5;8;2
1;1;68102;1;2;2;;;;6;;11;;5;5;2;16;8;2
1;1;194362;1;3;2;;;;6;1;8;;6;;1;5;8;2
1;1;164242;1;2;2;;;;6;;1;;5;4;2;20;1;2
1;1;23398;1;3;1;;;;6;;5;1;6;;2;8;8;2
1;1;126476;1;6;1;;;;6;1;6;;;;1;4;8;2
1;1;36221;1;3;2;;;;6;;11;6;6;;1;7;8;2
1;1;138329;1;2;1;;;;6;;8;1;1;;1;10;8;2
1;1;234233;1;1;2;;;;6;;8;6;6;2;2;9;8;2
1;1;234159;1;2;1;;;;6;;11;1;5;;1;8;8;7
1;1;225643;1;3;1;;;;6;1;6;;;;1;3;8;2
1;1;48387;1;3;1;;;;6;1;6;;6;;1;4;8;2
1;1;181046;1;3;2;;;;6;2;11;9;5;99;1;8;9;2
1;1;216740;1;10;2;;;;6;;11;4;6;2;1;12;8;2
1;1;89367;1;2;1;;;;6;;7;1;5;;1;11;8;2
1;1;2370;1;3;1;;;;6;1;11;;6;;1;6;8;7
1;1;62789;1;1;2;;;;6;;7;4;6;1;1;13;8;2
1;1;79075;1;3;2;;;;6;1;3;;;;1;2;8;2
1;1;235463;1;3;1;;;;6;3;6;;;;1;3;8;2
1;1;133296;1;6;1;;;;6;;1;;;;2;1;8;
1;1;228792;1;3;1;;;;5;;8;1;6;;2;7;8;2
1;1;182497;1;6;2;;;;6;1;3;;;;1;2;8;2
1;1;206183;1;1;1;;;;6;;11;2;5;;1;8;8;2
1;1;212586;1;2;2;;;;6;;8;6;5;2;1;11;8;2
1;1;137092;1;3;1;;;;6;;8;1;6;;2;7;5;2
1;1;211861;1;3;1;;;;6;2;11;;6;;1;6;8;2
1;1;229473;1;3;2;;;;6;1;6;;;;2;3;8;2
1;1;114346;1;3;2;;;;6;1;3;;;;2;2;8;2
1;1;230227;1;1;1;;;;6;;7;1;5;;1;15;8;2
1;1;39901;1;3;2;;;;6;;8;1;6;2;2;7;8;2
1;1;159505;1;3;1;;;;7;;11;1;6;;1;8;8;2
1;1;189851;1;1;1;;;;6;;8;1;1;;2;8;8;2
1;1;107284;1;3;2;;;;6;1;6;;;;2;3;8;2
1;1;184919;1;2;2;;;;6;;12;2;5;1;2;10;8;2
1;1;163523;1;1;1;;;;6;;6;;5;;1;19;7;2
1;1;166888;1;3;1;;;;6;;8;1;6;;1;6;8;2
1;1;170206;1;1;1;;;;7;;13;;3;;1;16;8;7
1;1;227284;1;1;2;;;;6;;11;6;2;3;1;11;8;2
1;1;237310;1;9;2;;;;6;;5;;6;;2;7;8;2
1;1;55762;1;3;2;;;;6;1;6;;6;;1;4;8;2
1;1;4148;1;2;2;;;;6;;5;3;5;2;2;12;8;2
1;1;188583;2;3;2;;;;6;1;6;;;;1;4;8;2
1;1;114324;1;1;2;;;;6;;7;;6;2;2;7;8;2
1;1;132463;1;3;1;;;;6;;1;;;;1;2;8;2
1;1;162850;1;3;1;;;;6;1;8;;6;;2;5;8;2
1;1;62948;1;3;2;;;;6;;1;;;;2;2;8;2
1;1;110535;2;9;2;;;;6;;1;;;;2;2;8;2
1;1;127392;1;2;2;4;;;6;;10;6;5;;1;10;8;9
1;1;25486;1;1;1;;;;6;;1;3;5;;2;18;8;2
1;1;69030;1;3;1;;;;6;1;6;;6;;2;4;8;2
1;1;66850;1;2;2;;;;6;;6;;1;2;2;7;8;2
1;1;25953;1;6;2;;;;6;1;6;;6;;2;4;8;2
1;1;120960;1;3;1;;;;6;2;6;;;;1;3;8;2
1;1;174243;1;1;2;;;;6;;8;4;6;2;1;8;8;2
1;1;220356;1;1;1;;;;6;;5;1;1;;2;13;8;2
1;1;212588;1;1;1;;;;6;;12;6;5;;2;10;8;2
1;1;188212;1;1;1;;;;6;;12;;5;;1;17;7;2
1;1;195783;1;7;1;4;;;6;;5;;5;;2;15;8;4
1;1;216014;1;2;2;;;;6;;5;;5;9;2;17;8;2
1;1;113016;1;9;2;;;;6;;8;;6;99;1;6;8;2
1;1;93644;1;7;1;;;;6;;1;3;5;;2;19;8;2
1;1;88318;1;2;2;;;;6;;5;;5;3;2;12;8;2
1;1;180454;1;1;1;;;;6;;12;2;5;;1;9;8;2
1;1;206203;0;12;2;;;2;1;3;8;;6;;1;5;8;6
1;1;214817;1;3;1;;;;6;1;6;;;;2;3;5;2
1;1;80626;1;2;2;;;;6;;8;;1;2;1;7;8;2
1;1;45582;1;9;1;;;;6;2;11;;6;;2;5;8;2
1;1;237522;1;10;1;;;;6;;11;6;3;;2;14;8;2
1;1;82340;1;1;1;;;;6;;8;2;5;;2;10;8;2
1;1;110424;1;7;2;;;;6;;5;;3;1;2;14;8;2
1;1;3284;1;1;1;;;;6;;8;1;5;;2;8;8;2
1;1;238184;1;1;1;;;;6;;11;1;5;;1;8;8;2
1;1;128568;1;1;1;;;;6;;5;3;1;;1;8;8;2
1;1;205112;1;1;1;;;;6;;5;1;4;;2;17;8;2
1;1;124185;1;1;2;;;;6;;1;6;6;1;1;11;8;2
1;1;35798;1;1;2;;;;6;;8;1;3;2;1;8;8;2
1;1;208151;1;1;1;;;;6;;7;1;5;;1;12;8;7
1;1;226151;0;12;1;;;;3;;8;6;6;;2;11;8;2
1;1;24962;1;3;1;;;;6;;8;1;6;;2;6;8;2
1;1;47475;1;3;1;;;;6;;8;3;6;;2;7;8;2
1;1;23800;1;3;2;;;;6;;11;6;6;;2;6;8;2
1;1;189263;1;2;2;;;;6;;7;;1;3;1;10;8;2
1;1;114243;1;1;2;;;;6;;8;;5;2;2;7;8;2
1;1;187461;1;1;2;;;;6;;8;6;6;2;1;7;8;2
1;1;77083;1;1;2;;;;6;;11;;4;2;1;14;8;2
1;1;74636;1;3;1;;;;6;1;6;;;;2;3;8;2
1;1;121057;1;3;2;;;;6;1;8;;6;;2;5;8;2
1;1;89577;1;1;1;;;;6;;12;6;5;;1;9;8;2
1;1;155105;1;1;2;;;;6;;7;;4;99;1;15;8;2
1;1;125078;1;3;1;;;;6;;8;;6;;2;6;9;2
1;1;84868;1;3;1;;;;6;1;6;;6;;1;4;8;2
1;1;234937;1;9;1;;;;6;;5;;5;;2;11;6;2
1;1;213882;1;3;1;;;;6;1;8;;6;;2;5;8;2
1;1;240109;1;1;2;;;;6;3;11;2;3;99;2;12;9;2
1;1;69036;1;3;2;;;;6;;5;9;6;99;1;10;9;2
1;1;194176;1;2;2;;;;6;;8;6;5;2;1;13;8;2
1;1;106671;1;3;1;;;;6;;1;;;;1;2;8;2
1;1;226518;1;1;1;;;;6;;11;2;5;;2;11;8;2
1;1;187566;1;3;2;;;;6;;5;6;6;;2;8;8;2
1;1;212674;1;2;2;;;;6;;6;;5;3;2;9;8;2
1;1;29704;1;1;1;;;;6;;8;1;6;;1;7;8;7
1;1;220386;1;1;1;;;;6;;8;9;5;;1;9;9;2
1;1;35924;1;1;1;;;;6;;8;1;5;;1;10;8;2
1;1;190776;1;2;2;;;;6;;5;;5;3;2;16;8;2
1;1;189208;1;6;1;;;;6;2;11;;6;;1;6;8;2
1;1;16220;1;1;1;;;;6;;8;6;5;;1;15;8;2
1;1;84520;1;2;2;;;;6;;11;;5;3;1;14;8;2
1;1;151620;1;1;2;;;;6;1;11;9;4;99;2;10;9;2
1;1;171753;1;1;2;;;;1;;8;;5;1;2;6;8;2
1;1;213657;1;3;1;;;;6;2;11;;6;;2;5;8;2
1;1;78964;1;3;2;;;;6;1;6;;6;;2;4;8;2
1;1;83479;1;5;2;;;;6;2;11;9;1;99;1;10;9;2
1;1;97187;1;2;2;;;;6;;5;;5;8;2;13;8;2
1;1;188684;1;2;2;;;;6;;6;;1;1;2;14;8;2
1;1;146478;1;3;2;;;;6;;8;9;6;99;1;5;9;2
1;1;139393;1;9;2;;;;5;2;11;;6;;1;5;8;2
1;1;126948;1;9;1;;;;6;1;2;;;;1;2;8;2
1;1;53526;1;1;2;;;;6;;11;6;3;5;1;12;8;2
1;1;58512;1;7;1;;;;6;;5;;5;;1;14;7;2
1;1;52615;1;3;2;;;;6;1;11;;3;;1;7;8;2
1;1;39855;1;3;2;;;;6;1;6;;6;;1;4;8;2
1;1;83550;1;2;2;;;;6;;5;;5;3;1;13;8;2
1;1;234535;1;3;2;;;;6;1;11;;6;;1;7;6;2
1;1;218841;1;9;1;;;;6;;5;;4;;1;17;9;2
1;1;139649;1;3;2;;;;6;;8;1;6;1;2;7;8;2
1;1;180580;1;9;1;;;;6;;8;;6;;1;6;9;2
1;1;176150;1;3;1;;;;6;1;6;;6;;2;5;8;2
1;1;208700;1;3;1;;;;6;1;8;;6;;1;5;8;2
1;1;229772;1;1;1;;;;6;;11;6;5;;2;11;8;2
1;1;159078;1;2;2;;;;6;;6;;6;99;2;6;8;2
1;1;114648;1;1;1;;;;6;;8;1;1;;1;8;8;2
1;1;165400;1;3;2;;;;6;;11;1;6;;1;8;8;2
1;1;194527;1;9;1;;;;7;;8;1;6;;1;6;8;7
1;1;75665;1;2;2;;;;6;;8;6;5;3;2;13;8;2
1;1;157103;1;6;2;;;;6;;1;;;;2;2;8;2
1;1;64433;1;1;1;;;;6;;8;1;5;;2;8;8;2
1;1;199954;1;2;2;;;;6;;8;;5;3;1;11;8;2
1;1;30452;1;5;1;;;;6;;11;1;5;;1;10;8;2
1;1;127103;1;1;1;;;;6;;5;6;3;;1;12;8;2
1;1;184803;1;1;2;;;;6;1;6;4;1;3;1;10;8;2
1;1;205940;1;1;1;;;;6;;11;1;5;;1;13;8;2
1;1;213479;1;2;2;;;;6;;7;;5;99;2;19;6;2
1;1;4772;1;1;1;;;;6;;8;1;5;;1;7;8;2
1;1;205160;1;1;1;;;;6;;7;;5;;1;15;8;2
1;1;211904;1;1;1;;;;7;;11;6;5;;2;11;8;2
1;1;239719;1;3;1;;;;6;;8;;6;;1;6;8;2
1;1;29210;1;2;2;;;;6;;7;;5;99;1;11;8;2
1;1;229037;1;2;2;;;;6;;11;1;5;;1;10;8;2
1;1;35718;1;10;2;;;;6;2;11;;6;99;1;7;9;2
1;1;210914;1;3;1;;;;6;;11;6;6;;1;8;8;2
1;1;65164;1;3;2;;;;6;1;2;;;;1;2;8;2
1;1;2880;1;1;1;;;;7;;11;2;5;;2;11;8;2
1;1;66891;1;1;1;;;;6;;10;6;5;;2;14;8;2
1;1;116504;1;3;2;;;;6;1;6;;;;1;3;8;2
1;1;127532;1;1;1;;;;6;;8;1;1;;2;8;8;2
1;1;182357;1;3;1;;;;6;2;8;;6;;1;5;8;7
1;1;165594;1;9;1;;;;6;1;11;6;6;;2;8;8;7
1;1;227131;1;2;2;;;;6;;7;1;5;2;1;12;8;2
1;1;229445;1;3;2;;;;6;1;6;;;;2;2;8;2
1;1;159274;1;1;2;;;;6;;5;;4;4;1;10;8;2
1;1;108671;1;2;2;;;;6;;5;6;5;3;1;8;8;2
1;1;164806;1;4;1;;;;6;;8;1;6;;1;6;8;2
1;1;181766;1;3;2;;;;6;;8;8;5;2;1;7;5;2
1;1;133545;0;12;2;;;;6;;1;;6;;1;13;6;2
1;1;186930;1;2;2;;;;6;;5;;5;1;1;12;8;2
1;1;185437;1;2;2;;;;6;;5;6;5;3;1;13;8;2
1;1;201171;1;1;1;;;;6;1;11;9;5;;2;10;9;2
1;1;209163;1;3;1;;;;6;;8;;6;;2;8;8;2
1;1;93483;1;3;1;;;;6;1;6;;;;2;4;8;2
1;1;230611;1;3;2;;;;6;1;3;;;;2;2;8;2
1;1;40700;1;3;2;;;;6;1;6;;6;99;1;4;9;2
1;1;57112;1;3;2;;;;6;1;6;;;;1;3;8;2
1;1;72082;1;3;1;;;;6;;1;;;;1;2;8;2
1;1;97917;1;6;2;;;;6;;1;;;;2;2;8;2
1;1;17238;1;1;1;;;;6;;5;6;5;;1;16;8;2
1;1;100475;1;3;2;;;;6;2;11;;6;;2;6;8;2
1;1;238512;1;2;2;;;;6;;5;6;5;3;2;10;8;2
1;1;50677;2;3;1;;;;6;;1;;;;1;1;8;
1;1;27980;1;3;2;;;;6;;8;;6;99;1;6;9;2
1;1;211971;1;3;1;;;;6;2;6;;;;1;3;8;2
1;1;234381;1;3;1;;;;6;2;11;8;6;;1;6;8;2
1;1;171811;1;3;2;;;;6;;8;1;6;;1;6;8;2
1;1;60926;1;1;1;;;;6;;5;1;5;;1;14;8;2
1;1;38278;1;3;2;;;;6;1;6;;;;1;3;8;2
1;1;11300;1;3;1;;;;6;;11;1;6;;1;9;8;7
1;1;107265;1;3;2;;;;6;;5;6;6;;2;11;8;2
1;1;216950;1;1;2;;;;6;;5;;4;9;1;18;8;2
1;1;125110;1;1;1;;;;6;1;6;;6;;1;4;9;2
1;1;176545;1;4;2;;;;6;1;6;;;;2;3;8;2
1;1;22711;1;3;1;;;;6;;1;;;;1;2;8;2
1;1;236406;1;9;1;;;;6;;11;;6;;1;7;8;7
1;1;198626;1;1;1;;;;7;;10;1;5;;1;12;8;2
1;1;131358;1;3;2;;;;6;1;3;;;;1;2;8;2
1;1;29026;1;3;1;;;;6;1;8;;6;;2;6;8;2
1;1;50144;1;7;2;;;;6;;5;4;6;5;2;10;8;2
1;1;63491;1;2;1;;;;6;;8;1;5;;1;13;8;2
1;1;238987;1;1;1;;;;6;;5;6;1;;2;15;8;2
1;1;236129;1;1;1;;;;6;;8;1;5;;1;9;8;2
1;1;90177;1;1;1;;;;6;;11;1;6;;1;8;8;2
1;1;16882;1;2;2;;;;6;;7;1;1;3;2;10;8;2
1;1;120589;1;3;1;;;;4;;8;9;6;;1;6;9;2
1;1;22856;1;1;2;;;;1;;5;;1;4;1;8;8;2
1;1;67503;1;3;1;;;;6;;1;;;;2;1;8;
1;1;150249;1;3;2;;;;6;1;8;;6;;2;4;8;2
1;1;164217;1;1;1;;;;6;;10;;5;;1;16;8;2
1;1;122743;1;3;2;;;;6;;8;1;6;;2;7;8;2
1;1;166856;1;3;2;;;;6;;8;1;6;;1;6;8;2
1;1;113511;1;9;1;;;;6;2;11;;6;;1;7;8;3
1;1;224167;1;1;1;;;;6;;5;3;6;;2;12;1;2
1;1;236017;1;3;2;;;;6;1;6;;;;1;3;8;2
1;1;10771;1;1;1;;;;6;;12;1;1;;1;10;8;2
1;1;49096;1;1;2;;;;6;;8;1;3;2;1;13;8;2
1;1;74275;1;4;2;;;;6;;11;6;5;1;1;12;8;2
1;1;165458;1;3;1;;;;6;2;2;;;;1;2;8;2
1;1;98809;1;1;1;;;;6;;5;1;5;;1;12;8;2
1;1;231676;1;3;2;;;;6;1;8;;6;99;2;5;9;2
1;1;151137;1;1;1;;;;6;;11;6;5;;1;13;8;2
1;1;72529;1;3;1;;;;6;1;6;;;;1;4;8;2
1;1;35904;1;3;2;;;;6;;1;;;;2;2;8;2
1;1;15632;1;1;1;;;;7;;13;;3;;1;14;8;2
1;1;147083;1;2;2;;;;6;;7;;5;5;1;17;7;2
1;1;223301;1;3;2;;;;6;;8;6;6;;2;6;8;2
1;1;8656;1;2;1;;;;6;;11;6;1;;1;9;8;7
1;1;138003;1;3;1;;;;6;1;11;;6;;1;6;8;2
1;1;62513;1;1;1;;;;6;;8;1;6;;2;8;8;2
1;1;186784;1;2;2;;;;6;;8;;5;2;2;7;8;2
1;1;236502;1;3;2;;;;6;;1;;;;2;1;8;
1;1;238443;1;1;2;;;;6;;5;;4;8;1;21;8;2
1;1;111052;1;3;1;;;;6;1;11;1;6;;1;9;8;2
1;1;214776;1;1;1;;;;6;;7;5;1;;1;12;8;2
1;1;126392;1;2;2;;;;6;;7;;5;3;1;13;8;2
1;1;167698;1;1;1;;;;6;;10;1;6;;1;11;8;2
1;1;80165;1;1;1;;;;6;;7;;5;;1;11;8;2
1;1;158864;1;1;1;;;;6;2;11;;6;;1;6;5;2
1;1;180309;1;1;1;;;;6;;8;1;5;;2;10;8;2
1;1;153944;1;1;1;;;;6;;5;;5;;2;15;8;2
1;1;85508;1;1;2;;;;6;;1;;1;3;2;15;8;2
1;1;50442;1;1;2;;;;6;;5;6;3;4;2;11;8;2
1;1;70744;1;3;1;;;;6;;8;1;6;;2;6;8;2
1;1;128473;1;5;2;;;;6;;8;6;1;1;1;5;8;2
1;1;224772;1;2;2;;;;6;;5;9;5;99;1;15;9;2
1;1;134499;1;3;1;;;;6;1;6;;;;2;3;8;2
1;1;219340;1;3;2;;;;6;1;6;;6;;2;5;8;2
1;1;61953;1;3;1;;;;6;1;6;;;;2;4;8;2
1;1;87877;1;1;1;;;;2;;6;;6;;1;6;8;2
1;1;4747;1;3;1;;;;6;;1;;6;;1;6;7;2
1;1;109461;1;1;1;;;;6;1;11;;5;;1;10;9;2
1;1;137144;1;1;1;;;;6;2;11;9;6;;1;11;9;2
1;1;192135;1;5;2;;;;6;;8;;6;;2;5;8;2
1;1;116299;1;3;2;;;;6;;8;4;6;1;1;6;8;2
1;1;235370;1;1;1;;;;6;;5;9;4;;1;15;9;2
1;1;39542;1;1;1;;;;6;;7;5;6;;1;8;8;2
1;1;53437;1;1;1;;;;6;;11;1;6;;1;8;8;2
1;1;232559;1;3;2;;;;6;;1;;;;1;2;8;2
1;1;84225;1;2;1;;;;6;;7;1;5;;1;12;8;2
1;1;32326;1;1;1;;;;6;;11;6;5;;1;13;8;2
1;1;216270;1;6;1;;;;6;;1;;;;1;1;8;
1;1;1586;1;2;2;;;;6;;12;2;5;1;1;11;8;2
1;1;108174;1;1;2;;;;6;;5;6;1;;1;12;8;2
1;1;195673;1;9;2;;;;6;;8;;5;2;1;10;8;2
1;1;32501;1;3;1;;;;6;1;6;;;;2;3;8;2
1;1;52296;1;3;2;;;;6;2;11;;6;;2;6;8;2
1;1;142523;2;1;2;;;;6;;7;;1;;1;9;8;2
1;1;113170;1;3;2;;;;6;;8;;6;1;1;5;8;2
1;1;137129;1;3;1;;;;6;2;6;;6;;1;4;8;2
1;1;29251;1;2;2;;;;6;;11;1;5;2;2;7;8;2
1;1;4015;1;3;2;;;;6;;8;;6;99;1;6;9;2
1;1;218637;1;1;1;;;13;6;;5;;5;;2;14;7;6
1;1;25823;1;1;1;;;;6;;8;1;6;;1;8;8;2
1;1;147759;1;1;1;;;;6;;5;1;5;;1;13;8;2
1;1;188346;1;1;2;;;;6;;5;1;6;;1;12;8;2
1;1;98015;1;5;1;;;;6;;8;1;1;;1;7;8;2
1;1;7052;1;1;2;;;;6;;5;;6;2;2;15;8;2
1;1;132380;1;3;1;;;;6;;8;;6;;2;7;8;2
1;1;218399;1;1;1;;;;6;;5;6;1;;1;8;8;2
1;1;2367;1;2;2;;;;6;;8;6;5;3;2;13;8;2
1;1;200402;1;1;2;;;;6;;6;4;6;2;2;13;8;2
1;1;234007;1;1;1;;;13;6;;7;;5;;2;16;8;6
1;1;38464;1;3;1;;;;6;;8;6;6;;2;6;8;2
1;1;222260;1;7;2;;;;6;;6;;3;3;2;16;5;2
1;1;73536;1;2;2;;;;6;;7;1;1;2;1;14;8;2
1;1;200100;1;1;2;;;;6;;5;;5;2;1;11;8;2
1;1;3231;1;1;1;;;;6;;8;1;5;;2;9;8;2
1;1;122237;1;9;1;;;;6;;7;3;6;;1;8;8;2
1;1;142160;1;8;2;;;;6;;8;1;3;3;1;12;8;2
1;1;96933;1;3;1;;;;6;1;6;;6;;2;4;8;2
1;1;79076;1;2;2;;;;6;;5;;5;9;2;18;8;2
1;1;31679;1;3;2;;;;1;1;6;;;;2;3;8;2
1;1;4490;1;6;2;;;;6;1;8;;6;;2;5;8;2
1;1;92519;2;1;1;;;;6;;8;1;1;;1;6;8;2
1;1;185318;1;3;2;;;;6;2;6;;;;2;3;9;2
1;1;228513;1;3;2;;;;1;1;6;;;;2;3;8;2
1;1;23620;1;2;2;;;;6;;11;1;5;2;1;11;8;2
1;1;166682;1;1;2;;;;6;;8;1;3;99;1;10;8;2
1;1;142351;1;6;2;;;;6;1;3;;;;1;2;8;2
1;1;28429;2;3;2;;;;6;3;3;;;;1;2;8;2
1;1;106847;1;3;1;;;;6;;11;1;6;;2;8;8;2
1;1;12223;1;2;2;;;;6;;11;5;5;3;1;12;8;2
1;1;219276;1;3;1;;;;6;1;11;;6;;1;5;8;2
1;1;68159;1;10;1;;;;6;;5;6;3;;2;13;8;2
1;1;148525;1;1;2;;;;6;;5;5;2;99;1;8;8;2
1;1;104556;1;3;2;;;;6;1;8;;6;;2;5;8;2
1;1;39405;1;1;1;;;;6;1;6;;6;;2;4;8;2
1;1;4835;1;3;2;;5;;6;4;2;;;;1;2;8;5
1;1;36978;1;1;2;;;;6;;5;1;5;2;2;9;8;2
1;1;19282;1;2;2;;;;6;;5;;5;2;2;14;8;2
1;1;4908;1;9;1;;;;6;;8;1;6;;1;7;8;2
1;1;155143;1;1;1;;;;6;;13;1;5;;1;11;8;2
1;1;63157;1;3;1;;;;6;2;11;1;6;;2;6;8;2
1;1;206760;1;3;2;;;;6;2;6;;6;99;1;4;8;2
1;1;113889;1;6;1;;;;6;3;6;;;;1;3;8;2
1;1;149626;1;3;1;;;;6;1;6;;;;1;4;6;2
1;1;90182;1;2;2;;;;6;;7;;5;6;1;15;8;2
1;1;137987;1;2;2;;;;6;;11;;5;4;1;14;8;2
1;1;194240;1;6;1;;;;6;1;8;;6;;1;5;8;2
1;1;57077;1;1;1;;;;6;;5;;5;;2;11;8;2
1;1;173025;1;1;2;;;;6;;5;6;6;1;2;10;8;2
1;1;224705;1;2;2;;;;6;;11;4;1;1;1;8;8;2
1;1;121167;1;3;2;;;;6;1;11;;6;;1;5;8;7
1;1;177811;1;3;1;;;;7;2;6;;;;1;4;8;2
1;1;180208;1;3;1;;;;6;;11;;6;;1;8;7;2
1;1;157623;1;3;2;;;;6;;8;;1;;2;7;8;2
1;1;93366;1;1;2;;;;6;;5;4;2;3;2;10;8;2
1;1;74961;1;3;1;;;;6;2;8;;6;;1;5;8;2
1;1;125969;1;3;1;;;;6;;8;1;6;;2;6;8;2
1;1;78652;1;3;1;;;;6;;7;1;6;;2;10;8;2
1;1;65356;1;3;1;;;;6;2;8;;6;;2;5;8;2
1;1;157967;1;3;1;;;;6;;6;;6;;1;5;9;2
1;1;54243;1;2;2;;;13;6;;5;6;2;99;2;14;8;6
1;1;119890;1;3;1;;;;6;;10;1;3;;1;12;8;2
1;1;237223;1;3;2;;;;6;1;8;;6;;2;4;8;2
1;1;122056;1;1;1;;;;6;;12;6;1;;1;8;8;2
1;1;37732;1;3;1;;;;6;1;6;;;;2;4;8;2
1;1;169943;1;1;1;;;;6;;1;;5;;2;17;8;2
1;1;222218;1;3;2;;;;6;;11;;6;;1;7;8;7
1;1;110788;1;7;2;;;;6;;1;;4;99;1;20;1;2
1;1;198919;1;3;1;;;;6;1;6;;6;;2;4;8;2
1;1;166006;1;1;1;;;;6;;5;1;5;;1;17;8;2
1;1;209981;1;3;1;;;;7;1;6;;;;2;3;8;2
1;1;74985;1;3;1;;;;6;1;8;;6;;2;5;8;2
1;1;112153;1;1;1;;;;6;;11;1;5;;2;9;8;2
1;1;146809;1;1;1;;;;6;;8;6;5;;1;12;8;2
1;1;173552;1;3;2;;;;6;;11;2;6;1;2;7;8;2
1;1;24435;1;2;2;;;;6;;8;;1;1;2;6;8;2
1;1;186863;1;3;2;;;;6;3;6;;;;2;4;8;2
1;1;96833;1;2;2;;;;6;;5;1;5;3;1;10;8;2
1;1;116926;1;3;2;;;;6;2;6;;;;1;3;8;2
1;1;187080;1;1;2;;;;6;;1;;4;6;2;18;6;2
1;1;174233;1;9;2;;;;6;1;11;;6;99;1;6;8;2
1;1;123851;1;6;1;;;;6;1;6;;;;2;3;8;2
1;1;135817;1;2;2;;;;6;1;11;;1;99;1;8;9;2
1;1;77012;1;10;2;;;;6;3;11;;6;99;1;6;9;2
1;1;87618;1;1;1;;;13;1;;6;6;5;;2;11;8;6
1;1;57597;1;3;2;;;;6;1;6;;;;2;3;8;2
1;1;216265;1;1;2;;;;7;;8;;5;0;1;9;8;2
1;1;222388;1;3;2;;;;6;;11;1;6;;1;7;8;2
1;1;19436;1;9;2;;;;6;1;8;;6;;1;5;8;2
1;1;134066;1;2;1;;;;6;;5;;5;;2;18;8;2
1;1;155116;1;9;1;;;;6;1;11;;6;;1;6;8;2
1;1;16368;1;3;2;;;;6;2;11;;6;;1;6;8;2
1;1;196100;1;1;2;;;;6;;8;5;1;2;1;12;8;2
1;1;31440;1;2;2;;;;6;;11;6;5;3;2;12;8;2
1;1;112311;1;1;1;;;;6;;11;1;5;;2;9;8;2
1;1;109517;1;3;2;;;;6;2;3;;;;1;2;8;2
1;1;195425;1;3;2;;;;6;1;6;;6;;2;4;8;2
1;1;229116;1;2;2;;;;7;;11;1;1;2;1;11;8;2
1;1;209558;1;3;2;;;;6;2;11;;6;;2;6;8;2
1;1;31690;1;6;2;;;;6;3;6;;6;;1;4;8;2
1;1;234454;1;1;2;;;;6;;1;;5;99;1;9;8;2
1;1;114398;1;3;2;;;;6;;11;1;6;;1;8;8;2
1;1;10867;2;3;1;;5;;6;;1;;;;1;2;8;5
1;1;209575;1;3;1;;;;6;2;10;;6;;1;7;6;2
1;1;150118;1;3;1;;;;6;1;8;;6;;2;5;8;2
1;1;184385;1;2;2;;;;6;;12;1;5;2;1;10;8;2
1;1;191118;1;1;1;;;;6;;1;3;5;;2;13;6;2
1;1;96545;1;3;2;;;;6;1;6;;;;2;4;8;2
1;1;120962;1;1;1;;;;7;;11;1;5;;2;10;8;7
1;1;88247;1;9;2;;;;6;;8;1;6;;2;8;8;2
1;1;17908;1;1;1;;;;6;;7;6;5;;1;13;8;2
1;1;150226;1;3;1;;;;6;;1;;;;2;2;8;2
1;1;122746;1;3;2;;;;6;1;6;;;;1;3;6;2
1;1;39737;1;1;2;;;;7;;11;;3;3;1;15;8;2
1;1;164237;1;3;1;;;;6;;1;;;;1;2;8;2
1;1;165712;1;2;2;;;;6;;6;;1;1;2;8;8;2
1;1;135411;1;3;2;;;;6;;11;1;6;;1;6;8;2
1;1;222844;1;3;1;;;;6;;11;1;6;;1;13;8;2
1;1;104140;1;3;2;;;;6;;6;;;;2;3;8;2
1;1;238934;1;3;2;;;;6;2;6;;;;1;3;8;2
1;1;52364;1;2;2;;;;6;;8;;6;;1;6;8;2
1;1;213192;1;1;2;;;;6;;11;2;5;3;1;13;8;2
1;1;163813;1;2;2;;;;7;;11;1;5;3;1;14;8;2
1;1;204879;1;3;2;;;;6;2;6;;;;1;4;8;2
1;1;74525;1;9;1;;;;6;;12;1;6;;1;10;8;7
1;1;83850;1;3;1;;;;6;;11;6;5;;1;7;8;2
1;1;186633;1;3;1;;;;6;;1;;;;1;2;8;2
1;1;44758;1;3;2;;;;6;1;3;;;;2;2;8;2
1;1;206414;1;1;1;;;;6;;8;1;5;;1;9;8;2
1;1;12052;1;3;2;;;;6;2;11;1;5;2;2;7;8;2
1;1;181024;1;2;2;;;;6;;5;;5;4;1;16;8;7
1;1;158877;1;2;2;;;;6;;11;1;1;;2;7;8;2
1;1;16314;1;4;1;;;;6;1;6;;;;1;3;8;2
1;1;50232;1;1;2;;;;6;1;11;;1;99;1;7;9;2
1;1;132163;1;3;2;;;;6;2;8;;6;;1;5;8;7
1;1;55876;1;2;2;;;;6;;5;1;5;2;2;8;8;2
1;1;7482;1;2;2;;;;6;;8;6;5;2;2;10;8;2
1;1;212502;1;3;2;;;;6;2;11;;6;;2;6;8;2
1;1;111616;1;1;1;;;;6;;6;1;1;;1;10;8;2
1;1;111952;1;1;1;;;;6;;12;1;5;;1;12;8;2
1;1;19076;1;3;2;;;;6;2;6;;6;;2;4;8;2
1;1;201367;1;2;1;;;;6;;11;2;5;;1;11;8;2
1;1;152855;0;12;2;;;;6;;12;6;6;;1;16;8;2
1;1;172597;1;1;2;;;;6;1;11;;1;99;1;10;9;2
1;1;157878;1;4;2;;;;6;1;6;;6;;2;4;8;2
1;1;52167;1;3;1;;;;6;;11;7;6;;1;7;8;7
1;1;624;1;3;2;;;;6;1;11;6;6;1;2;7;8;2
1;1;181216;1;9;1;;;;6;;8;1;1;;1;6;8;2
1;1;32069;1;2;2;;;;6;;8;6;5;4;2;11;8;2
1;1;178062;1;1;1;;;;6;;11;6;1;;1;11;8;2
1;1;148956;1;2;2;;;;6;;12;2;5;2;1;10;8;2
1;1;107820;1;3;1;;;;6;1;6;;;;2;3;8;2
1;1;137859;1;3;1;;;;6;1;6;;6;;2;4;8;2
1;1;81910;1;2;1;;;;5;;1;9;2;;1;8;8;2
1;1;47426;1;9;1;;;;6;;5;;4;;2;19;7;2
1;1;215256;1;3;1;;;;6;;5;;6;;2;13;8;2
1;1;1968;1;3;1;;;;6;1;11;;6;;2;6;7;2
1;1;164603;2;3;2;;;;6;;1;;;;2;2;8;2
1;1;114942;1;1;2;;;;6;2;11;9;1;99;2;12;9;2
1;1;189956;1;6;1;;;;7;2;6;;6;;1;4;8;7
1;1;17259;1;1;1;;;;6;;7;1;1;;1;13;8;2
1;1;99717;1;2;1;;;;6;;8;1;5;;1;8;8;2
1;1;171433;1;3;2;;;;6;3;6;;6;;1;4;8;2
1;1;110664;1;3;2;;;;6;;6;;6;99;1;5;9;2
1;1;77753;1;3;1;;;;6;1;11;;6;;1;7;8;2
1;1;57359;1;3;2;;;;6;1;8;;6;99;2;4;8;2
1;1;94858;1;2;2;;;;6;;5;;5;3;2;12;5;2
1;1;125967;1;1;1;;;;6;;5;6;3;;2;14;8;2
1;1;225395;1;3;1;;;;6;2;11;1;6;;1;7;8;2
1;1;120262;1;1;2;;;;6;;7;;5;3;1;15;8;2
1;1;34370;1;3;2;;;;6;1;8;;6;99;1;5;9;2
1;1;209691;1;2;1;;;;6;;4;2;6;;2;10;8;2
1;1;145984;1;9;1;;;;6;;8;1;3;;1;8;8;2
1;1;142452;1;3;1;;;;6;;11;6;6;;2;7;8;2
1;1;95490;1;9;1;;;;6;;1;;;;2;1;8;
1;1;77685;0;12;1;;;;6;;5;;6;;1;8;8;2
1;1;87331;1;2;1;;;;6;;5;6;1;;1;10;8;2
1;1;145810;1;3;2;;;;6;;1;;;;1;3;9;2
1;1;43898;1;7;2;;;;6;;5;;4;8;1;19;7;2
1;1;201022;1;3;1;;;;6;1;6;;;;2;3;8;2
1;1;205687;1;2;2;;;;6;;11;;5;1;1;6;8;7
1;1;67427;1;1;1;;;;6;;10;1;5;;2;8;8;7
1;1;117269;1;1;1;;;;6;;5;3;5;;2;13;1;2
1;1;30690;1;3;2;;;;6;;11;1;6;;2;7;8;2
1;1;51180;1;2;2;;;;6;;11;1;5;3;1;11;8;2
1;1;10175;1;3;1;;;;6;2;11;;6;;1;6;8;2
1;1;226151;0;12;1;;;;6;;8;6;6;;2;9;8;2
1;1;178416;1;3;2;;;;6;2;11;;6;;1;7;8;2
1;1;196112;1;1;1;;;;6;1;11;2;6;;1;8;8;2
1;1;108474;1;8;2;;;;6;;5;;4;5;1;17;8;2
1;1;156557;1;3;2;;;;6;1;6;;6;;2;4;8;2
1;1;116678;1;9;1;;;;6;;7;;4;;1;21;4;2
1;1;133992;1;3;2;;;;6;1;2;;;;2;1;8;
1;1;35885;1;3;1;;;;6;;8;1;6;;2;5;8;2
1;1;109956;1;2;2;;;;6;;11;1;5;3;1;9;8;2
1;1;132784;1;7;2;;;;6;;5;3;4;99;2;18;8;2
1;1;38057;1;9;2;;;;6;;8;6;6;;1;6;8;2
1;1;52473;1;1;1;;;;6;;5;6;5;;2;9;8;2
1;1;115123;1;2;2;;;;6;;5;6;5;3;2;13;8;2
1;1;136553;1;3;2;;;;6;1;6;;6;;1;5;8;2
1;1;115786;1;3;2;;;;6;1;8;;6;;2;5;8;2
1;1;89035;1;9;2;;;;6;;11;2;6;;1;6;8;7
1;1;79489;1;6;1;;;;6;;1;;;;1;2;8;2
1;1;209684;1;3;2;;;;6;;11;1;6;;2;6;8;2
1;1;165748;1;1;1;;;;6;;1;1;5;;2;9;8;2
1;1;55679;1;6;2;;;;6;1;11;;6;;1;5;8;2
1;1;132536;1;10;1;;;19;1;;8;;6;;1;5;9;1
1;1;10755;1;7;2;;;;6;;1;4;3;4;2;14;8;2
1;1;216016;1;1;1;;;;6;;5;1;1;;1;7;8;2
1;1;63045;1;2;2;;;;6;;5;;5;2;1;9;8;2
1;1;7783;1;6;1;;;;6;1;6;;;;2;3;8;2
1;1;171605;1;3;2;;;;6;1;6;;;;2;4;8;2
1;1;163201;1;3;1;;;;6;;1;;6;;2;12;7;2
1;1;130690;1;1;1;;;;6;;7;6;3;;1;12;8;2
1;1;91761;1;1;1;;;;6;;11;;5;;2;15;8;2
1;1;234219;1;1;1;;;;6;;5;6;5;;1;12;8;2
1;1;119209;1;2;2;;;;6;;11;5;5;1;1;11;8;2
1;1;57350;1;3;1;;;;7;;12;2;3;;1;11;4;7
1;1;152271;1;3;2;;;;6;1;6;;;;2;3;8;2
1;1;217794;1;1;1;;;;6;;5;6;5;;2;11;8;2
1;1;31942;1;1;2;;;;6;1;11;;6;;1;7;8;2
1;1;225905;1;9;1;;;;6;;7;;6;;2;11;8;2
1;1;151670;1;3;2;;;;6;1;6;;6;;1;4;8;2
1;1;177545;1;1;1;;;;6;;5;;6;;2;10;8;2
1;1;58424;1;2;2;;;;6;;5;;5;8;2;12;8;2
1;1;205460;1;1;2;;;;6;;11;;6;;1;20;8;2
1;1;159889;1;2;2;;;;6;;12;2;3;2;2;9;8;2
1;1;111534;1;3;2;;;;6;1;6;;;;2;3;8;2
1;1;37562;1;1;1;;;;6;;10;1;5;;1;12;8;2
1;1;74014;1;3;2;;;;6;;7;4;6;1;2;7;8;2
1;1;178946;1;2;2;;;;7;;8;;1;99;2;7;8;2
1;1;125838;1;3;1;;;;6;1;6;;;;1;3;8;2
1;1;181728;1;3;1;;;;6;1;11;8;6;;1;6;8;2
1;1;16560;1;3;2;;;;6;1;11;;6;;1;6;8;7
1;1;197378;1;6;1;;;;6;;3;;;;2;2;8;2
1;1;17623;1;3;2;;;;6;2;6;;6;;2;4;8;2
1;1;235601;1;8;1;;;;6;;8;1;5;;2;12;7;2
1;1;43842;1;3;2;;;;6;1;6;;;;1;3;8;2
1;1;174568;1;1;1;;;;1;;8;6;5;;1;8;8;2
1;1;106911;1;3;1;;;;6;1;6;;;;2;3;8;2
1;1;189405;1;3;2;;;;6;;11;2;6;;1;6;8;2
1;1;82523;1;7;2;;;;6;;1;;4;7;2;17;7;2
1;1;180338;1;1;1;;;;6;;7;1;5;;1;8;8;2
1;1;167125;2;1;1;;;;6;;8;6;1;;1;6;8;2
1;1;237271;1;6;2;;;;6;1;8;;6;;2;5;8;2
1;1;88105;1;3;1;;;;6;1;6;;;;2;3;8;2
1;1;50467;1;3;1;;;;6;1;6;;;;1;4;8;2
1;1;60496;1;3;1;;;;6;1;11;1;6;;2;5;8;2
1;1;229300;1;1;1;;;;6;;11;2;5;;1;8;8;2
1;1;37629;1;2;2;;;;6;;5;;5;99;2;9;8;2
1;1;123006;1;3;1;;;;6;;5;6;2;;2;9;8;2
1;1;218077;1;3;1;;;;7;1;11;;6;;1;6;8;2
1;1;228149;1;1;1;;;;6;;5;1;1;;2;8;8;2
1;1;100066;1;1;1;;;;6;;6;1;5;;1;13;8;2
1;1;181973;1;7;2;;;;6;;8;6;4;1;2;15;8;2
1;1;182623;1;3;1;;;;6;;11;1;6;;1;7;8;2
1;1;29771;1;3;2;;;;6;1;6;;6;;2;4;8;2
1;1;39788;1;3;2;;;;6;;1;;;;1;2;8;2
1;1;171349;1;3;2;;;;6;;6;;;;1;3;9;2
1;1;147873;1;3;2;;;;6;;11;6;6;;1;8;8;2
1;1;210155;1;2;1;;;;6;;8;6;1;;1;8;8;2
1;1;54754;1;1;2;;;;6;;4;3;5;2;2;13;8;2
1;1;181670;1;3;1;;5;;6;;1;;;;1;2;8;5
1;1;108653;1;3;2;;;;6;3;6;;;;1;4;8;2
1;1;101778;1;3;1;;;;6;1;6;;6;;1;4;8;2
1;1;130343;1;1;2;;;;6;;5;;6;3;2;16;8;2
1;1;210679;1;1;1;;;;6;;5;2;5;;2;13;8;3
1;1;166459;1;1;2;;;;1;;8;;6;1;1;8;8;2
1;1;181436;1;2;2;;;;6;;11;6;5;2;1;9;8;2
1;1;52410;1;1;2;;;;6;1;11;;6;;2;6;8;2
1;1;68633;1;1;1;;;;6;;5;;5;;2;15;8;2
1;1;146382;1;3;1;;;;6;;8;1;6;;1;5;8;2
1;1;213661;1;1;2;;;;6;;5;3;4;;2;14;5;2
1;1;217837;0;12;2;;;;6;;11;1;6;;1;14;8;2
1;1;108024;1;1;2;;;;6;2;11;1;3;1;1;7;8;2
1;1;77292;1;3;1;;;;6;2;10;;6;;1;7;8;2
1;1;137844;1;6;1;;;;6;;1;;;;1;2;8;2
1;1;77246;1;9;2;;;;6;2;11;;6;1;1;5;8;2
1;1;9996;1;6;2;;;;6;3;6;;6;;2;4;8;2
1;1;95913;1;3;1;;;;6;1;6;;;;2;4;8;2
1;1;194851;1;3;1;;;;6;;8;;6;;1;7;9;2
1;1;63811;1;3;1;;;;6;1;6;;;;2;4;8;2
1;1;136841;1;1;1;;;;6;;5;6;5;;1;14;8;2
1;1;113172;1;2;1;;;;6;;5;;1;;2;15;8;2
1;1;85282;1;3;1;;;;6;;8;1;6;;1;7;8;2
1;1;133652;1;3;2;;;;6;1;11;;6;;2;5;8;2
1;1;123478;1;6;1;;;;6;1;8;;6;;1;5;8;2
1;1;198804;1;6;2;;;;6;1;8;;6;;2;5;8;2
1;1;48048;1;6;1;;;;6;1;6;;;;2;3;8;2
1;1;72264;1;6;1;;;;6;1;2;;;;1;2;8;2
1;1;11757;1;3;1;;;;6;;11;;6;;1;6;8;2
1;1;114503;1;1;2;;;;6;;5;;4;7;2;18;8;2
1;1;167146;1;3;2;;;;6;3;6;;6;;2;4;8;2
1;1;209628;1;3;2;;;;6;2;6;;;;1;3;8;2
1;1;188101;1;3;1;;;;6;2;11;;6;;1;6;8;7
1;1;168869;1;1;1;;;;6;;7;1;6;;1;10;8;2
1;1;211102;1;5;2;;;;6;3;11;;5;99;1;9;9;2
1;1;175802;2;3;1;;;;6;1;6;;6;;2;4;8;2
1;1;16160;1;3;2;;;;6;1;8;;6;;1;5;8;2
1;1;39461;1;2;2;;;;7;;8;;5;;1;15;8;3
1;1;227916;1;1;1;;;;6;;8;9;6;;1;7;9;2
1;1;82783;1;9;1;;;;6;;8;6;6;;1;8;8;2
1;1;142384;1;2;2;;;;6;;8;;5;4;1;14;8;2
1;1;173268;1;2;2;;;;6;;6;;1;2;1;11;8;2
1;1;180602;1;9;1;;;;6;2;11;;6;;1;7;8;2
1;1;31769;1;9;2;;;;6;2;11;;6;;1;5;8;2
1;1;39862;1;1;2;;;;6;;5;;6;1;2;8;8;2
1;1;197673;1;3;2;;;;6;;11;1;6;1;1;9;8;2
1;1;216312;1;1;1;;;;6;;1;6;1;;1;11;8;2
1;1;135189;1;2;2;;;;6;;12;6;5;2;1;10;8;2
1;1;159626;1;2;2;;;;6;;6;;5;2;1;14;8;2
1;1;23411;1;1;1;;;;6;2;11;9;2;;1;6;9;2
1;1;235200;1;3;1;;;;6;2;2;;;;1;2;8;2
1;1;214067;1;3;2;;;;6;1;6;;;;1;4;9;2
1;1;29493;1;9;1;;;;6;2;11;1;6;;1;6;8;2
1;1;210227;1;1;2;;;;6;;11;2;5;2;1;12;8;2
1;1;135956;1;6;1;;;;6;2;6;;;;1;3;8;2
1;1;238549;1;3;2;;;;6;2;6;;6;99;1;4;8;2
1;1;82568;1;3;1;;;;6;;11;6;5;;2;8;8;2
1;1;231691;1;2;2;;;;6;;11;1;5;1;1;9;8;2
1;1;195726;1;3;2;;;;6;2;6;;6;;2;4;8;2
1;1;110513;1;7;2;;;;6;;7;;4;5;1;17;8;2
1;1;165948;1;1;2;;;;6;;11;;3;;1;11;8;2
1;1;141092;1;6;1;;;;6;;8;1;6;;1;6;8;2
1;1;230446;1;1;2;;;;6;;11;1;3;2;1;12;8;7
1;1;239125;1;1;1;;;;6;2;11;9;1;;1;12;9;2
1;1;136147;1;3;2;;;;6;2;8;1;6;;1;5;8;7
1;1;176605;1;1;1;;;;6;;11;2;5;;2;13;8;2
1;1;225372;1;6;2;;;;6;1;8;;6;;2;5;8;2
1;1;129257;1;1;2;;;;6;;5;;4;3;1;15;8;2
1;1;89692;1;9;2;;;;7;1;6;;;;1;3;8;2
1;1;187802;1;2;2;;;;6;;7;;5;99;1;13;8;2
1;1;128391;1;1;1;;;;6;2;12;1;5;;2;10;8;7
1;1;208672;1;9;1;;;;6;;8;;6;;1;6;9;2
1;1;60512;1;2;2;;;;6;;7;4;5;3;1;12;8;2
1;1;174092;1;3;2;;;;6;;1;;;;2;2;8;2
1;1;163301;1;3;2;;;;6;;6;;;;1;3;9;2
1;1;38826;2;3;2;;;;6;;6;;;;1;4;9;2
1;1;83981;1;2;2;;;;6;;7;6;5;3;1;11;8;2
1;1;30776;1;2;2;;;;6;;11;;5;3;2;15;8;2
1;1;91535;1;3;1;;;;6;1;3;;;;2;2;8;2
1;1;155746;1;2;2;;;;6;;7;;5;2;1;11;8;2
1;1;5915;1;3;2;;;;6;2;10;;6;99;2;5;8;2
1;1;51411;1;2;2;;;;6;;5;;5;2;1;11;8;2
1;1;88652;1;1;2;;;;6;;11;6;6;3;2;10;5;2
1;1;182163;1;3;1;;;;6;;8;5;3;;1;13;8;2
1;1;208564;1;2;2;;;;6;;8;;5;99;1;7;9;2
1;1;181331;1;3;1;;;;6;1;11;1;6;;1;6;8;2
1;1;2345;1;3;2;;;;6;1;6;;;;2;4;8;2
1;1;219319;2;1;2;;;;6;;5;4;6;1;1;10;8;2
1;1;2199;1;10;1;;;;6;;11;6;6;;1;8;8;7
1;1;210971;1;3;2;;;;6;1;6;;;;2;3;8;2
1;1;141494;1;3;2;;;;6;1;6;;6;;2;4;8;2
1;1;153567;1;2;2;;;;6;;11;;1;2;1;13;8;2
1;1;59256;1;3;2;;;;6;;8;1;6;1;1;8;8;2
1;1;158773;1;1;2;;;;6;;8;1;3;2;1;12;8;2
1;1;150536;1;3;1;;;;6;;1;;;;2;2;8;2
1;1;200022;1;1;1;;;;6;;5;6;5;;1;13;8;2
1;1;20531;1;3;1;;;;6;;1;;;;2;3;8;2
1;1;66458;1;1;1;;;;6;;10;5;5;;1;9;8;2
1;1;211093;1;3;1;;;;6;;1;;;;1;2;8;2
1;1;170781;1;3;1;;;;6;1;6;;;;1;4;8;2
1;1;105857;1;1;2;;;;6;1;11;;6;;2;8;8;2
1;1;60711;1;3;2;;;;6;2;2;;;;2;2;8;2
1;1;196531;1;1;2;;;;6;;11;2;3;3;1;9;8;7
1;1;164530;1;1;1;;;;6;;11;1;6;;2;8;8;2
1;1;37271;2;3;2;;;;6;1;6;;;;2;3;8;2
1;1;132300;1;2;2;;;;6;;11;6;5;2;1;9;8;7
1;1;525;1;3;1;;;;6;1;8;;6;;2;5;8;2
1;1;231342;1;3;2;;;;6;;8;9;6;99;1;5;9;2
1;1;71751;1;1;2;;;;6;1;11;;6;;1;6;8;2
1;1;163129;1;3;2;;;;6;1;6;;;;2;4;8;2
1;1;226739;1;1;2;;;13;1;;8;6;5;99;1;8;8;6
1;1;63998;1;3;1;;;;6;3;6;;;;1;3;8;2
1;1;66029;1;2;2;;;;6;;5;;5;6;2;15;7;2
1;1;220536;1;1;2;;;;6;2;11;9;3;99;1;8;9;2
1;1;86021;1;3;2;;;;4;;6;;;;1;3;9;2
1;1;220353;1;3;1;;;;6;;11;1;6;;1;7;8;2
1;1;219986;1;3;2;;;;6;1;6;;6;;1;4;8;2
1;1;175442;1;1;1;;;;6;;12;6;5;;2;11;8;2
1;1;224077;1;1;1;;;;6;;5;6;5;;1;10;8;2
1;1;142474;1;3;1;;;;6;;1;;;;1;2;8;2
1;1;204982;1;1;1;;;;6;;7;6;5;;1;11;8;2
1;1;54750;1;3;1;;;;6;;8;1;3;;1;8;8;2
1;1;122069;1;3;2;;;;6;2;11;2;6;;1;6;8;2
1;1;190861;1;3;1;;;;6;1;8;;6;;2;5;8;2
1;1;165310;1;3;1;;;;6;;6;1;5;;2;10;8;2
1;1;141535;1;1;1;;;;6;;8;1;1;;1;7;8;2
1;1;102622;1;6;2;;;;6;2;6;;;;1;3;8;2
1;1;113812;1;3;1;;;;6;;8;1;6;;1;5;8;2
1;1;58927;1;3;2;;;;6;1;6;;;;2;3;8;2
1;1;83654;1;2;1;;;;6;;8;6;5;;2;9;1;2
1;1;236637;1;1;1;;;;6;;11;;5;;1;8;8;7
1;1;212894;1;1;1;;;;6;1;11;6;6;;1;7;8;2
1;1;179463;1;8;2;;;;6;;5;;5;7;2;15;8;2
1;1;48139;1;2;2;;;;6;;8;9;5;99;1;7;9;2
1;1;67917;1;3;1;;;;6;2;8;;6;;1;5;8;2
1;1;137824;1;1;1;;;;6;;12;1;3;;1;12;8;2
1;1;184286;1;3;2;;;;6;1;6;;6;;2;4;6;2
1;1;191892;1;3;1;;;;6;1;8;;6;;2;4;8;2
1;1;107887;1;9;1;;;;5;;7;;6;;1;8;8;2
1;1;88197;1;1;2;;;;6;;11;1;6;1;1;12;8;2
1;1;233942;1;5;2;;;;6;;8;;1;1;1;5;8;2
1;1;68493;1;1;2;;;;6;;7;1;5;3;2;8;8;2
1;1;121141;1;3;2;;;;6;1;6;;;;2;3;8;2
1;1;10978;1;3;1;;;;6;2;6;;;;1;4;8;2
1;1;74418;2;3;2;;;;6;2;10;;6;;1;6;8;2
1;1;177385;1;2;2;;;;6;;11;;5;2;1;14;8;2
1;1;92789;1;1;1;;;;5;;7;1;6;;1;8;8;2
1;1;25258;1;1;1;;;;6;;11;6;5;;1;10;8;2
1;1;127276;1;1;2;;;;6;;11;1;3;1;1;13;8;2
1;1;91867;1;9;1;;;;6;;8;2;6;;1;7;8;2
1;1;222622;1;2;2;;;;6;;13;;5;3;1;16;8;2
1;1;23210;1;3;2;;;;6;1;6;;;;1;3;8;2
1;1;95660;1;2;2;;;;6;;5;6;1;99;1;14;8;2
1;1;65678;4;7;1;;;;6;;5;;4;;2;15;8;2
1;1;50852;1;3;1;;;;6;1;6;;;;2;4;8;2
1;1;64837;1;3;2;;;;6;1;8;;6;;2;5;8;2
1;1;17164;1;1;1;;;;6;;5;6;5;;1;11;8;2
1;1;158729;1;1;2;;;;6;;11;2;5;1;1;9;8;2
1;1;187781;1;3;1;;;;6;1;8;;6;;1;5;8;2
1;1;7519;1;2;2;;;;6;;7;1;5;4;2;12;8;2
1;1;91432;1;3;2;;;;6;1;11;;6;;1;6;8;2
1;1;201220;1;1;1;;;;6;;12;2;1;;1;11;8;2
1;1;87747;1;1;1;;;;6;;12;;5;;1;15;8;2
1;1;7466;1;6;1;;;;6;;1;;;;2;2;8;2
1;1;133473;1;3;1;;;;6;;12;1;6;;1;7;8;2
1;1;57917;1;3;1;;;;5;;1;;;;1;2;8;2
1;1;18896;1;3;2;;;;6;;1;;;;2;2;8;2
1;1;31723;1;1;1;;;;6;;5;6;5;;2;11;8;2
1;1;137643;1;1;1;;;;6;;5;;3;;2;20;8;2
1;1;212405;1;1;2;;;;6;;12;2;3;3;1;10;8;2
1;1;138903;1;2;2;;;;6;2;11;9;1;99;1;9;9;2
1;1;146621;1;9;1;;;;6;;10;;1;;2;6;8;2
1;1;28119;1;9;1;;;;6;;11;6;2;;2;8;8;2
1;1;174247;1;9;1;;;;6;;10;1;6;;1;9;8;2
1;1;172669;1;1;2;;;;6;;5;;6;99;1;16;5;2
1;1;240983;1;3;1;;;;6;;6;;6;;1;4;9;2
1;1;233935;1;3;2;;;;6;1;11;;6;;1;5;8;2
1;1;95698;1;1;2;;;;6;;7;1;3;2;1;12;8;2
1;1;23907;1;3;1;;;;6;;11;6;6;;1;12;8;2
1;1;97125;1;1;2;;;;6;;5;;5;3;2;11;8;2
1;1;16633;1;6;2;;;;6;2;6;;;;1;3;8;2
1;1;149481;1;6;2;;;;6;3;6;;6;;1;4;8;2
1;1;93426;1;2;2;;;;6;;6;;5;3;2;13;8;2
1;1;29857;1;1;2;;;;6;;1;3;5;5;2;10;8;2
1;1;86965;1;3;2;;;;6;;5;;6;2;2;7;8;2
1;1;37500;1;1;1;;;;6;;7;1;5;;1;10;8;2
1;1;121502;1;3;1;;;;6;1;8;;6;;2;5;8;2
1;1;127002;1;2;2;;;;6;;8;6;5;2;1;13;8;2
1;1;166107;1;1;2;;;;6;;5;6;5;5;1;13;8;2
1;1;69007;1;1;1;;;;6;;5;;5;;1;16;8;2
1;1;226994;1;3;1;;;;6;2;3;;;;1;2;8;2
1;1;123577;1;3;1;;;;6;;11;1;6;;1;6;8;2
1;1;142755;1;3;1;;;;6;1;6;;;;2;3;8;2
1;1;8859;1;1;2;;;;6;;5;;4;6;2;15;8;2
1;1;14965;1;1;1;;;;6;;8;6;5;;1;7;8;2
1;1;75115;1;9;1;;;;6;2;10;;6;;1;6;8;2
1;1;181501;1;2;2;;;;6;;8;;5;4;1;19;8;2
1;1;74352;1;1;2;;;;6;;8;;2;1;2;7;8;2
1;1;140691;2;1;2;;;;6;2;8;;1;2;2;8;8;2
1;1;135345;1;2;1;;;;6;;8;1;1;;1;6;8;2
1;1;55048;1;1;2;;;;6;;5;;5;99;2;14;8;2
1;1;212622;1;3;2;;;;6;2;6;;;;1;3;8;2
1;1;181939;1;2;2;;;;6;;7;;5;2;1;12;7;7
1;1;188276;1;2;2;;;;6;;11;1;5;2;1;9;8;7
1;1;150089;1;3;2;;;13;1;;1;;;;2;2;8;6
1;1;129000;1;3;2;;;;6;;12;6;6;;1;8;8;2
1;1;227574;1;3;2;;5;;1;;1;;;;1;2;8;5
1;1;134240;1;2;2;;;;6;;8;;1;1;2;7;8;2
1;1;180079;1;3;1;;;;6;1;6;;;;1;2;8;2
1;1;205299;1;1;1;;;;6;;11;;5;;1;16;8;2
1;1;136674;1;1;2;;;;6;;6;6;5;99;2;11;8;2
1;1;109047;1;3;1;;;;6;1;3;;;;2;2;8;2
1;1;64321;1;6;2;;;;6;;1;;;;2;1;9;
1;1;7543;1;3;1;;;;6;;11;1;3;;2;9;8;2
1;1;229174;1;1;1;;;;6;;8;5;5;;1;14;8;2
1;1;78647;1;3;2;;;;6;;7;;3;2;1;12;8;2
1;1;158823;1;1;1;;;;6;;8;5;6;;1;7;8;7
1;1;238587;1;1;2;;;;6;;5;;6;;2;15;8;2
1;1;50909;1;3;2;;;;6;1;8;;6;;2;5;8;2
1;1;121801;1;9;1;;;;6;;1;;6;;1;4;8;2
1;1;151227;1;1;1;;;;6;;8;;5;;1;18;8;2
1;1;12632;1;6;1;;;;6;;8;1;6;;1;6;8;2
1;1;109352;1;1;1;;;;6;;11;5;5;;1;16;8;2
1;1;213336;1;3;1;;;;6;;1;;;;1;1;8;
1;1;163102;1;1;1;;;;6;;5;1;2;;1;14;8;2
1;1;238417;1;3;2;;;;6;;12;2;6;;1;8;8;2
1;1;69812;1;3;2;;;;6;1;6;;6;;1;4;8;2
1;1;85457;1;1;1;;;;6;;8;;3;;1;9;8;3
1;1;210863;1;3;2;;;;4;;6;;;;2;2;8;2
1;1;59159;1;9;2;;;;6;1;6;;6;;2;4;8;2
1;1;213095;1;6;1;;;;6;1;6;;;;2;4;8;2
1;1;144575;1;1;1;;;;6;;5;1;3;;2;11;4;2
1;1;220864;1;3;1;;;;6;2;8;;6;;1;5;8;7
1;1;83169;1;3;1;;;;6;2;8;;6;;1;5;8;2
1;1;8195;1;9;2;;;;6;;12;2;6;;1;12;8;2
1;1;39707;1;1;1;;;;6;;11;;5;;1;15;8;2
1;1;229497;1;1;1;;;;6;;5;1;1;;2;11;8;2
1;1;212951;1;3;1;;;;6;1;8;;6;;2;5;8;2
1;1;157143;1;3;2;;;;7;;1;;;;1;2;8;2
1;1;171043;1;3;1;;;;6;1;6;;;;2;3;8;2
1;1;175385;1;2;2;;;;6;;11;;5;1;1;9;8;2
1;1;139569;1;1;1;;;;6;;7;;5;;2;13;8;2
1;1;23650;1;2;2;;;;6;;8;1;5;2;1;7;8;2
1;1;146148;1;1;1;;;;6;2;11;9;5;;1;11;9;2
1;1;38808;1;6;2;;;;6;1;11;1;5;1;2;6;8;2
1;1;87812;1;6;1;;;;6;2;11;;6;;2;6;8;2
1;1;194291;1;1;2;;;;6;;7;;3;5;1;19;4;2
1;1;66385;1;3;2;;;;6;1;6;;6;;2;4;8;2
1;1;60730;1;1;1;;;;6;;5;;1;;1;10;9;2
1;1;25238;1;1;1;;;;6;;5;1;5;;1;11;8;2
1;1;25586;1;2;2;;;;6;;8;1;5;3;2;8;8;2
1;1;64542;1;3;1;;;;6;1;6;;;;2;3;8;2
1;1;68968;1;3;1;;;;6;2;6;;;;1;4;8;2
1;1;9034;1;2;1;;;;6;;5;;5;;2;10;8;2
1;1;4370;2;1;2;;;;6;;5;;4;4;1;12;8;2
1;1;54756;1;2;2;;;;6;;5;6;5;4;1;14;8;2
1;1;185260;1;1;2;;;;7;;5;;1;;2;14;8;2
1;1;157413;1;2;2;;;;6;;7;;5;6;1;15;8;2
1;1;222629;1;6;2;;;;6;1;8;;6;;2;5;8;2
1;1;45313;1;3;2;;;;6;2;6;;;;1;3;8;2
1;1;57653;1;3;2;;;;6;;11;1;6;;1;8;8;2
1;1;50213;1;3;2;;;;6;;8;6;6;1;2;7;8;2
1;1;313;1;9;2;;;;6;1;6;;;;1;3;8;2
1;1;100562;1;3;2;;;;6;1;8;;6;;2;5;8;2
1;1;64056;1;3;2;;;;6;1;6;;;;1;3;8;2
1;1;51257;1;1;1;;;;6;;8;1;5;;2;8;8;2
1;1;77588;1;1;1;;;;6;;8;;6;;1;17;8;2
1;1;104284;1;2;2;;;;6;;5;6;5;3;2;11;8;2
1;1;206998;1;3;1;;;;6;1;2;;;;2;2;8;2
1;1;206370;1;2;2;;;;6;;8;5;5;3;1;9;8;2
1;1;73413;1;2;1;;;;6;;7;1;5;;2;10;8;2
1;1;126876;1;3;2;;;;7;;10;1;6;;2;7;8;7
1;1;198786;1;1;1;;;;6;;11;1;5;;1;8;8;2
1;1;69633;1;1;1;;;;6;;8;6;6;;1;8;8;2
1;1;88205;1;1;1;;;;6;;7;3;1;;2;9;8;2
1;1;168190;1;6;2;;;;6;2;6;;6;;1;4;8;2
1;1;31423;1;2;2;;;;6;;11;6;5;2;1;8;8;2
1;1;201173;1;1;2;;;;6;;11;2;4;4;1;14;8;2
1;1;50659;1;1;2;;;;6;;7;1;1;3;1;10;8;2
1;1;16338;1;4;2;;;;6;1;8;;6;;2;5;8;2
1;1;181614;1;1;2;;;;6;;5;6;3;3;1;10;8;2
1;1;132069;1;4;2;;;;6;1;11;;1;1;2;6;8;2
1;1;181028;1;1;2;;;;6;;8;6;6;1;1;8;8;2
1;1;226271;1;3;2;;;;6;1;6;;;;1;4;8;2
1;1;150230;1;1;1;;;;6;;10;2;5;;1;7;8;2
1;1;228663;1;3;2;;;;6;;8;1;6;2;1;8;8;2
1;1;164584;1;1;2;;;;6;;8;5;3;3;1;10;8;2
1;1;230475;1;3;2;;;;6;1;6;;;;1;4;8;2
1;1;22878;1;1;1;;;;6;;8;6;5;;2;12;8;2
1;1;46585;1;2;2;;;;6;;8;5;5;3;2;13;8;2
1;1;229710;1;2;2;;;;6;;8;6;5;3;2;12;8;2
1;1;72826;2;1;1;;;;6;;12;2;6;;1;7;8;7
1;1;37185;1;1;1;;;;6;;7;6;5;;1;15;8;2
1;1;84781;1;3;2;;;;6;2;8;;6;;2;5;8;2
1;1;240313;1;3;2;;;;6;1;8;;6;;2;5;8;2
1;1;109153;1;2;2;;;;6;2;8;;6;;1;5;8;2
1;1;50567;2;2;2;;;;6;;7;;5;2;1;7;8;2
1;1;51463;1;3;2;;;;6;1;6;;;;1;4;8;2
1;1;156710;1;6;1;;;;6;;1;;;;2;2;8;2
1;1;135138;1;1;1;;;;6;;8;1;6;;1;7;8;2
1;1;127091;1;3;2;;;;6;1;6;;6;;2;4;8;2
1;1;101839;1;3;1;;;;6;1;6;;;;2;3;8;2
1;1;188493;1;1;2;;;;6;1;11;;6;;1;6;8;2
1;1;72660;1;3;2;;;;6;1;3;;;;2;2;8;2
1;1;72264;1;5;2;;;;6;1;8;;6;;1;5;8;2
1;1;159608;1;3;2;;;;6;2;11;;6;;1;6;8;2
1;1;51977;1;9;2;;;;6;;12;6;5;1;2;7;8;2
1;1;25501;1;3;1;;;;6;1;11;1;6;;1;6;8;2
1;1;66428;1;1;2;;;;6;;7;1;3;2;1;9;8;2
1;1;91783;1;1;2;;;;6;;6;3;2;2;2;12;8;2
1;1;84461;1;1;2;;;;6;;11;1;6;1;1;12;8;2
1;1;68741;1;3;2;;;;6;;7;1;6;;1;11;8;2
1;1;158127;1;3;2;;;;6;;11;;6;;1;8;8;2
1;1;3208;1;9;2;;;;6;;5;1;6;;2;11;8;2
1;1;102963;1;3;2;;;;6;1;6;;;;2;4;8;2
1;1;201526;1;3;1;;;;6;2;8;;6;;1;4;5;2
1;1;14657;1;1;1;;;;6;;5;;5;;1;18;8;2
1;1;124628;1;2;2;;;;6;;11;6;6;;1;6;8;2
1;1;197134;1;2;2;;;19;1;;1;1;1;1;2;13;8;1
1;1;60786;1;1;2;;;;6;;11;;3;99;2;14;8;2
1;1;10364;1;3;1;;;;6;1;8;;6;;2;5;8;7
1;1;216142;1;9;1;;;;6;;8;1;6;;1;6;8;2
1;1;9175;1;9;2;;;;6;;8;;6;;1;5;8;2
1;1;379;1;1;1;;;;6;;5;;4;;1;18;8;2
1;1;10229;2;1;1;;;;6;;8;1;5;;1;9;8;2
1;1;142995;1;3;2;;;;6;;11;;6;;1;7;8;2
1;1;89780;1;2;2;;;;6;;8;1;5;4;1;13;8;2
1;1;72785;1;2;2;;;;6;;5;6;5;4;1;15;8;2
1;1;25787;1;2;2;;;;6;;11;;5;2;1;11;8;2
1;1;30155;1;2;2;;;;6;;12;2;5;1;1;11;8;2
1;1;204758;1;1;2;;;;6;;5;6;5;7;2;13;8;2
1;1;36835;1;1;1;;;;6;;8;6;5;;1;10;8;2
1;1;80064;1;3;1;;;;6;;1;;;;2;2;8;2
1;1;222574;2;1;1;;;;6;;8;6;1;;2;6;8;2
1;1;5132;1;9;2;;;;6;;5;1;6;2;2;11;8;2
1;1;75586;1;7;2;;;;6;;1;;4;6;2;20;7;2
1;1;222548;1;3;1;;;;6;1;6;;;;2;3;8;2
1;1;180730;1;3;2;;;;6;;5;;6;;2;8;8;2
1;1;96476;1;3;2;;;;6;1;11;;6;;2;7;8;2
1;1;141128;1;2;2;;;;6;;7;1;5;2;2;10;8;2
1;1;74825;1;3;2;;;;6;3;8;;6;99;2;5;8;2
1;1;38951;1;1;1;;;;6;;7;6;2;;1;16;8;2
1;1;167042;1;3;1;;;;6;;12;2;6;;1;9;8;2
1;1;31452;1;3;1;;;;6;1;8;;6;;2;5;8;2
1;1;48312;1;1;1;;;;6;;5;6;5;;2;10;8;2
1;1;177694;1;3;1;;;;6;1;6;;6;;1;4;8;2
1;1;240920;1;2;2;;;;6;;5;9;5;99;1;13;9;2
1;1;53637;1;6;2;;;;6;1;11;;6;;1;5;8;2
1;1;1591;1;2;2;;;;6;;11;5;5;2;1;8;8;2
1;1;144266;1;3;1;;;;6;;1;;6;;2;8;6;2
1;1;96081;1;1;2;;;;6;;11;6;1;3;2;9;8;2
1;1;130985;1;3;2;;;;6;;11;1;6;;1;7;8;2
1;1;123062;1;2;1;;;13;6;;5;6;1;;2;15;8;6
1;1;78730;1;1;2;;;;7;;11;6;5;;1;12;8;2
1;1;190147;1;3;2;;;;6;1;6;;6;;2;4;8;2
1;1;209893;1;1;1;;;13;1;;12;2;5;;2;12;8;6
1;1;99086;1;3;1;;;;6;2;6;;;;1;3;8;2
1;1;44605;1;3;2;;;;6;3;6;;;;1;3;8;2
1;1;57822;1;2;2;;;;6;;6;;5;2;2;8;8;2
1;1;32396;1;1;1;;;;6;;11;1;5;;1;9;8;2
1;1;71573;1;1;1;;;;6;;11;5;5;;2;10;8;2
1;1;227488;1;3;2;;;;6;2;11;;6;;1;6;8;2
1;1;75107;1;1;2;;;;6;;11;7;3;1;1;11;8;2
1;1;123272;1;3;2;;;;6;;8;;6;;2;5;8;2
1;1;202846;1;1;2;;;;6;;13;1;3;1;1;11;8;2
1;1;29244;1;3;1;;;;6;;1;;6;;2;10;7;2
1;1;216249;1;8;1;;;;6;;12;2;5;;1;14;8;2
1;1;148162;1;1;1;;;;6;;5;1;5;;2;14;8;2
1;1;123695;1;3;2;;;;6;;11;2;6;;1;10;8;2
1;1;112123;1;1;1;;;;6;;11;7;4;;1;11;8;7
1;1;92004;1;6;1;;;;6;3;8;;6;;1;5;8;2
1;1;147220;1;7;1;;;;6;;5;6;4;;1;18;4;2
1;1;215725;1;3;1;;;;6;1;8;;6;;1;5;8;2
1;1;16942;1;3;1;;;;6;;8;1;6;;1;6;8;2
1;1;132103;1;3;2;;;;6;1;3;;;;2;2;8;2
1;1;109315;1;2;2;;;;6;;5;;5;2;2;14;8;2
1;1;221693;1;2;1;;;;6;;5;3;5;;2;13;8;2
1;1;57503;1;3;2;;;;6;1;3;;;;1;2;8;2
1;1;169625;1;1;1;;;;6;;11;2;5;;2;13;8;2
1;1;95350;1;10;2;;;;6;;8;;6;;2;6;8;2
1;1;200547;1;3;1;;;;6;1;6;;6;;1;4;8;2
1;1;229551;1;3;1;;;;6;;5;2;4;;2;13;8;2
1;1;87542;1;2;2;;;;6;;7;1;5;2;2;10;8;2
1;1;129049;1;1;1;;;;6;;8;5;5;;1;9;8;2
1;1;147415;1;9;2;;;;6;;6;4;5;2;1;10;8;2
1;1;181823;1;1;1;;;;6;;8;1;5;;1;8;8;2
1;1;198644;1;3;1;;;;6;1;6;;;;1;3;8;2
1;1;198764;1;3;2;;;;6;2;11;;6;;1;6;8;2
1;1;133965;1;3;2;;;;6;1;6;;;;1;4;8;2
1;1;186081;1;2;2;;;;6;;5;;1;99;1;17;9;2
1;1;222229;1;9;1;;;;6;1;6;;;;2;3;8;2
1;1;74260;1;1;1;;;;6;;8;1;6;;1;8;8;2
1;1;36387;1;2;1;;;;6;;11;1;6;;2;8;8;2
1;1;209906;1;1;1;;;;6;;11;2;1;;1;12;8;2
1;1;125593;1;1;2;;;;6;1;11;9;6;99;1;13;9;2
1;1;62545;1;1;2;;;;6;;8;6;2;5;1;13;8;2
1;1;108302;1;1;1;;;;6;;7;5;3;;2;12;8;2
1;1;184110;1;1;1;;;;7;;11;1;5;;1;10;8;2
1;1;105677;1;9;2;;;;6;2;11;9;5;99;1;8;9;2
1;1;63073;1;2;2;;;;6;;8;;5;4;1;11;8;2
1;1;109859;1;3;1;;;;6;1;6;;;;2;3;8;2
1;1;83289;1;3;1;;;;6;;8;;6;;1;6;8;2
1;1;52489;1;1;1;;;;6;;7;2;5;;2;9;8;2
1;1;32620;1;3;1;;;;6;1;6;;;;2;3;8;2
1;1;226004;1;9;2;;;;6;;8;1;6;99;1;7;8;2
1;1;12857;1;9;1;;;;6;;8;6;6;;1;6;8;2
1;1;84229;1;3;1;;;;6;1;8;;6;;2;5;8;2
1;1;30785;1;1;2;;;;6;;8;;5;3;1;7;8;2
1;1;2011;1;2;2;;;;6;;5;;1;3;1;11;8;2
1;1;217359;1;1;2;;;;6;;11;6;5;1;1;10;8;7
1;1;128318;1;2;2;;;;6;;7;3;5;1;2;8;8;2
1;1;36128;1;1;1;;;;6;;7;1;5;;1;10;8;2
1;1;61407;1;6;2;;;;6;1;6;;;;1;3;8;2
1;1;156001;1;3;2;;;;6;1;8;;6;;2;4;8;2
1;1;137711;1;10;1;;;;6;;10;1;6;;1;7;8;2
1;1;219026;1;1;1;;;;6;;5;;4;;1;21;7;2
1;1;195112;1;1;1;;;;6;;5;1;2;;2;9;8;2
1;1;68840;1;3;1;;;;6;1;6;;;;1;4;8;2
1;1;240424;1;3;2;;;;6;;5;9;6;99;2;10;9;2
1;1;191659;1;3;2;;;;6;3;8;;6;;2;5;8;2
1;1;113369;1;3;2;;;;6;1;3;;;;1;2;8;2
1;1;165445;1;3;1;;;;6;2;6;;;;2;3;8;2
1;1;164567;1;1;2;;;;6;;8;1;6;;1;7;8;2
1;1;75796;1;3;1;;;;6;2;6;;6;;1;4;8;2
1;1;219562;1;2;1;;;;6;;8;1;5;;2;7;8;2
1;1;51321;1;2;2;;;;6;;8;;5;3;1;11;8;2
1;1;62790;1;1;2;;;;7;;5;;5;;2;15;1;2
1;1;211018;1;3;2;;;;6;;1;;;;1;2;8;2
1;1;222947;1;1;2;;;13;1;;1;;4;6;2;18;1;6
1;1;108667;1;1;2;;;;6;;8;1;2;3;1;9;8;2
1;1;54754;1;3;1;;;;6;;8;6;5;;2;8;8;2
1;1;176230;1;1;1;;;;6;;11;1;5;;1;13;8;2
1;1;16785;1;1;2;;;;6;;7;1;2;2;2;7;8;2
1;1;213667;1;3;2;;;;6;2;8;;6;;2;5;8;7
1;1;114790;1;3;1;;;;6;1;6;;;;1;3;8;2
1;1;78010;1;6;1;;;;6;;1;;;;1;2;8;2
1;1;16783;1;3;1;;;;6;1;6;;6;;1;4;8;2
1;1;121572;1;3;2;;;;6;;8;;5;1;2;7;8;2
1;1;181125;1;10;1;;;;6;;7;1;6;;1;7;8;2
1;1;93042;1;3;2;;;;6;;8;8;6;;2;6;8;2
1;1;222833;1;2;2;;;;6;;5;;5;5;2;13;8;2
1;1;175756;1;3;1;;;;6;;11;6;5;;1;11;8;2
1;1;219142;1;3;2;;;;6;1;6;;;;2;4;8;2
1;1;225752;1;2;1;;;;6;;6;3;1;;2;9;8;2
1;1;21985;1;3;1;;;;6;1;8;;6;;1;5;9;2
1;1;215278;1;3;2;;;;6;2;6;;6;;1;4;8;2
1;1;107193;1;3;2;;;;6;2;6;;;;1;3;8;2
1;1;23833;1;6;1;;;;6;3;6;;;;2;3;8;2
1;1;104992;1;3;2;;;;6;;5;4;6;4;2;8;8;2
1;1;237479;1;2;2;;;;7;;12;1;5;1;1;9;8;2
1;1;236859;1;2;2;;;;6;;10;2;5;2;1;10;8;2
1;1;141451;1;1;2;;;;6;;7;;1;2;1;13;8;2
1;1;57822;1;1;1;;;;6;;8;2;5;;2;9;8;2
1;1;166149;1;3;2;;;;6;;11;2;6;;1;9;8;2
1;1;236721;1;1;1;;;;6;;5;6;5;;1;11;8;2
1;1;51773;1;3;1;;;;6;3;6;;;;2;3;8;2
1;1;84846;1;9;2;;;;6;;5;1;6;1;1;9;8;2
1;1;198551;1;3;1;;;;6;;8;1;1;;1;6;8;2
1;1;22567;1;3;1;;;;6;;11;1;6;;1;9;8;2
1;1;89328;1;2;2;;;;6;;11;5;5;1;1;10;8;2
1;1;216796;1;1;1;;;;6;;11;5;6;;1;10;8;2
1;1;214506;1;3;1;;;;6;1;6;;;;2;3;8;2
1;1;233604;1;1;1;;;;6;;7;;1;;1;21;7;2
1;1;51805;2;1;2;;;;6;;8;1;6;2;1;8;8;2
1;1;117513;1;3;2;;;;6;1;11;;6;;2;6;8;2
1;1;179555;1;1;2;;;;6;;10;6;6;;2;11;5;2
1;1;99749;1;3;1;;;;6;;8;1;6;;2;5;8;2
1;1;228076;1;1;1;;;;6;;5;6;2;;1;13;8;2
1;1;159164;1;3;1;;;;6;;8;1;6;;1;6;8;2
1;1;55157;1;2;2;;;;6;;5;;5;1;2;16;8;2
1;1;207742;1;2;2;;;;6;;8;;5;2;1;17;8;2
1;1;144581;1;3;1;;;;6;2;6;;;;2;3;8;2
1;1;26266;1;6;2;;;;6;1;6;;;;2;4;8;2
1;1;222462;1;2;2;;;;6;;5;;5;6;2;14;8;2
1;1;238383;1;1;1;;;;6;;7;1;5;;2;10;8;2
1;1;33131;1;1;2;;;;6;;8;1;6;1;1;12;8;2
1;1;111522;1;3;2;;;;6;1;6;;;;2;4;8;2
1;1;225321;1;3;1;;;;6;2;11;1;6;;1;8;8;7
1;1;70130;1;9;2;;;;6;;8;1;6;2;2;9;8;2
1;1;32587;1;1;1;;;;6;;7;1;3;;1;13;8;2
1;1;91393;1;3;1;;;;6;1;8;1;6;;1;6;8;2
1;1;241829;1;2;2;;;;8;;11;1;1;99;2;10;8;7
1;1;192421;1;1;1;;;;6;;12;2;5;;1;8;8;2
1;1;84434;1;3;1;;;;6;1;6;;;;1;3;8;2
1;1;80544;1;3;1;;;;6;2;11;9;6;;1;6;9;2
1;1;195393;1;3;1;;;;6;;8;;6;;2;7;8;2
1;1;164790;1;3;2;;;;6;;8;2;6;;1;7;8;2
1;1;2869;1;3;1;;;;6;;8;3;6;;2;6;8;2
1;1;61999;1;1;1;;;;6;;12;;5;;1;17;8;2
1;1;138843;1;3;2;;;;6;1;6;;6;99;2;4;9;2
1;1;7149;1;1;1;;;;6;;8;1;5;;2;8;5;2
1;1;58168;1;3;2;;;;6;1;8;;6;;2;5;8;2
1;1;179387;1;2;1;;;;6;;8;3;1;;1;6;8;2
1;1;82180;1;3;1;;;;6;1;6;;;;2;3;8;2
1;1;71;1;3;1;;;;6;1;8;;6;;1;5;8;2
1;1;1634;1;3;2;;;;6;1;11;;6;;2;6;8;2
1;1;33930;1;1;2;;;;6;;5;9;6;99;1;13;9;2
1;1;240597;1;9;1;;;;6;;6;;6;;1;4;9;2
1;1;104207;1;2;1;;;;6;;5;3;5;;2;14;8;2
1;1;95657;1;3;2;;;;6;;1;;;;2;2;8;2
1;1;133897;1;1;2;;;;6;1;11;;1;;1;6;8;7
1;1;72183;1;1;2;;;;6;;5;;3;2;2;11;8;2
1;1;30058;1;1;1;;;;6;;5;1;5;;2;8;8;2
1;1;69170;1;1;1;;;;6;;10;6;5;;1;14;8;2
1;1;38339;1;6;2;;;;6;1;11;;6;;1;6;8;2
1;1;113308;1;9;1;;;;6;1;6;;6;;2;4;8;2
1;1;195866;1;1;2;;;;6;;11;2;6;2;1;9;8;2
1;1;119933;1;3;2;;5;;6;;1;;;;1;2;8;5
1;1;33564;1;3;1;;;;6;2;11;;6;;1;6;9;2
1;1;18110;1;3;1;;;;6;;11;6;6;;1;7;8;2
1;1;92978;1;3;1;;;;6;;8;6;6;;2;6;8;2
1;1;76287;1;3;1;;;;6;;1;;;;2;2;8;2
1;1;4537;1;2;2;;;;6;;5;1;5;5;2;11;8;2
1;1;147620;4;1;1;;;;6;;8;1;5;;1;11;8;2
1;1;159973;1;3;1;;;;6;1;8;1;6;;2;4;8;2
1;1;50056;1;3;2;;;;6;1;2;;;;1;2;8;2
1;1;5662;1;1;1;;;;6;;10;2;5;;2;7;8;2
1;1;73352;2;3;2;;;;6;;1;;;;2;1;8;
1;1;153957;1;3;2;;;;6;1;6;;;;1;3;8;2
1;1;149446;1;3;2;;;;6;;12;2;6;;2;9;8;2
1;1;52651;1;2;2;;;;6;;8;6;1;4;1;8;8;2
1;1;133401;1;3;2;;;;6;2;8;;6;;1;4;8;7
1;1;213184;1;1;1;;;;6;;7;1;5;;1;11;8;2
1;1;215143;1;2;2;;;;6;2;8;1;1;2;1;6;8;2
1;1;195753;1;9;1;;;;6;1;6;;;;1;2;8;2
1;1;3762;1;6;1;;;;6;1;2;;;;2;2;8;2
1;1;236790;1;2;2;;;;6;;11;6;5;2;2;8;8;2
1;1;1873;1;2;2;;;;6;2;11;9;5;99;1;10;9;2
1;1;129152;1;10;2;;;;6;2;11;;6;;1;5;8;2
1;1;123304;1;1;1;;;;6;;5;1;5;;2;9;8;2
1;1;196301;1;3;2;;;;6;3;6;;6;;1;4;8;2
1;1;127820;1;1;1;;;;6;;5;;5;;2;17;7;2
1;1;63306;1;3;1;;;;6;1;6;;;;2;3;8;2
1;1;137149;1;2;2;;;;6;;5;;5;12;2;13;1;2
1;1;139728;1;9;2;;;;6;1;8;;6;;2;5;8;2
1;1;173993;1;6;1;;;;1;1;6;;;;2;4;6;2
1;1;209600;1;1;1;;;;6;;11;2;5;;1;11;8;2
1;1;71535;1;3;2;;;;6;1;6;;6;;2;4;8;2
1;1;82630;1;1;1;;;;6;;11;5;5;;1;14;8;2
1;1;56301;1;3;2;;;;6;1;6;;6;;1;4;8;2
1;1;222675;1;3;2;;;;6;2;6;;;;1;3;8;2
1;1;159536;1;2;2;;;;6;;8;6;5;2;1;11;8;2
1;1;196307;1;1;1;;;;6;;11;1;5;;2;13;8;2
1;1;197183;1;3;1;;;;6;2;8;;6;;2;5;8;2
1;1;238329;1;2;2;;;;6;;6;8;1;1;1;6;8;2
1;1;141946;1;3;2;;;;6;2;3;;;;1;2;8;2
1;1;45351;1;2;2;;;;6;;11;2;5;2;1;8;8;2
1;1;108787;1;7;2;;;;6;;5;;6;7;1;17;1;2
1;1;120135;1;3;2;;;;6;2;11;;6;;1;6;8;2
1;1;242206;1;1;1;;;;6;;5;6;5;;2;15;8;2
1;1;43738;1;1;1;;;;6;;8;2;5;;1;12;8;2
1;1;143966;1;1;1;;;;6;;6;1;1;;1;6;8;2
1;1;146460;1;1;1;;;;6;;11;2;5;;1;11;8;2
1;1;100616;1;9;1;;;;6;;5;6;6;;1;11;8;2
1;1;160251;1;3;1;;;;6;3;8;;6;;1;5;8;2
1;1;231052;1;1;2;;;;6;;11;2;6;;1;9;8;2
1;1;26473;1;2;2;;;;6;;6;;5;3;2;9;8;2
1;1;63293;1;3;2;;;;6;;8;;6;;1;5;8;2
1;1;223346;1;3;2;;;;6;2;11;;6;;1;6;8;7
1;1;80084;1;3;1;;;;6;1;8;;6;;2;5;8;2
1;1;15616;1;1;2;;;;6;;8;;3;2;1;13;8;2
1;1;189640;1;2;2;;;;6;;5;;5;99;2;16;8;2
1;1;61759;1;1;1;;;;6;;5;6;5;;1;11;8;2
1;1;120300;1;2;2;;;;6;;7;6;5;1;1;11;8;2
1;1;120386;1;3;1;;;;6;2;6;;;;1;3;8;2
1;1;200061;1;1;2;;;;6;;8;1;6;2;1;9;8;2
1;1;240491;1;3;1;;;;6;;8;1;3;;2;10;8;2
1;1;139392;1;3;2;;;;6;;9;1;3;2;2;10;8;2
1;1;216872;1;2;2;;;;6;;5;;5;3;1;15;8;2
1;1;95634;1;7;1;;;;6;;8;;4;;1;19;8;2
1;1;171905;1;5;1;;;;6;;8;1;5;;1;8;8;2
1;1;162909;1;1;2;;;;6;;12;2;3;2;1;10;8;2
1;1;83131;1;2;2;;;;6;;7;;1;2;2;7;8;2
1;1;168793;1;6;1;;;;6;;11;6;6;;2;7;8;2
1;1;149877;1;10;2;;;;6;;11;;5;;1;11;8;2
1;1;56395;1;3;1;;;;1;1;3;;;;1;2;8;2
1;1;214755;1;1;1;;;;6;;12;2;5;;1;12;8;2
1;1;6250;1;3;1;;;;6;;1;;;;1;2;9;2
1;1;49754;1;1;2;;;;6;;1;;4;6;2;20;7;2
1;1;89368;1;3;1;;;;6;2;11;;6;;1;6;5;2
1;1;97422;1;3;1;;;;6;;6;1;1;;1;7;8;2
1;1;115420;1;1;1;;;;6;;11;2;5;;1;13;8;7
1;1;213647;1;1;1;;;;6;;8;1;1;;1;6;8;2
1;1;134400;1;3;1;;;;6;;8;1;6;;1;8;8;2
1;1;74724;1;3;2;;;;6;1;6;;6;;1;4;8;2
1;1;17342;1;3;1;;;;6;1;6;1;6;;1;4;8;2
1;1;4707;1;1;1;;;;6;;11;;5;;1;11;8;2
1;1;145209;1;3;2;;;;6;;1;;;;1;2;8;2
1;1;229130;1;3;2;;;;1;1;6;;;;2;4;8;2
1;1;72049;1;2;2;;;;6;;5;;5;4;2;10;8;2
1;1;9630;1;3;1;;;;6;1;6;;;;2;3;8;2
1;1;189165;1;3;2;;;;6;2;6;;;;1;3;8;2
1;1;59839;1;2;2;;;;6;;12;1;1;99;1;8;8;2
1;1;226151;0;12;2;;;8;1;;5;6;3;3;2;10;5;6
1;1;52104;1;3;2;;;;6;;11;1;6;;2;6;8;7
1;1;136215;1;2;2;;;;6;;5;;5;3;2;17;7;2
1;1;173777;1;9;2;;;;6;2;11;;6;99;1;6;9;2
1;1;120492;1;6;1;;5;;6;1;2;;;;2;2;8;5
1;1;96917;1;3;1;;;;6;;5;;6;;1;7;6;2
1;1;155886;1;3;1;;;;6;2;11;;6;;1;6;8;2
1;1;232942;1;2;1;;;;6;;12;1;5;;1;12;8;2
1;1;8435;1;3;1;;;;6;;12;1;6;;1;7;8;2
1;1;8661;1;8;2;;;;6;;5;;6;1;2;18;8;2
1;1;28337;1;1;2;;;;6;;5;1;5;99;2;11;8;2
1;1;152125;1;3;1;;;;6;2;6;;;;2;3;8;2
1;1;91649;1;1;1;;;;6;;10;2;5;;1;8;8;2
1;1;235924;1;3;2;;;;6;1;8;;6;;2;5;8;2
1;1;44624;1;2;2;;;13;1;;1;;5;5;1;11;8;1
1;1;46331;1;1;1;;;;6;;5;;4;;1;9;8;2
1;1;147575;1;1;1;;;;6;;5;1;5;;2;8;8;2
1;1;11347;1;3;2;;;;6;1;3;;;;2;2;8;2
1;1;175448;1;1;1;;;;6;;7;4;6;;1;10;8;2
1;1;97507;1;3;2;;;;6;;8;1;6;;1;5;8;2
1;1;177766;1;2;1;;;;6;;5;6;3;;1;12;8;2
1;1;3774;1;8;2;;;;6;;5;6;4;3;2;14;8;2
1;1;178618;1;2;1;;;;6;;8;2;5;;2;10;8;2
1;1;205301;1;1;1;;;;6;;11;1;5;;1;9;8;2
1;1;100894;1;3;2;;;;6;2;6;;;;1;4;8;2
1;1;152893;1;3;2;;;;6;2;11;;6;;1;6;8;2
1;1;84426;1;2;2;;;;6;;11;6;5;2;1;10;8;2
1;1;162726;1;2;2;;;;7;;11;;5;;2;15;8;7
1;1;194499;1;3;2;;;;6;2;6;;6;;1;4;8;2
1;1;23366;1;1;1;;;;6;;5;3;5;;1;9;8;2
1;1;73803;1;3;2;;;;6;1;6;;;;2;4;8;2
1;1;163936;1;3;1;;;;6;1;6;;;;2;4;8;2
1;1;179688;1;2;2;;;;6;;5;;5;99;1;10;8;2
1;1;139553;1;3;2;;;;6;;8;;6;;1;9;8;2
1;1;228564;1;3;1;;;;6;1;6;;;;1;3;9;2
1;1;104502;1;2;2;;;;6;;7;6;5;5;1;10;8;2
1;1;181697;1;3;1;;;;6;;8;1;6;;2;5;8;2
1;1;138685;1;1;2;;;;6;;5;;3;2;2;11;8;2
1;1;157275;1;6;1;;;;6;;1;;;;2;2;8;2
1;1;73373;1;3;1;;;;6;;8;;6;;1;5;9;2
1;1;216277;1;3;2;;;;6;3;6;;;;2;3;8;2
1;1;222858;1;2;2;;;;6;2;11;;1;;2;7;8;2
1;1;221119;1;3;2;;;;6;;5;;6;;2;7;6;2
1;1;123707;1;1;2;;;;6;;12;;3;1;1;10;8;2
1;1;185089;1;3;1;;;;6;;11;2;6;;1;7;8;2
1;1;44605;1;1;1;;;;6;;12;1;5;;1;10;8;2
1;1;45051;1;2;2;;;;6;;8;2;5;2;1;9;8;2
1;1;1764;1;1;1;;;;6;;5;1;6;;2;11;8;2
1;1;3906;1;3;2;;;;7;;1;;;;1;2;8;2
1;1;22762;1;7;1;;;13;6;;1;;5;;2;19;4;6
1;1;83366;1;2;2;;;;6;;5;;5;6;2;15;8;2
1;1;236833;1;1;2;;;;6;;7;6;3;;1;9;8;2
1;1;143888;1;3;2;;;;6;1;6;;6;;1;4;8;2
1;1;69783;1;3;1;;;;6;;8;;1;;2;6;8;2
1;1;136255;1;1;1;;;;6;;7;6;5;;1;14;8;2
1;1;91062;1;2;2;;;;6;;11;1;5;1;2;11;8;7
1;1;160356;2;7;1;;;;6;;5;;2;;2;14;7;2
1;1;123997;1;3;2;;;;6;2;6;;;;2;4;8;2
1;1;85141;1;2;2;;;;6;;12;6;5;;1;7;8;7
1;1;154868;1;1;2;;;;6;;6;;6;1;2;6;8;2
1;1;32728;1;3;2;;;;6;;11;1;6;;2;7;8;2
1;1;159129;1;3;1;;;;6;1;11;;6;;1;7;9;2
1;1;77794;1;3;2;;;;6;1;11;;6;;1;6;8;2
1;1;208623;1;3;1;;;;6;2;6;;;;1;3;8;7
1;1;131856;1;3;2;;;;6;1;8;;6;;1;5;8;2
1;1;188081;1;10;2;;;;1;;1;;6;;1;17;7;2
1;1;38900;1;3;2;;;;6;2;6;;;;2;3;8;2
1;1;151937;1;2;2;;;;6;;7;;5;99;1;15;8;2
1;1;71534;1;1;1;;;;6;;5;;5;;1;15;2;2
1;1;224561;1;6;2;;;;6;3;8;;6;99;1;5;9;2
1;1;83085;1;3;1;;;;6;;7;1;6;;1;11;8;2
1;1;84051;1;2;1;;;;7;2;11;6;1;;1;6;8;7
1;1;117448;1;3;1;;;;6;;1;;;;2;2;8;2
1;1;119771;1;1;2;;;;6;;7;6;4;3;1;13;5;2
1;1;212571;1;1;1;;;;6;;12;2;5;;1;12;8;2
1;1;18538;1;1;1;;;;6;;7;1;5;;2;9;8;2
1;1;174814;1;2;1;;;;6;1;11;9;5;;1;9;9;2
1;1;137209;1;3;2;;;;6;2;6;;;;2;3;9;2
1;1;170452;1;10;2;;;;1;1;6;;;;1;3;8;2
1;1;90615;1;3;2;;;;6;2;6;;6;;1;4;8;2
1;1;170304;1;3;2;;;;6;;1;;;;1;2;8;2
1;1;3814;1;3;1;;;;6;2;6;;;;2;3;8;2
1;1;220319;1;1;2;;;;6;;8;1;6;;2;7;8;2
1;1;136011;1;3;1;;;;6;2;6;;;;1;3;8;2
1;1;152493;1;1;1;;;;6;;7;6;5;;1;13;8;2
1;1;235657;1;6;1;;;;6;2;6;;6;;1;4;8;2
1;1;55280;1;1;2;;;;2;;7;6;6;99;1;10;8;2
1;1;157435;1;3;2;;;;1;;11;;6;;2;6;8;2
1;1;236127;1;2;2;;;;6;;8;;5;3;2;11;8;2
1;1;170511;1;1;2;;;;6;;5;;4;2;1;16;8;2
1;1;61266;1;1;2;;;;6;;5;;4;4;2;20;8;2
1;1;182321;1;3;2;;;;6;1;6;;6;;1;4;8;2
1;1;162611;1;3;1;;;;6;2;11;;6;;2;6;8;2
1;1;17493;1;3;2;;;;6;;5;4;6;;2;7;8;2
1;1;44543;1;3;2;;;;6;;8;;6;99;2;5;9;2
1;1;84621;1;3;1;;;;6;;11;1;6;;1;7;8;2
1;1;165842;1;2;2;;;;6;;5;;5;3;2;10;8;2
1;1;184480;1;3;1;;;;6;;8;1;1;;2;8;8;2
1;1;96188;1;2;2;;;;6;;8;;5;1;1;8;8;2
1;1;186903;1;2;2;;;;6;;11;6;5;2;1;11;8;2
1;1;94955;1;1;1;;;;6;;5;;5;;1;16;8;2
1;1;170156;1;3;2;;;;6;1;11;;6;;2;5;8;2
1;1;25307;1;2;2;;;;6;;5;;5;3;1;16;8;2
1;1;36458;1;3;1;;;;6;1;8;;6;;2;5;8;2
1;1;195751;1;9;2;;;;6;;7;;5;3;1;11;8;2
1;1;196269;1;1;1;;;;6;;5;6;3;;1;13;8;2
1;1;226923;1;3;1;;;;6;1;3;;;;2;2;8;2
1;1;202409;1;9;1;;;;6;2;8;;6;;1;5;8;2
1;1;209052;1;2;2;;;;6;;5;6;5;2;2;9;8;2
1;1;8387;1;1;1;;;;6;;5;;5;;2;10;8;2
1;1;176528;1;3;2;;;;6;;11;1;6;;1;6;5;2
1;1;107892;1;1;1;;;;6;;12;1;6;;1;8;8;7
1;1;156336;1;1;1;;;13;6;;11;1;5;;1;9;8;6
1;1;139176;1;1;2;;;;6;;8;;4;4;1;14;8;2
1;1;181564;1;2;2;;;;6;;8;;5;1;1;8;8;2
1;1;89959;1;1;2;;;;6;;5;3;5;2;2;15;8;2
1;1;24552;1;1;2;;;;6;;11;5;5;3;2;9;8;2
1;1;129308;1;3;1;;;;6;;8;6;6;;2;8;8;2
1;1;94441;1;1;1;;;;6;;12;;5;;1;18;8;7
1;1;212522;1;3;2;;;;6;2;11;;6;;1;5;8;2
1;1;135328;1;6;2;;;;6;1;6;;;;2;3;8;2
1;1;75918;1;6;1;;;;6;;10;1;6;;1;7;8;2
1;1;181868;1;1;2;;;;6;;11;;4;1;1;14;8;2
1;1;59391;1;1;1;;;;6;;6;6;5;;2;8;8;2
1;1;89048;1;3;1;;;;6;;11;5;6;;1;8;8;7
1;1;126788;1;3;1;;;;6;;8;1;6;;1;6;8;2
1;1;183954;1;1;2;;;;6;;5;;4;3;2;17;1;2
1;1;165276;1;1;1;;;;6;;8;;6;;2;5;8;2
1;1;147056;1;1;2;;;;6;;6;3;5;2;2;13;1;2
1;1;7585;1;1;1;;;;6;;8;5;5;;1;12;8;2
1;1;174899;1;3;1;;;;6;;11;;6;;1;7;8;7
1;1;212584;1;3;2;;;;6;1;11;;6;;2;5;5;2
1;1;8674;1;2;1;;;;6;;12;1;5;;2;9;8;2
1;1;163206;1;3;2;;;;6;2;6;;;;1;4;8;2
1;1;99310;1;3;2;;;;6;;11;6;5;99;2;7;8;2
1;1;24339;1;9;1;;;;6;;7;1;6;;1;7;8;2
1;1;182096;1;1;1;;;;6;;5;7;5;;1;15;8;2
1;1;125286;1;4;2;;;;6;1;6;;6;;1;4;8;2
1;1;4997;1;3;1;;;;6;3;6;;;;1;4;8;2
1;1;179529;1;1;1;;;;6;;11;1;5;;1;9;8;2
1;1;179653;1;4;2;;;;6;;8;1;6;;2;6;8;2
1;1;114281;1;1;1;;;;6;;11;1;5;;1;11;8;2
1;1;73887;1;2;2;;;;6;;5;;5;4;2;14;8;2
1;1;113597;1;2;2;;;;6;;11;;1;2;1;11;8;2
1;1;117213;1;3;2;;;;6;1;8;;6;1;2;5;8;2
1;1;85470;1;3;2;;;;6;;8;1;6;;2;7;8;2
1;1;123455;1;1;1;;;;6;;8;1;5;;2;14;1;2
1;1;84574;1;6;2;;;;6;2;8;;6;;1;5;8;2
1;1;32881;1;1;1;;;;6;;8;1;1;;1;6;8;2
1;1;134011;1;1;1;;;;6;;8;1;5;;2;6;8;2
1;1;110664;1;3;2;;;;6;;1;;;;1;3;9;2
1;1;63657;1;1;2;;;;6;;8;1;3;3;1;8;8;2
1;1;169461;1;2;2;;;;6;;12;2;5;1;1;10;8;2
1;1;115724;1;3;2;;;;6;2;11;;6;;1;6;8;2
1;1;113551;2;3;1;;;;6;;8;6;6;;2;5;8;2
1;1;203797;1;3;2;;;;6;;1;;;;2;2;8;2
1;1;39663;1;3;2;;;;6;2;8;;6;;1;5;8;2
1;1;114910;1;3;2;;;;6;1;3;;;;1;3;8;2
1;1;664;1;1;2;;;;6;;11;;4;3;2;14;8;2
1;1;11815;1;2;2;;;;6;;7;;5;4;1;11;8;2
1;1;88472;1;3;1;;;;6;1;8;;6;;2;4;8;2
1;1;94781;1;3;1;;;;6;;11;;6;;2;7;8;2
1;1;49214;1;9;2;;;;6;;6;;;;2;4;9;2
1;1;138363;1;1;1;;;;6;;5;;5;;2;13;8;2
1;1;58609;1;2;2;;;;6;;8;6;5;4;1;11;1;2
1;1;161392;1;2;1;;;;6;;5;;5;;2;11;7;2
1;1;188354;1;3;1;;5;;6;;1;;;;2;2;8;5
1;1;50184;1;2;2;;;;6;;5;6;5;3;1;13;8;2
1;1;17507;1;1;2;;;;6;;11;1;1;1;1;8;8;2
1;1;37544;2;10;1;;;;3;1;11;1;6;;1;7;8;2
1;1;88058;1;1;1;;;;6;;5;1;5;;2;12;8;2
1;1;209573;1;3;1;;;;6;2;11;;6;;1;6;8;2
1;1;95123;1;2;2;;;;6;;5;;5;4;1;18;8;2
1;1;145154;1;1;1;;;;6;;10;1;5;;1;11;8;2
1;1;116598;1;2;2;;;;1;;8;4;5;1;2;7;8;2
1;1;237596;1;1;2;;;;6;;11;;6;2;1;6;8;7
1;1;152124;1;3;2;;;;6;;8;;6;;1;12;8;2
1;1;235122;1;6;2;;;;6;;6;;6;99;1;4;9;2
1;1;159863;1;2;2;;;;6;;12;6;5;2;1;9;8;2
1;1;29499;1;2;2;;;;6;;5;;5;3;1;13;8;2
1;1;108173;1;6;1;;;;6;1;3;;;;1;3;8;2
1;1;57530;1;3;1;;;;1;3;8;;6;;2;5;8;2
1;1;183191;1;3;2;;;;6;2;11;;6;;1;6;8;7
1;1;173684;1;3;1;;;;6;;8;1;6;;1;6;8;2
1;1;37739;1;9;2;;;;6;1;3;;;;2;2;8;2
1;1;4169;1;1;1;;;;6;;10;1;6;;1;6;8;2
1;1;694;1;1;1;;;;6;;5;9;1;;1;12;9;2
1;1;166708;1;1;1;;;;6;;5;;5;;2;18;7;2
1;1;192604;1;3;1;;;;6;2;8;;6;;1;5;8;2
1;1;115215;1;1;2;;;;6;;5;;1;5;2;12;8;2
1;1;182822;1;2;2;;;;6;;8;1;5;;1;10;8;2
1;1;184904;1;2;2;;;;6;;8;6;6;2;2;10;8;2
1;1;117430;1;1;2;;;;6;;5;;6;99;2;9;8;2
1;1;59936;1;6;1;;;;6;1;8;;6;;2;5;8;2
1;1;123297;1;1;1;;;;6;;8;1;6;;1;7;8;2
1;1;129071;1;3;2;;;;6;;8;1;1;1;2;6;8;2
1;1;91453;1;3;2;;;;6;;12;1;6;;1;10;8;2
1;1;47243;1;3;1;;;;1;1;6;;;;1;3;8;2
1;1;101525;1;2;2;;;;6;;5;;5;2;2;14;1;2
1;1;49424;2;3;1;;;;6;1;3;;;;2;2;8;2
1;1;22393;1;3;1;;;;6;1;6;;;;1;3;8;2
1;1;45757;1;1;2;;;;6;;13;1;6;;1;7;8;2
1;1;58059;1;3;1;;;;6;;11;;6;;1;6;8;2
1;1;91351;1;3;1;;;;6;2;11;1;6;;1;7;8;2
1;1;109765;1;2;2;;;;6;;8;;5;1;2;8;8;2
1;1;2091;1;1;1;;;;6;;12;;5;;1;15;8;2
1;1;111657;1;1;2;;;;6;;8;4;5;99;1;8;8;2
1;1;123319;1;1;1;;;;6;;11;1;1;;1;8;8;2
1;1;147677;1;3;2;;;;6;;1;;;;1;2;8;2
1;1;160860;1;3;2;;;;6;;11;;6;99;1;6;8;7
1;1;186307;1;1;2;;;;6;;5;9;1;99;1;11;9;2
1;1;184144;1;3;1;;;;6;1;6;;;;1;3;8;2
1;1;210523;1;3;1;;;;6;2;3;;;;1;2;8;2
1;1;95411;1;3;1;;;;6;;6;6;6;;2;7;8;2
1;1;215359;1;1;1;;;;6;;5;;5;;2;12;8;2
1;1;54427;1;1;1;;;;6;;7;6;5;;1;10;8;2
1;1;75725;1;3;1;;;;6;2;6;;6;;1;4;8;2
1;1;235096;1;1;2;;;;6;;5;;4;6;2;17;7;2
1;1;119963;1;6;1;;;;6;1;6;;;;1;3;8;2
1;1;56788;1;5;2;;;;6;;8;;5;2;2;8;8;2
1;1;74896;1;3;2;;;;6;1;8;;6;;2;5;8;2
1;1;203546;1;1;1;;;;6;;7;6;5;;2;9;8;2
1;1;220965;1;2;2;;;;6;;8;;5;1;2;6;8;2
1;1;197591;1;2;2;;;;7;;8;;5;4;1;16;8;2
1;1;112200;1;1;2;;;;6;;11;6;6;;1;10;8;2
1;1;11567;1;1;2;;;;6;;5;;6;99;2;8;8;2
1;1;150278;1;2;2;;;;6;;5;1;1;5;2;10;8;2
1;1;9171;1;2;2;;;;6;;8;;6;1;2;6;8;2
1;1;156843;1;3;1;;;;6;1;8;;6;;2;5;8;2
1;1;122104;1;1;1;;;13;1;;5;;5;;2;16;5;6
1;1;235745;1;3;1;;;;6;1;2;;;;1;2;9;2
1;1;61853;1;1;2;;;;1;;6;;1;;1;6;8;2
1;1;32415;1;3;2;;;;6;1;8;;6;;2;5;8;2
1;1;104493;1;1;2;;;;6;;11;1;3;2;1;14;8;7
1;1;162850;1;2;2;;;;6;;5;1;5;5;2;9;8;2
1;1;195167;1;1;2;;;;6;;8;;6;1;2;9;8;2
1;1;4553;1;3;1;;;;6;1;6;;;;2;4;8;2
1;1;186292;1;2;2;;;;6;;11;;5;3;2;8;8;2
1;1;83080;1;3;1;;;;6;2;6;;;;1;4;8;2
1;1;209014;1;1;1;;;;1;;11;2;5;;2;12;8;2
1;1;154867;1;1;2;;;;6;;1;;5;1;2;12;7;2
1;1;11535;1;1;1;;;;6;;8;1;3;;1;11;8;2
1;1;74829;1;1;2;;;;6;;5;1;5;2;1;14;8;2
1;1;217447;1;3;2;;;;6;1;11;;6;99;1;6;2;2
1;1;193355;1;3;1;;;;6;;1;;;;1;2;8;2
1;1;35627;1;2;2;;;;6;;5;3;5;99;2;16;8;2
1;1;238019;1;1;1;;;;6;;7;;5;;1;15;8;2
1;1;153142;1;3;1;;;;6;;1;;;;1;2;8;2
1;1;37379;1;3;1;;;;6;1;11;1;6;;2;7;8;2
1;1;205583;1;3;1;;;;6;;11;1;2;;1;13;8;2
1;1;212366;1;2;2;;;;6;;12;2;5;1;1;10;8;2
1;1;236681;1;1;1;;;;6;;7;6;5;;1;9;8;2
1;1;224127;1;3;1;;;;6;2;8;;6;;2;5;8;2
1;1;110558;1;9;1;;;;6;;1;;6;;2;6;8;2
1;1;113609;1;10;2;;;;6;;1;;;;2;2;8;2
1;1;175555;1;2;2;;;;6;;5;6;5;5;2;10;8;2
1;1;21177;1;3;2;;;;7;2;6;;6;99;1;4;8;2
1;1;173082;1;1;2;;;;6;;11;2;6;;1;12;8;2
1;1;234240;3;3;2;;;;6;1;8;;6;;1;5;8;2
1;1;108750;1;3;2;;;;6;1;11;;6;;1;6;8;2
1;1;17619;1;6;2;;;;6;1;6;;;;1;3;8;2
1;1;44340;1;3;2;;;;7;;12;1;6;;1;7;8;2
1;1;193668;1;1;1;;;;6;;6;1;5;;1;14;8;2
1;1;189763;1;2;1;;;;6;;11;6;1;;2;7;8;2
1;1;54010;1;1;1;;;;6;;5;7;6;;2;15;8;2
1;1;116175;1;1;2;;;;6;;8;6;3;3;1;8;8;2
1;1;199224;1;1;2;;;;6;;5;;6;3;2;7;8;2
1;1;154692;1;3;2;;;;6;1;6;;;;2;3;8;2
1;1;67406;1;6;2;;;;6;1;6;;;;1;4;8;2
1;1;229855;1;3;1;;;;6;1;6;;;;2;3;8;2
1;1;66032;1;2;2;;;;6;;11;1;5;1;1;9;8;2
1;1;11643;1;2;2;;;;6;;5;;5;5;2;13;8;2
1;1;43769;1;1;2;;;;6;;11;1;5;1;1;8;8;2
1;1;174445;1;2;2;;;;6;;8;9;5;99;1;7;9;2
1;1;101330;1;1;2;;;;6;;5;;5;4;2;14;8;2
1;1;127184;1;3;2;;;;6;;11;;3;;1;7;8;2
1;1;13561;1;1;1;;;;7;;11;;2;;1;16;8;7
1;1;31029;1;3;1;;;;6;;11;1;6;;1;10;8;2
1;1;205594;1;6;1;;;;6;2;11;;6;;1;6;8;2
1;1;54093;1;6;2;;;;6;1;6;;;;2;3;8;2
1;1;226770;1;3;1;;;;6;1;11;;6;;1;6;8;2
1;1;185119;1;3;2;;;;6;;1;;;;2;2;8;2
1;1;171725;2;1;1;;;;6;;11;1;6;;1;13;8;2
1;1;49615;1;2;2;;;;6;;11;1;5;1;1;8;8;2
1;1;206633;1;3;1;;5;;6;;1;;;;2;2;8;5
1;1;183691;1;1;1;;;;6;;12;1;5;;1;9;8;7
1;1;17722;1;3;2;;;;6;;5;;6;;2;11;8;2
1;1;30452;1;3;2;;;;6;;11;4;5;1;1;8;8;2
1;1;69114;1;3;2;;;;6;;8;;6;1;2;6;4;2
1;1;222716;1;1;1;;;;7;;11;;5;;1;17;8;3
1;1;152337;1;1;1;;;;6;;11;;5;;1;15;8;2
1;1;135942;1;3;1;;;;6;;8;;6;;2;5;8;2
1;1;165754;1;1;2;;;;6;;1;6;4;4;1;15;8;2
1;1;165679;1;3;1;;;;6;;6;1;6;;1;6;8;2
1;1;237345;1;1;2;;;;6;;5;;1;99;1;10;9;2
1;1;46113;1;3;2;;;;6;1;8;;6;;2;5;8;2
1;1;81291;2;1;2;;;;6;;8;;1;1;1;6;8;2
1;1;89909;1;3;2;;;;6;3;8;;6;99;2;5;9;2
1;1;30430;1;2;2;;;;6;;8;1;5;99;1;12;8;2
1;1;83076;1;2;2;;;;6;1;8;1;1;3;2;12;8;2
1;1;18339;1;1;1;;;;6;;11;2;5;;1;13;8;2
1;1;197062;1;3;1;;;;6;1;6;;6;;1;4;8;2
1;1;229845;1;2;2;;;;6;;5;6;5;3;2;12;8;2
1;1;1779;1;3;2;;;;6;;8;;6;99;2;10;8;2
1;1;67300;1;1;1;;;;6;;5;;5;;1;18;8;2
1;1;87335;1;1;2;;;;6;;12;2;3;2;1;8;8;2
1;1;155767;1;6;2;;;;6;1;6;;6;;1;4;8;2
1;1;142609;1;1;2;;;;6;;7;6;3;4;2;12;8;2
1;1;193263;1;2;2;;;;6;;6;;5;1;2;16;8;2
1;1;218881;1;9;1;;;;6;2;10;;6;;2;5;8;2
1;1;166117;1;7;1;;;;6;;5;;5;;1;21;7;2
1;1;209757;1;2;1;;;;6;;12;1;5;;1;9;8;7
1;1;199016;1;1;1;;;;6;;8;;5;;1;15;8;2
1;1;77947;1;2;2;;;;6;;8;;5;3;1;11;8;2
1;1;164636;1;3;1;;;;6;1;8;;6;;1;5;8;2
1;1;89212;1;6;1;;;;6;1;8;;6;;1;5;8;2
1;1;111683;1;2;2;;;;6;;5;9;5;99;1;10;9;2
1;1;169881;1;1;2;;;;6;;11;;6;;1;13;8;2
1;1;43132;1;3;2;;;;6;;1;;;;1;2;8;2
1;1;156517;1;3;1;;;;6;;11;;6;;1;7;8;2
1;1;17318;1;1;1;;;;6;;11;6;5;;1;10;8;2
1;1;11698;1;1;1;;;;6;;11;;5;;1;17;7;2
1;1;156677;1;1;1;;;;6;;5;3;5;;2;13;1;2
1;1;16210;1;3;2;;;;6;;11;1;6;;1;8;8;2
1;1;209612;1;2;2;;;;6;2;11;6;5;1;2;10;8;2
1;1;6796;1;2;2;;;;6;1;11;;5;99;2;9;9;2
1;1;1158;1;1;2;;;;6;;5;1;3;99;2;13;8;2
1;1;222425;1;2;2;;;;6;;11;1;5;1;2;8;8;2
1;1;104611;1;1;2;;;;6;;5;;3;3;2;14;8;2
1;1;109678;1;9;2;;;;6;;11;1;6;;2;7;8;2
1;1;4642;1;6;1;;;;6;1;6;;;;1;3;8;2
1;1;45686;1;3;2;;;;7;1;6;;;;2;3;8;2
1;1;19764;1;1;1;;;;6;;5;1;5;;2;8;8;2
1;1;87845;1;3;2;;;;6;;11;1;6;;1;8;8;2
1;1;75080;1;3;2;;;;6;2;11;;6;;2;5;8;2
1;1;170189;1;9;1;;;;1;2;11;;6;;1;5;8;2
1;1;17406;1;1;1;;;;6;;8;1;3;;2;10;8;7
1;1;148777;1;2;2;;;;6;;7;;5;3;1;9;8;2
1;1;207321;1;1;2;;;;6;;11;1;6;99;1;6;8;2
1;1;50397;1;1;1;;;;6;;5;6;1;;2;12;8;7
1;1;165063;1;2;2;;;;4;;8;;5;1;1;7;8;2
1;1;91514;1;3;1;;;;6;;8;1;6;;1;7;8;2
1;1;208852;1;2;2;;;;6;;5;;5;3;2;10;8;2
1;1;88016;1;1;2;;;;6;;1;;4;5;1;16;8;2
1;1;183318;1;1;1;;;;6;;5;1;5;;1;9;8;2
1;1;159610;1;3;2;;;;6;1;11;;6;;1;6;8;2
1;1;227931;1;3;2;;;;6;;11;;1;99;1;8;8;7
1;1;204152;1;1;2;;;;6;;8;6;5;2;1;15;8;2
1;1;36898;1;1;1;;;;6;;11;2;5;;1;10;8;2
1;1;80616;1;3;1;;;;6;1;8;;6;;2;5;8;2
1;1;10004;1;3;1;;;;6;;1;;;;2;1;8;
1;1;110605;1;4;2;;;;6;;8;1;6;;1;6;8;2
1;1;179343;1;1;2;;;;6;;8;;6;;1;5;8;2
1;1;25936;1;1;2;;;;6;;5;;2;8;2;14;8;2
1;1;60396;1;3;2;;;;6;1;6;;;;2;3;8;2
1;1;157886;1;7;2;;;;6;;11;;3;99;1;13;7;2
1;1;198782;1;1;1;;;;6;;5;3;5;;2;17;8;2
1;1;237805;1;3;1;;;;6;2;11;;6;;1;5;8;2
1;1;95803;1;3;1;;;;6;2;6;;6;;1;4;8;2
1;1;163849;1;6;1;;;;7;1;6;;;;1;3;8;2
1;1;106011;1;2;2;;;;6;;11;1;5;2;1;12;8;2
1;1;24279;1;1;1;;;;6;;11;1;6;;1;8;8;2
1;1;233615;1;1;1;;;;6;;8;6;1;;1;7;8;2
1;1;210582;1;1;2;;;;7;;12;1;5;2;2;14;8;2
1;1;109636;1;2;2;;;;6;;5;6;5;2;1;9;8;2
1;1;143783;1;1;2;;;;6;;5;;6;2;1;12;8;2
1;1;170652;1;2;1;;;;6;;11;1;5;;1;11;8;2
1;1;53225;1;1;1;;;;6;;5;1;5;;2;15;4;2
1;1;92795;1;1;2;;;;6;2;10;6;5;3;1;10;8;2
1;1;69617;1;2;2;;;;6;2;11;;1;1;2;6;8;2
1;1;12587;1;3;1;;;;6;;8;1;6;;2;7;8;2
1;1;220237;1;1;1;;;;6;;1;;5;;1;17;6;2
1;1;234144;1;6;1;;;;6;;8;6;6;;1;5;8;2
1;1;209915;1;3;1;;;;6;1;6;;;;1;4;8;2
1;1;16627;1;2;2;;;;6;;5;;5;3;2;11;1;2
1;1;225853;1;3;2;;;;6;;8;;6;;2;6;8;2
1;1;150755;1;3;1;;;;6;1;6;;;;1;3;8;2
1;1;74085;1;3;2;;;;6;;11;;6;99;1;6;8;2
1;1;222614;1;3;1;;;;6;1;6;;6;;2;4;8;2
1;1;131195;1;2;2;;;;6;;11;1;5;;1;9;8;2
1;1;193071;1;1;1;;;;6;;11;1;5;;1;12;8;2
1;1;152518;2;3;2;;;;6;1;6;;;;2;4;8;2
1;1;218182;1;3;2;;;;6;2;8;;6;;1;5;8;2
1;1;145929;1;3;2;;;;6;1;11;;6;;2;6;8;2
1;1;69691;1;6;1;;;;6;1;6;;;;1;3;8;2
1;1;66843;1;9;2;;;;6;1;3;;;;1;2;8;2
1;1;180434;1;9;2;;;;6;;11;4;6;;1;6;8;2
1;1;150689;1;3;1;;;;6;1;10;;6;;2;6;8;2
1;1;36537;1;1;1;;;;6;;8;6;5;;1;15;4;2
1;1;136781;1;3;2;;;;6;1;6;;;;2;3;8;2
1;1;56749;1;1;1;;;;6;;13;;5;;1;18;8;2
1;1;225924;1;1;1;;;;6;;12;;5;;2;17;5;7
1;1;136048;2;1;1;;;;6;;5;1;5;;1;10;8;2
1;1;67809;1;3;2;;;;6;2;11;;5;99;1;6;8;2
1;1;226686;1;3;1;;;;6;;8;;6;;2;6;5;2
1;1;19291;1;1;1;;;;6;;12;1;5;;1;10;8;2
1;1;203783;1;9;2;;;;6;;7;;6;;1;15;8;2
1;1;103719;1;2;2;;;;6;;7;;5;1;1;13;8;2
1;1;128898;1;2;2;;;;6;;5;;5;3;1;16;8;2
1;1;210342;1;3;1;;;;6;2;6;;6;;1;4;8;2
1;1;116484;1;1;2;;;;6;;8;6;5;1;1;10;8;2
1;1;165596;1;3;1;;;;6;;7;1;3;;1;14;8;2
1;1;174268;1;6;1;;;;6;1;3;;;;1;2;8;2
1;1;52717;1;3;1;;;;6;1;6;;6;;1;4;9;2
1;1;5268;1;2;2;;;;6;;8;4;1;2;2;6;8;2
1;1;57674;1;1;1;;;;6;;5;6;1;;2;7;8;2
1;1;42421;1;2;2;;;;6;;12;;1;99;1;9;8;2
1;1;44618;1;3;1;;;;6;;11;1;6;;2;7;5;2
1;1;15730;1;3;1;;;;6;2;6;;6;;1;4;8;2
1;1;171872;1;1;2;;;;6;;5;;4;1;2;13;8;2
1;1;108786;1;3;1;;;;6;;8;1;6;;1;5;8;2
1;1;207884;1;3;2;;;;6;2;11;;6;1;1;9;8;2
1;1;214401;1;2;2;;;;6;;11;;5;99;1;13;8;2
1;1;136712;1;3;1;;;;6;;8;9;6;;1;5;9;2
1;1;86812;1;3;2;;;;6;;11;1;6;;2;7;8;2
1;1;92119;1;2;1;;;;6;;6;1;1;;1;9;8;2
1;1;135810;1;1;2;;;;6;;1;1;6;7;1;13;8;2
1;1;226471;1;9;1;;;;6;1;8;;6;;1;5;8;2
1;1;91280;1;3;2;;;;6;2;6;;;;1;3;8;2
1;1;215131;1;2;2;;;;6;2;11;;5;2;1;6;8;7
1;1;44414;1;3;1;;;;6;1;6;;6;;1;4;8;2
1;1;136855;1;3;2;;;;6;3;8;;6;;1;4;8;2
1;1;195468;1;10;1;;;;6;;11;;6;;1;7;8;2
1;1;36601;1;1;2;;;;2;;6;1;4;3;2;15;8;2
1;1;107789;1;3;1;;;;6;1;6;;6;;2;4;8;2
1;1;234298;1;2;2;;;;4;;5;;5;5;1;17;8;2
1;1;236960;1;1;2;;;;6;;8;6;6;;2;10;8;2
1;1;121671;1;3;2;;;;6;1;8;;6;;1;5;8;2
1;1;44378;1;3;2;;;;6;;1;;;;2;2;8;2
1;1;143634;1;3;2;;;;6;;5;1;6;5;1;9;8;2
1;1;65118;1;3;2;;;;6;2;6;;6;;1;4;8;2
1;1;158217;1;3;2;;;;6;;8;1;6;;1;7;8;2
1;1;189179;1;3;2;;;;6;;1;;;;1;2;8;2
1;1;93750;1;2;2;;;;6;;8;;1;1;2;6;8;2
1;1;11698;1;5;2;;;;6;;11;7;5;2;1;13;8;2
1;1;108492;1;1;1;;;;6;;11;;5;;1;17;8;2
1;1;227256;1;3;1;;;;6;;8;6;3;;1;9;8;2
1;1;166134;1;2;1;;;;6;;1;;5;;1;16;7;2
1;1;147660;1;3;2;;;;6;;11;1;6;1;1;11;8;2
1;1;165804;2;3;2;;;;6;2;6;;;;1;4;8;2
1;1;164358;1;2;2;;;;6;;5;6;5;3;1;15;8;2
1;1;16568;1;1;1;;;;6;;8;1;5;;1;9;8;2
1;1;35888;1;3;1;;;;6;1;6;;;;1;3;8;2
1;1;50387;1;3;2;;;;6;1;6;;;;2;3;8;2
1;1;87771;1;2;1;;;;6;;5;;5;;1;18;6;2
1;1;123274;1;6;1;;;;6;1;6;;6;;2;4;8;2
1;1;150019;1;3;2;;;;1;;1;;;;2;1;8;
1;1;153046;1;2;1;;;;6;2;10;1;5;;2;7;8;2
1;1;84079;1;2;2;;;;6;;5;6;1;1;2;11;8;2
1;1;39667;1;1;1;;;;6;;5;6;3;;2;9;8;2
1;1;62283;1;3;2;;;;6;1;11;;6;;1;6;8;2
1;1;153073;1;1;1;;;;6;;8;6;5;;1;12;8;2
1;1;81487;1;2;2;;;;6;;8;;1;99;1;8;9;2
1;1;183927;1;3;1;;;;6;1;6;;;;2;4;8;2
1;1;56825;1;2;1;;;;6;;8;6;5;;2;7;4;2
1;1;78964;1;1;2;;;;6;;5;1;2;4;2;10;8;2
1;1;35806;1;2;2;;;;6;;8;6;5;3;2;11;8;2
1;1;38414;1;3;2;;;;6;;8;6;5;2;2;9;8;2
1;1;164741;1;2;2;;;;6;;8;5;1;2;1;9;8;2
1;1;229253;1;1;2;;;;6;2;11;1;3;1;1;11;8;2
1;1;10003;1;2;2;;;;6;;11;;5;3;2;10;8;2
1;1;9222;1;3;1;;;;6;1;6;;6;;2;4;8;2
1;1;113755;1;1;2;;;;6;;12;2;6;;1;9;8;2
1;1;148921;1;3;2;;;;6;1;3;;;;1;2;8;2
1;1;25004;1;3;2;;;;6;2;6;;;;2;3;8;2
1;1;62736;1;1;2;;;;6;1;8;1;1;3;2;8;8;2
1;1;103084;1;1;1;;;;6;;5;6;5;;2;12;8;2
1;1;48530;1;3;2;;;;6;2;8;;6;;2;5;8;2
1;1;73243;1;3;1;;;;6;1;11;;6;;2;8;8;2
1;1;113950;1;2;2;;;;6;;8;;5;;1;9;8;2
1;1;121514;1;3;1;;;;6;;8;;6;;1;6;8;2
1;1;106726;1;1;1;;;;6;;5;6;5;;1;10;8;2
1;1;50670;1;6;1;;;;6;1;6;;;;2;4;8;2
1;1;37689;1;3;1;;;;6;1;3;;;;2;2;8;2
1;1;227780;1;1;2;;;;6;;11;5;3;2;1;13;8;7
1;1;232914;1;1;1;;;;6;2;6;9;5;;1;14;9;2
1;1;214153;1;1;1;;;;6;;5;6;5;;1;16;8;2
1;1;180551;1;3;2;;;;6;;1;;;;2;2;8;2
1;1;65947;1;2;2;;;;6;;5;6;5;3;2;10;8;2
1;1;64067;1;3;2;;;;6;;11;;6;;2;6;8;2
1;1;218164;1;3;1;;;;6;;5;8;3;;1;9;8;2
1;1;160589;1;3;1;;;;6;1;8;;6;;2;5;8;2
1;1;62682;1;1;1;;;;6;;11;6;5;;1;11;8;2
1;1;239971;2;3;1;;;;6;1;6;;;;2;3;8;2
1;1;3695;1;1;1;;;;6;;8;1;1;;1;6;8;2
1;1;55176;1;3;2;;;;6;;8;;6;;2;6;8;2
1;1;57492;1;2;1;;;;6;;10;2;1;;1;6;8;2
1;1;61895;1;6;2;;;;6;1;6;;;;2;3;8;2
1;1;60162;1;1;1;;;;6;;5;6;1;;1;11;8;2
1;1;236460;1;1;1;;;;6;;7;;5;;1;18;4;2
1;1;207101;1;3;1;;;;6;2;6;;6;;1;4;8;2
1;1;209236;1;3;1;;;;6;;1;;;;1;1;8;
1;1;84024;1;1;1;;;;6;;13;;5;;2;15;8;2
1;1;170005;1;2;2;;;;6;;11;1;5;2;2;10;8;2
1;1;236463;1;3;1;;;;6;;8;1;6;;2;5;8;2
1;1;24106;1;3;2;;;;6;2;6;;6;;1;4;8;2
1;1;170594;1;3;1;;;;6;2;8;;6;;1;5;8;7
1;1;74365;1;1;1;;;;6;;5;;5;;1;20;1;2
1;1;103305;1;6;1;;;;6;1;6;;;;1;3;8;2
1;1;195039;1;3;2;;;;6;1;6;;;;1;3;8;2
1;1;89141;1;3;1;;;;6;1;6;;;;2;3;8;2
1;1;162554;1;2;2;;;;6;;8;1;1;99;1;7;8;2
1;1;206254;1;3;1;;;;6;1;6;;;;2;4;8;2
1;1;222798;1;3;2;;;;6;2;11;;6;;2;7;8;2
1;1;69996;1;5;1;;;;6;;11;1;5;;1;8;8;2
1;1;218132;1;1;2;;;;6;;5;;6;1;2;18;1;2
1;1;16942;1;1;2;;;;6;;7;1;5;3;1;9;8;2
1;1;106497;1;1;1;;;;6;;12;1;5;;1;12;8;2
1;1;39878;1;9;1;;;;6;1;2;;;;2;2;8;2
1;1;143190;1;2;1;;;;6;;5;6;1;;2;9;8;2
1;1;220995;1;2;2;;;;6;;5;6;5;3;2;8;8;2
1;1;167192;1;2;2;;;;6;;11;1;1;;1;7;8;2
1;1;209576;1;3;1;;;;6;2;6;;;;1;4;8;2
1;1;30653;1;3;2;;;;6;1;11;;6;;1;5;8;2
1;1;156950;1;1;1;;;;6;;4;;2;;1;17;7;2
1;1;84521;1;9;1;;;;6;1;6;;6;;2;4;8;2
1;1;33197;1;3;2;;;;6;3;6;;6;;2;4;8;2
1;1;76367;1;1;2;;;;6;;5;;5;;1;7;8;2
1;1;92604;1;3;2;;;;6;1;6;;6;;1;4;8;2
1;1;100845;1;3;2;;;;6;;7;6;6;;1;11;6;2
1;1;120939;1;1;1;;;;6;;7;1;6;;1;8;8;2
1;1;221441;1;1;1;;;;6;;5;6;5;;2;10;8;2
1;1;7651;1;3;1;;;;6;1;6;;;;1;4;5;2
1;1;222360;1;3;1;;;;6;;8;1;6;;1;6;8;2
1;1;84076;1;3;2;;;;6;;11;1;6;;1;6;8;7
1;1;12711;1;2;2;;;;6;;11;;5;3;2;9;8;2
1;1;107721;1;4;1;;;;6;;12;1;5;;1;10;8;2
1;1;84953;1;1;1;;;;6;;5;6;1;;2;15;8;2
1;1;193589;1;1;1;;;;4;;11;1;6;;1;7;8;2
1;1;42831;1;2;2;;;;6;;5;;5;3;1;17;8;2
1;1;75596;1;1;2;;;;6;;12;1;5;2;1;11;8;2
1;1;189770;1;3;2;;;;6;1;8;;6;;1;5;8;2
1;1;212363;1;2;2;;;;6;;11;;5;2;1;9;8;2
1;1;107097;1;1;1;;;;6;;8;1;5;;1;8;8;2
1;1;152175;1;1;1;;;;6;;11;6;4;;1;15;8;2
1;1;86444;1;2;1;;;;6;;5;3;1;;2;12;8;2
1;1;122703;1;1;2;;;;6;;5;;5;4;1;13;8;2
1;1;182108;1;3;1;;;;6;;8;3;6;;2;5;8;2
1;1;212678;1;1;2;;;;6;;8;1;5;2;2;9;8;2
1;1;37220;1;6;2;;;;6;;6;;;;2;2;8;2
1;1;454;1;3;1;;;;6;;11;;6;;1;9;8;2
1;1;31866;1;1;2;;;;6;;8;1;6;5;1;12;8;2
1;1;8893;1;9;2;;;;5;1;11;1;5;99;2;13;9;2
1;1;50402;1;1;1;;;;6;;8;6;5;;1;11;8;2
1;1;238433;1;3;2;;;;6;1;6;;;;2;3;8;2
1;1;6547;1;1;2;;;;6;;5;;5;99;2;10;8;2
1;1;96398;1;1;2;;;;6;;11;;4;;1;17;8;2
1;1;121306;1;1;1;;;;6;;8;;1;;1;14;8;2
1;1;122580;1;3;1;;;;6;2;6;;;;1;4;8;2
1;1;139342;1;3;1;;;;6;2;11;9;6;;2;6;9;2
1;1;73558;1;1;2;;;;6;;11;6;5;;1;14;8;2
1;1;68164;1;1;2;;;;6;;5;;6;2;2;16;8;2
1;1;223339;1;3;1;;;;6;;8;1;6;;1;6;8;2
1;1;79559;1;2;2;;;;6;;5;;5;6;2;15;8;2
1;1;165023;1;2;1;;;;6;;5;6;1;;1;10;8;2
1;1;235700;1;10;2;;;;6;;8;1;6;;2;6;8;2
1;1;108512;1;3;2;;;;6;1;6;;;;2;3;8;2
1;1;165448;1;3;2;;;;6;;6;;1;1;2;5;8;2
1;1;177831;1;9;2;;;;6;;8;6;6;;2;8;5;2
1;1;149208;1;3;2;;;;6;;1;;;;2;1;9;
1;1;16316;1;1;1;;;;6;;5;;5;;1;16;8;2
1;1;213775;1;3;2;;;;6;1;6;;;;1;3;8;2
1;1;16322;1;3;2;;;;6;1;8;;6;;2;5;8;2
1;1;220892;1;3;2;;;;6;;8;5;6;;1;5;8;2
1;1;214591;1;3;1;;;;6;2;8;;6;;1;5;8;2
1;1;214833;1;3;1;;;;6;;1;;;;2;2;8;2
1;1;226164;1;1;1;;;;6;;8;1;5;;1;12;8;2
1;1;211192;1;2;2;;;;6;1;11;9;1;99;2;9;9;2
1;1;182625;1;6;1;;;;6;2;2;;;;2;2;8;2
1;1;223905;1;2;2;;;;6;;12;6;1;1;1;7;8;2
1;1;213000;1;1;2;;;;6;;8;;1;4;2;9;8;2
1;1;140328;1;3;2;;;;6;;11;1;3;2;1;9;8;2
1;1;188262;1;3;1;;;;6;2;6;;;;2;4;8;2
1;1;36020;1;1;1;;;;6;;11;1;5;;2;13;8;2
1;1;84567;1;8;2;;;;6;;5;;6;2;2;19;6;2
1;1;242266;1;3;2;;;;6;2;11;;6;;1;7;8;2
1;1;241177;1;7;2;;;;6;;8;4;3;1;2;13;8;2
1;1;200936;1;3;1;;;;6;;1;;;;2;1;8;
1;1;224490;1;3;1;;;;6;2;6;;6;;1;4;8;2
1;1;104319;1;1;1;;;;6;;8;;6;;1;9;8;2
1;1;1643;1;2;2;;;;6;;7;1;5;2;2;8;8;2
1;1;215411;1;2;2;;;;6;1;11;9;1;99;2;13;9;2
1;1;22202;1;3;1;;;13;6;;8;3;6;;2;5;8;6
1;1;211950;1;3;1;;;;2;1;6;;;;1;3;8;2
1;1;2487;1;1;1;;;;6;;11;6;5;;2;8;8;2
1;1;178450;1;3;1;;;;6;;8;6;6;;2;5;8;2
1;1;201728;1;2;2;;;;6;1;11;;1;1;1;6;8;2
1;1;87469;1;6;1;;;;6;1;6;;;;1;3;8;2
1;1;51946;1;2;2;;;;6;;5;;1;2;1;10;8;2
1;1;1259;1;2;2;;;;6;;5;;5;99;2;12;8;2
1;1;196499;1;1;1;;;;6;;5;1;5;;2;13;8;2
1;1;217474;1;10;1;;;;6;;8;1;6;;2;6;8;2
1;1;120898;1;1;2;;;;6;;7;;3;2;1;9;8;2
1;1;205414;1;1;1;;;;6;1;11;;6;;1;6;8;7
1;1;235337;1;6;1;;;;6;1;3;;;;2;2;8;2
1;1;194085;1;3;1;;;;6;1;6;;;;2;4;8;2
1;1;178421;1;1;2;;;;6;;5;6;5;4;2;12;8;2
1;1;212606;1;3;1;;;;6;;11;;6;;1;7;8;2
1;1;46924;1;3;2;;;;6;;6;;;;1;3;9;2
1;1;150639;1;9;2;;;;6;;5;;5;;2;19;8;2
1;1;97091;1;3;1;;;;6;1;3;;;;1;2;8;2
1;1;15671;1;3;2;;;;6;1;6;;;;1;3;8;2
1;1;158827;1;7;2;;;;6;;5;;3;5;1;15;7;2
1;1;158254;1;3;1;;;;6;1;3;;;;1;2;8;2
1;1;29541;1;10;2;;;;6;;8;6;6;;1;6;8;2
1;1;134626;1;3;2;;;;6;2;8;;6;;1;5;8;2
1;1;210406;1;1;1;;;;6;;11;6;5;;2;11;8;2
1;1;116607;1;1;1;;;;6;;11;6;5;;2;9;8;2
1;1;152648;1;3;1;;;;6;1;6;;6;;2;4;8;2
1;1;241736;1;2;2;;;;6;;5;9;1;99;2;15;9;2
1;1;120223;1;3;2;;;;7;2;10;;6;;1;5;8;7
1;1;149922;1;3;2;;;;6;1;6;;6;;2;5;8;2
1;1;221265;1;2;1;;;;6;;5;9;2;;2;13;9;2
1;1;192005;2;1;2;;;;6;;8;6;6;1;2;8;8;2
1;1;22728;1;1;1;;;;6;;8;1;5;;1;8;8;2
1;1;108250;1;9;2;;;;6;;11;6;6;;1;8;8;2
1;1;58011;1;2;2;;;;6;;8;;5;6;1;15;8;2
1;1;44987;1;1;2;;;;6;;11;2;5;1;2;9;8;2
1;1;110060;1;2;2;;;;6;;8;;5;1;1;8;8;2
1;1;136882;1;1;2;;;;6;;11;2;3;2;1;12;8;2
1;1;4531;1;1;2;;;;6;;5;;4;5;1;18;8;2
1;1;128778;1;1;1;;;;6;1;4;1;5;;2;10;8;2
1;1;58206;1;1;1;;;;6;;1;;5;;2;15;8;2
1;1;100343;1;2;2;;;;6;;5;6;5;5;1;12;8;2
1;1;213189;1;2;2;;;;6;;12;2;5;;2;10;8;2
1;1;74139;1;3;2;;;;6;1;6;;;;1;3;8;2
1;1;8472;1;1;1;;;;6;;11;1;5;;2;8;8;2
1;1;22260;1;3;1;;;;6;1;8;;6;;2;5;8;2
1;1;238952;1;1;1;;;;6;;1;;4;;2;20;8;2
1;1;91262;1;3;2;;;;6;;12;6;6;;2;7;8;2
1;1;24551;1;3;1;;;;6;1;8;;6;;2;5;8;2
1;1;50499;1;3;1;;;;6;2;11;;6;;1;5;8;2
1;1;18336;1;7;1;;;;7;;7;6;4;;1;15;8;2
1;1;197404;1;3;1;;;;6;2;11;1;6;;1;7;8;2
1;1;41244;1;1;2;;;;6;;5;9;4;99;2;16;9;2
1;1;22413;1;4;1;;;;6;;3;;;;1;2;8;2
1;1;184469;1;1;1;;;;6;;12;;5;;1;15;8;2
1;1;228345;1;3;2;;;;6;1;6;;;;2;3;8;2
1;1;108485;1;2;1;;;;6;;5;1;5;;1;7;8;2
1;1;3083;1;3;1;;;;6;1;6;;;;2;3;8;2
1;1;68683;1;6;1;;;;6;3;6;;;;2;3;8;2
1;1;158060;1;3;2;;;;6;2;11;;6;;1;6;8;2
1;1;157143;1;2;2;;;;7;;11;6;5;2;1;9;8;2
1;1;175037;1;2;2;;;;6;;8;9;1;99;1;9;9;2
1;1;130035;1;3;1;;;;6;1;6;;;;2;3;8;2
1;1;201732;1;3;1;;;;6;2;11;1;6;;1;6;8;7
1;1;1808;1;3;1;;;;6;;8;;6;;1;10;8;2
1;1;134415;1;3;2;;;;6;1;8;;6;;2;5;8;7
1;1;84000;1;1;2;;;;6;;11;;2;3;1;13;8;2
1;1;51477;1;1;1;;;;6;;11;2;5;;2;10;8;2
1;1;128952;1;9;2;;;;6;3;8;;6;;1;5;8;2
1;1;200585;1;9;2;;;;6;1;6;;6;;1;4;8;2
1;1;183264;1;6;1;;;;6;;11;6;6;;1;7;8;2
1;1;56955;1;3;1;;;;6;2;6;;6;;1;4;8;2
1;1;211863;1;2;1;;;;6;;7;6;5;;1;10;8;2
1;1;31395;1;6;2;;;;6;1;6;;;;1;4;8;2
1;1;66064;1;3;1;;;;6;1;8;;6;;2;5;8;2
1;1;145675;1;3;1;;;;6;1;6;;;;1;3;8;2
1;1;87760;1;7;2;;;;6;;1;;4;4;2;19;7;2
1;1;64870;1;1;1;;;;6;;5;1;6;;1;11;8;2
1;1;235396;1;3;2;;;;6;2;3;;;;1;2;8;2
1;1;85512;1;1;1;;;;6;;11;2;5;;1;10;8;2
1;1;192255;1;2;2;;;;6;;12;2;5;2;1;10;8;2
1;1;209870;1;1;1;;;;6;;12;1;5;;1;13;8;2
1;1;26094;1;2;2;;;;6;;5;6;5;;1;12;8;2
1;1;226151;0;12;2;;;;1;;8;;2;2;2;6;8;2
1;1;216702;1;3;2;;;;6;2;11;;6;;1;6;8;2
1;1;163659;1;1;1;;;;6;;11;;5;;1;15;8;2
1;1;102857;1;3;1;;;;6;1;6;;6;;1;4;8;2
1;1;239153;1;1;1;;;;6;;5;9;6;;1;13;9;2
1;1;37009;1;3;1;;;;6;;11;1;6;;1;7;8;2
1;1;16414;1;1;2;;;;6;;5;3;6;2;2;7;8;2
1;1;134043;1;6;1;;;;6;1;11;;6;;1;7;8;2
1;1;96636;1;2;2;;;;6;;8;1;5;3;1;13;8;2
1;1;115968;1;9;1;;;;6;;5;;6;;1;7;8;2
1;1;201200;1;1;1;;;;6;;11;1;5;;1;12;8;7
1;1;86424;1;3;2;;;;6;;11;1;6;1;2;8;8;2
1;1;1641;1;3;2;;;;6;1;2;;;;2;2;8;2
1;1;107665;6;2;1;;;;6;;8;6;3;;1;8;8;2
1;1;56645;1;1;2;;;;6;;11;2;3;2;1;10;5;2
1;1;233484;1;1;1;;;;6;;12;1;5;;1;13;8;2
1;1;101760;1;3;2;;;;6;1;6;;;;1;3;8;2
1;1;40152;1;2;2;;;;6;;8;6;5;99;2;7;8;2
1;1;229913;1;1;1;;;;6;;11;;5;;1;14;8;2
1;1;57558;1;7;2;;;;6;;5;;2;1;1;17;8;2
1;1;75698;1;3;1;;;;6;2;6;;;;2;3;8;2
1;1;23713;1;5;2;;;;6;;8;;5;;1;7;8;2
1;1;68986;1;2;2;;;;6;;5;;5;6;2;12;8;2
1;1;145940;1;7;1;;;;6;;5;;6;;1;17;1;2
1;1;62857;1;3;1;;;;6;;5;1;6;;2;10;8;2
1;1;178998;1;3;1;;;;6;;8;1;6;;1;6;8;2
1;1;90576;1;2;2;;;;6;;8;;1;1;1;7;8;2
1;1;10948;1;9;2;;;;6;2;11;;6;;1;6;8;2
1;1;48972;1;2;2;;;;6;;11;;5;3;1;15;8;2
1;1;213396;1;1;1;;;;6;;8;7;5;;1;12;8;2
1;1;123735;1;9;1;;;;6;1;6;;;;2;4;9;2
1;1;171395;1;1;2;;;;6;;11;1;6;1;2;8;8;7
1;1;165429;1;3;1;;;;6;1;6;;6;;1;4;8;2
1;1;171676;1;3;2;;;;6;2;11;;6;;1;6;8;2
1;1;226151;0;12;1;;;;6;;6;;6;;2;6;8;2
1;1;116315;1;1;1;;;;6;;8;6;5;;1;12;8;2
1;1;160843;1;1;1;;;;6;;8;9;6;;1;8;9;2
1;1;100372;1;3;1;;;;6;;1;;;;2;2;8;2
1;1;51212;1;1;1;;;;6;;8;1;5;;2;10;8;2
1;1;180528;1;2;2;;;;6;;5;;5;1;2;15;8;2
1;1;110870;1;1;2;;;;6;;7;6;3;1;1;14;8;2
1;1;45224;1;3;2;;;;6;1;11;;6;;2;5;5;2
1;1;165504;1;1;2;;;;6;;5;;5;3;2;12;8;2
1;1;131621;1;2;2;;;;6;2;11;9;5;99;1;10;9;2
1;1;17738;1;1;1;;;;6;;5;1;5;;2;9;8;2
1;1;198739;1;9;1;;;;6;;8;1;1;;1;7;8;2
1;1;22876;1;3;2;;;;6;1;6;;6;;2;4;8;2
1;1;61877;1;3;1;;;;6;;6;;;;1;4;8;2
1;1;37587;1;2;2;;;;6;;7;;5;5;1;19;8;2
1;1;52430;1;3;2;;;;6;1;8;;6;;2;4;8;2
1;1;177898;1;2;2;;;;6;;8;;1;2;2;6;8;2
1;1;147932;1;1;1;;;;6;;12;1;5;;1;9;8;2
1;1;236975;1;1;1;;;;6;;5;6;5;;2;11;8;2
1;1;90497;1;6;2;;;;6;1;8;;6;;2;4;8;2
1;1;13304;1;9;2;;;;6;;6;;6;99;1;5;9;2
1;1;120486;1;3;2;;;;6;1;2;;;;2;2;8;2
1;1;201395;1;2;2;;;;6;;5;1;5;1;1;13;8;2
1;1;208098;1;1;2;;;;6;;11;;5;1;1;12;8;2
1;1;109058;1;2;1;;;;6;;8;9;5;;1;7;9;2
1;1;137517;1;3;2;;;;6;1;8;;6;99;2;5;8;2
1;1;183183;1;3;1;;;;6;;8;;6;;1;6;9;2
1;1;107991;1;1;1;;;;6;;12;6;5;;1;9;8;2
1;1;233458;1;1;1;;;;6;;5;9;6;;1;10;9;2
1;1;196386;1;3;2;;;;6;2;6;;;;1;4;8;2
1;1;51909;1;8;2;;;;6;;5;4;3;4;1;16;8;2
1;1;112667;1;2;2;;;;6;;5;9;1;99;1;15;9;2
1;1;109297;1;3;1;;;;6;2;11;;6;;1;6;8;2
1;1;47652;1;1;2;;;;6;;11;1;4;;2;11;8;2
1;1;118863;1;9;2;;;;6;;5;6;6;;2;12;8;2
1;1;165454;1;2;2;;;;6;;5;;5;4;2;10;8;2
1;1;184021;1;1;1;;;;6;;7;;5;;1;19;8;2
1;1;130644;1;6;1;;;;6;1;2;;;;1;2;8;2
1;1;176219;1;2;2;;;;6;;7;;5;3;1;16;8;2
1;1;139366;1;3;2;;;;6;1;8;;6;;2;4;8;2
1;1;5670;1;1;1;;;;6;;12;2;5;;2;8;8;2
1;1;18872;1;3;1;;;;7;;8;1;6;;2;7;8;2
1;1;22749;1;3;1;;;;6;1;6;;6;;2;4;8;2
1;1;168739;1;1;2;;;;6;;5;6;4;0;2;14;8;2
1;1;10064;1;1;1;;;19;1;;5;9;5;;2;11;9;1
1;1;182687;1;6;2;;;;6;1;2;;;;2;2;8;2
1;1;60491;1;3;1;;;;6;2;6;;6;;1;4;8;2
1;1;238983;1;3;2;;;;6;1;8;;6;;2;5;8;7
1;1;205327;1;2;2;;;;6;;7;;5;2;1;14;8;2
1;1;110883;1;3;1;;;;6;;11;1;6;;2;6;8;7
1;1;68889;1;3;1;;;;6;1;2;;;;2;2;8;2
1;1;223916;1;1;2;;;;6;;7;6;5;2;1;13;8;2
1;1;108564;1;2;1;;;;6;;5;3;5;;2;11;8;2
1;1;132616;1;1;1;;;;6;;7;1;1;;1;7;8;2
1;1;203492;1;2;2;;;;6;;7;1;5;1;2;7;8;2
1;1;200304;1;2;2;;;;6;;11;1;5;1;1;9;8;2
1;1;13854;1;3;1;;;;6;;8;2;6;;1;5;8;2
1;1;29835;1;2;1;;;;6;;5;6;1;;2;12;8;2
1;1;147647;1;1;1;;;;6;;11;2;5;;1;8;8;2
1;1;196126;1;1;2;;;;7;;13;1;5;2;1;15;8;2
1;1;3067;1;3;2;;;;6;;12;1;6;;1;8;8;7
1;1;115411;1;3;1;;;;6;1;6;;6;;1;4;8;2
1;1;23720;1;2;2;;;;6;;8;;1;2;2;6;8;2
1;1;43040;1;3;2;;;;6;2;11;;6;;1;5;8;2
1;1;25065;1;3;1;;;;6;1;6;;6;;2;4;8;2
1;1;181980;1;3;2;;;;6;2;6;;;;1;3;8;2
1;1;141385;1;5;1;;;;6;;11;1;5;;1;9;8;2
1;1;199067;1;7;2;;;;6;;5;;3;3;1;17;7;2
1;1;138803;1;1;1;;;;4;;5;;4;;2;18;7;2
1;1;130739;1;2;2;;;;6;;7;;5;1;1;16;8;2
1;1;89363;1;1;1;;;;7;;12;1;5;;1;10;8;7
1;1;210208;1;5;1;;;;6;;8;6;1;;2;6;8;2
1;1;99524;1;2;2;;;;6;;5;;5;4;1;18;7;2
1;1;176708;1;6;2;;;;6;;11;1;6;;2;7;8;2
1;1;116338;1;3;2;;;;7;1;8;;6;;2;5;8;2
1;1;8883;1;3;2;;;;6;;1;;;;2;1;8;
1;1;134824;1;9;2;;;;6;;7;;6;2;1;16;8;2
1;1;207149;1;1;1;;;;6;;5;1;5;;2;14;8;2
1;1;143450;1;9;1;;;;6;2;8;;6;;1;5;8;2
1;1;96970;1;1;1;;;;6;;8;;5;;1;9;8;2
1;1;174803;1;1;2;;;;6;;5;;4;99;2;12;8;2
1;1;64504;1;3;1;;;;6;;11;6;6;;1;12;8;2
1;1;169640;1;3;1;;;;6;;8;;6;;1;9;8;2
1;1;162691;1;2;2;;;;6;;8;;5;3;2;8;8;2
1;1;215047;1;3;1;;;;6;2;6;;;;1;3;8;2
1;1;51716;1;2;1;;;;6;;1;6;5;;2;15;8;2
1;1;17129;1;1;2;;;;6;;11;1;6;1;1;10;8;2
1;1;157371;1;1;2;;;;6;;7;;6;1;2;14;8;2
1;1;235721;1;7;1;;;;6;;5;;4;;1;15;8;2
1;1;18786;1;3;2;;;;6;;11;;5;2;1;8;8;2
1;1;154665;1;1;2;;;;6;;8;4;2;3;1;12;8;2
1;1;173103;1;3;1;;;;6;1;6;;6;;1;4;9;2
1;1;163863;1;2;2;;;;6;;10;;5;1;1;10;8;2
1;1;58609;1;3;2;;;;6;1;8;;6;;1;5;8;2
1;1;10579;1;3;1;;;;6;;8;1;6;;2;8;8;2
1;1;44571;1;1;1;;;;6;;10;2;5;;1;13;8;2
1;1;226272;1;1;1;;;;6;;5;;3;;1;17;1;2
1;1;113181;1;6;1;;;;6;1;6;;;;1;3;8;2
1;1;135080;1;3;1;;;;6;;11;;6;;1;7;8;2
1;1;50989;1;6;1;;;;6;1;8;;6;;2;5;8;2
1;1;240735;1;3;2;;;;6;1;8;;6;;2;5;8;2
1;1;143906;1;2;2;;;;6;;8;1;5;2;1;13;8;2
1;1;463;1;3;1;;;;6;1;8;;6;;1;5;8;2
1;1;25362;1;1;1;;;;6;;7;1;5;;1;12;8;2
1;1;153583;1;6;1;;;;6;;1;;;;1;2;8;2
1;1;63993;1;2;2;;;;6;;8;;1;1;1;6;1;2
1;1;37407;1;2;2;;;;6;;8;1;5;2;1;9;8;2
1;1;235184;1;3;1;;;;6;2;6;;;;2;4;8;2
1;1;160762;1;3;2;;;;6;;8;9;6;99;2;5;9;2
1;1;228061;1;3;2;;;;6;;6;;6;;1;4;8;2
1;1;1629;3;2;2;;;;6;;5;1;1;2;2;7;8;2
1;1;212621;1;2;2;;;;6;;11;2;5;;2;12;8;2
1;1;1468;1;3;2;;;;6;;11;6;6;;1;9;8;2
1;1;134523;1;1;2;;;;6;;1;;4;4;2;19;7;2
1;1;32297;1;2;1;;;;6;;5;3;5;;2;14;8;2
1;1;171124;1;3;2;;;;6;1;6;;;;2;3;8;2
1;1;132896;1;1;1;;;;6;;5;6;6;;1;9;8;2
1;1;141204;1;7;1;;;;6;;1;1;5;;2;14;8;2
1;1;189881;1;3;2;;;;6;;8;;6;;2;5;8;2
1;1;188098;1;6;1;;;;6;1;6;;;;2;3;8;2
1;1;85298;1;1;2;;;;6;1;11;9;3;99;1;13;9;2
1;1;197667;1;3;2;;;;6;;8;;6;;1;6;8;2
1;1;57552;1;3;2;;;;6;1;3;;;;2;2;8;2
1;1;81380;1;2;2;;;;6;;5;6;5;3;2;9;8;2
1;1;1564;1;1;2;;;;6;;8;1;5;3;1;11;8;2
1;1;209697;1;3;2;;;;6;2;8;;6;;1;5;8;2
1;1;128716;1;1;2;;;;6;;5;;2;2;1;12;8;2
1;1;192222;1;2;2;;;;6;;11;1;5;2;1;9;8;2
1;1;186630;1;1;1;;;;6;;5;;5;;2;14;8;2
1;1;207869;1;1;1;;;;6;;8;6;2;;1;13;8;2
1;1;168081;1;3;2;;;;6;1;11;;6;;2;6;5;2
1;1;69440;1;3;1;;;;7;2;8;;6;;1;5;8;7
1;1;127228;1;6;1;;;;6;;8;6;6;;2;6;8;2
1;1;96393;1;9;1;;;;6;1;8;;6;;1;5;8;2
1;1;32588;1;2;1;;;;6;1;6;;6;;2;8;8;2
1;1;121174;1;3;1;;;;6;1;11;;6;;1;6;8;7
1;1;124438;1;3;2;;;;6;1;6;;;;1;3;9;2
1;1;9836;1;8;2;;;;6;;5;;4;7;1;15;8;2
1;1;196758;1;3;1;;;;6;3;6;;;;1;3;8;2
1;1;236977;1;3;2;;;;6;3;6;;6;;1;5;8;2
1;1;35832;1;1;2;;;;6;;11;;6;1;1;12;8;2
1;1;181756;1;1;2;;;;6;;7;1;6;99;2;10;8;2
1;1;74034;1;2;2;;;;6;;11;6;5;3;1;11;8;2
1;1;59130;1;1;1;;;;6;;5;6;5;;1;12;8;2
1;1;196369;1;2;2;;;;6;;12;1;5;2;1;9;8;2
1;1;184993;1;9;2;;;;6;;8;6;5;4;1;11;8;2
1;1;191043;1;2;2;;;;6;;8;;5;3;1;11;8;2
1;1;206275;1;1;2;;;;6;;5;;5;3;2;10;8;2
1;1;135759;1;3;2;;;;6;3;6;;;;2;3;5;2
1;1;240284;1;3;2;;;;6;;11;;6;;2;6;8;2
1;1;98111;1;3;2;;;;6;;1;;;;2;2;8;2
1;1;219793;1;2;1;;;;6;;5;1;5;;1;12;8;2
1;1;38743;1;3;1;;;;6;;3;;;;1;3;8;2
1;1;124564;1;2;2;;;;7;;8;1;1;2;1;9;8;7
1;1;94557;1;1;1;;;;1;;7;3;5;;2;13;1;2
1;1;169597;1;3;1;;;;6;2;8;;6;;1;5;8;7
1;1;159760;1;9;2;;;;6;;5;;5;7;1;16;8;2
1;1;222287;1;2;2;;;;6;;7;6;5;;1;8;8;2
1;1;205531;1;2;2;;;;6;3;11;;1;99;1;10;9;2
1;1;32725;1;2;2;;;13;6;;6;3;5;1;2;6;8;6
1;1;164165;1;3;2;;;;6;1;2;;;;1;2;8;2
1;1;31649;1;1;1;;;;6;;7;1;1;;1;13;8;2
1;1;24570;1;3;2;;;;6;1;11;;6;;2;5;8;2
1;1;133738;1;3;2;;;;6;;1;;;;1;1;8;
1;1;92879;1;1;1;;;;6;;8;1;5;;1;8;8;2
1;1;156792;1;1;1;;;;6;;5;;5;;2;9;8;2
1;1;183086;1;1;1;;;;6;;8;7;5;;2;11;8;2
1;1;52987;1;3;2;;;13;6;;8;1;6;1;2;5;8;6
1;1;101732;1;2;2;;;;6;;5;;5;5;1;15;7;2
1;1;222405;1;3;2;;;;6;;8;;1;;2;6;8;2
1;1;23879;1;3;1;;;;6;2;11;;5;;1;6;8;2
1;1;17682;1;2;2;;;;6;;11;1;1;2;1;9;8;2
1;1;207057;1;1;1;;;;6;;8;1;5;;2;9;8;2
1;1;973;1;3;2;;;;6;;10;;1;2;2;7;8;2
1;1;139773;1;2;2;;;;6;;11;1;5;99;2;9;8;2
1;1;81865;1;6;1;;;;6;1;6;;;;2;4;8;2
1;1;26427;1;2;2;;;;6;;7;6;1;1;1;7;8;2
1;1;111897;1;3;2;;;;6;;5;;5;1;2;8;8;2
1;1;77552;1;4;1;;;;6;;1;;;;2;1;8;
1;1;174209;1;3;2;;;;6;1;3;;;;1;2;8;2
1;1;235787;1;3;1;;;;6;2;6;;6;;2;4;8;2
1;1;219471;1;1;1;;;;6;;11;1;5;;1;7;8;2
1;1;202818;1;1;2;;;;6;;8;;5;99;1;13;8;2
1;1;134206;1;9;1;;;;3;;8;1;6;;1;6;8;2
1;1;180292;1;3;1;;;;6;2;6;;;;1;3;8;2
1;1;86516;1;1;2;;;;6;;7;;5;5;1;14;8;2
1;1;141938;1;2;2;;;;6;;5;6;5;7;1;13;8;2
1;1;139365;1;2;2;;;;6;;11;7;5;1;1;10;8;2
1;1;158544;1;3;2;;;;6;2;3;;;;1;2;8;2
1;1;227057;1;1;2;;;;6;;8;;3;1;1;14;8;2
1;1;56655;1;3;1;;;;6;1;6;;;;1;3;8;2
1;1;58105;1;1;1;;;;6;;8;6;5;;2;10;8;7
1;1;81145;1;3;2;;;;6;;6;;6;99;1;4;9;2
1;1;197619;1;6;2;;;;6;1;11;6;6;;1;6;5;2
1;1;41399;1;2;2;;;;6;;7;5;5;99;1;14;8;7
1;1;19301;1;3;2;;;;6;2;11;;6;;1;6;8;2
1;1;50983;1;6;1;;;;6;;1;;;;2;2;8;2
1;1;156179;1;3;1;;;;6;1;6;;6;;2;4;8;2
1;1;23846;1;1;2;;;;6;;1;;4;3;2;17;8;2
1;1;22632;1;2;2;;;;6;;8;6;1;3;1;11;8;2
1;1;50632;1;3;2;;;;6;2;6;;;;1;4;8;2
1;1;90236;1;3;1;;;;6;1;8;;6;;2;5;8;2
1;1;174194;1;3;2;;;;1;1;6;;;;1;3;5;2
1;1;155898;1;6;2;;;;6;;1;;;;2;2;8;2
1;1;96164;1;10;1;;;;6;;7;;5;;2;12;8;2
1;1;107502;1;3;2;;5;;6;;1;;;;1;2;8;5
1;1;38203;1;3;2;;;;6;;8;;5;1;2;8;8;2
1;1;37084;1;2;2;;;;6;;7;;1;1;2;8;8;2
1;1;67175;1;3;1;;;;6;;11;6;6;;1;7;8;2
1;1;56698;1;2;2;;;;6;;5;6;5;5;2;12;8;2
1;1;19774;1;10;2;;;;6;1;3;;;;1;2;9;2
1;1;169478;1;1;1;;;;6;;5;6;5;;2;11;8;2
1;1;43661;1;1;2;;;;6;2;11;2;5;2;1;10;8;2
1;1;114406;1;3;1;;;;6;;8;6;6;;2;5;8;2
1;1;166288;1;3;2;;;;6;1;3;;;;2;2;8;2
1;1;194983;1;1;2;;;;6;;9;1;6;;2;9;8;2
1;1;139915;1;1;1;;;;6;;11;6;5;;1;14;8;2
1;1;203494;1;3;1;;;;6;;11;5;5;;1;11;8;7
1;1;240703;1;3;1;;;;6;;6;;;;1;3;9;2
1;1;48247;1;1;1;;;;6;;5;;5;;1;15;8;2
1;1;225435;1;3;1;;;;6;1;8;;6;;1;5;8;2
1;1;32996;1;6;2;;;;6;;8;6;6;;1;5;8;2
1;1;95662;1;2;2;;;;6;;11;6;5;3;2;10;8;2
1;1;90864;1;3;1;;;;6;;12;2;6;;1;8;8;2
1;1;91030;1;1;1;;;;6;;5;1;5;;2;10;8;2
1;1;211679;1;9;2;;;;6;;8;8;1;2;1;8;8;2
1;1;229137;1;3;1;;;;6;;8;1;6;;1;10;8;2
1;1;45014;1;3;2;;;;6;1;8;;6;;1;5;8;2
1;1;165541;1;1;2;;;;6;;7;;4;3;1;15;8;2
1;1;165760;1;9;1;;;;6;;11;1;1;;2;11;8;2
1;1;154221;1;1;1;;;;6;;7;6;5;;2;9;8;2
1;1;62882;1;6;1;;;;6;;3;;;;2;2;8;2
1;1;140099;1;1;1;;;;5;;12;2;3;;1;11;5;7
1;1;182816;1;3;1;;;;6;2;11;1;6;;1;7;8;2
1;1;30976;1;3;1;;;;6;;5;6;6;;2;9;8;2
1;1;209983;1;1;1;;;;6;;8;2;5;;2;9;8;2
1;1;209893;1;2;2;;;;6;;12;2;5;2;2;11;8;2
1;1;149887;2;2;2;;;;6;;8;;5;2;1;12;8;2
1;1;31509;1;1;1;;;;6;;7;6;5;;2;13;8;2
1;1;211220;1;2;2;;;;6;;11;2;5;;1;12;8;2
1;1;141169;2;2;2;;;;6;;11;1;5;2;1;10;8;2
1;1;29097;1;2;2;;;;6;;8;;5;2;1;12;1;2
1;1;183892;1;2;2;;;;6;;12;2;5;3;1;10;8;2
1;1;176423;1;1;1;;;;6;;7;6;5;;2;12;8;2
1;1;3558;1;1;1;;;;6;;5;6;1;;1;15;8;2
1;1;223413;1;2;2;;;;6;;5;;5;99;2;10;8;2
1;1;43636;1;1;1;;;;6;;11;6;3;;2;14;8;2
1;1;147863;1;1;2;;;;6;;7;6;4;3;1;12;8;2
1;1;170161;1;2;2;;;;6;;8;5;5;2;2;10;8;2
1;1;162116;1;3;1;;;;6;;8;1;3;;2;8;8;2
1;1;45894;1;3;1;;;;6;;8;1;6;;1;5;8;2
1;1;231454;1;9;1;;;;6;;11;6;6;;1;6;8;2
1;1;207410;1;1;2;;;;6;;7;;6;3;1;10;1;2
1;1;3469;1;1;1;;;;6;;8;;4;;1;20;7;2
1;1;184743;1;3;2;;;;6;2;11;;6;;1;6;8;2
1;1;230271;1;1;1;;;;6;;5;6;5;;1;13;8;2
1;1;159359;1;1;2;;;;6;;11;6;1;2;1;10;8;2
1;1;161375;1;3;1;;;;6;;8;;6;;1;6;8;2
1;1;222069;1;1;2;;;;6;;5;;3;2;1;14;8;2
1;1;170171;1;3;1;;;;3;2;3;;;;2;2;8;2
1;1;165377;1;3;1;;;;6;1;8;;6;;2;5;8;2
1;1;9639;1;3;2;;;;6;1;8;;6;;2;5;8;2
1;1;92294;1;3;2;;;;6;;8;;2;2;2;7;8;2
1;1;149629;1;4;1;;;;6;1;6;;6;;2;5;8;2
1;1;99784;1;3;2;;;;6;2;6;;;;1;4;8;2
1;1;212469;1;1;2;;;;6;;4;;3;4;1;18;7;2
1;1;225554;1;3;1;;;;6;;11;6;6;;1;8;8;7
1;1;156041;1;1;2;;;;6;;5;;6;7;2;10;8;2
1;1;212743;1;3;1;;;;6;;12;1;6;;1;9;8;7
1;1;174646;1;2;2;;;;6;;5;;5;3;1;15;8;2
1;1;229563;1;3;1;;5;;6;1;2;;;;2;2;8;5
1;1;83157;1;6;1;;;;6;1;6;;;;2;4;8;2
1;1;210214;1;2;2;;;13;1;;11;2;5;2;1;9;8;1
1;1;210812;1;3;1;;;;6;2;6;;;;1;3;8;2
1;1;94260;1;9;2;;;;6;;11;1;1;1;1;6;8;2
1;1;67481;2;3;1;;;;6;;8;1;6;;1;7;8;2
1;1;161250;1;1;1;;;;6;;11;;6;;1;14;1;2
1;1;151008;1;6;2;;;;6;;1;;;;2;1;8;
1;1;54665;1;1;2;;;;6;;5;;3;99;1;19;9;2
1;1;144025;1;2;2;;;;6;;12;2;5;2;1;9;8;2
1;1;113795;1;3;1;;;;6;2;6;;;;2;4;8;2
1;1;79836;1;1;2;;;;6;;11;;5;3;1;9;8;2
1;1;50502;1;2;2;;;;6;;11;1;1;1;1;7;5;2
1;1;112216;1;3;2;;;;6;2;6;;;;1;4;8;2
1;1;81739;1;1;1;;;;6;;11;5;3;;1;12;8;2
1;1;205267;1;7;2;;;;6;;1;;4;3;2;21;8;2
1;1;10582;1;1;1;;;;6;;5;2;5;;1;11;8;2
1;1;127204;1;1;1;;;;4;;11;5;3;;1;12;8;2
1;1;187174;1;3;2;;;;6;1;8;;6;;2;5;8;2
1;1;62472;1;1;1;;;;6;;11;;5;;1;18;8;2
1;1;11678;1;1;1;;;;6;1;11;;6;;1;5;8;2
1;1;91621;1;2;2;;;;6;;8;8;5;3;1;12;8;2
1;1;138621;1;6;2;;;;6;;1;;;;2;1;8;
1;1;65977;1;1;1;;;;6;;5;;5;;1;16;8;2
1;1;94232;1;1;2;;;;6;;8;6;5;2;1;11;8;2
1;1;116556;1;9;1;;;;6;1;6;;;;1;3;8;2
1;1;203286;1;1;2;;;;6;;11;1;2;2;1;12;8;2
1;1;113827;1;3;2;;;;6;;1;;;;1;1;8;
1;1;130371;1;2;1;;;;6;;8;6;6;;1;6;8;2
1;1;28293;1;3;1;;;;6;2;11;9;6;;1;10;9;2
1;1;146953;1;1;1;;;;4;;8;1;5;;1;10;8;2
1;1;114919;1;3;2;;;;6;1;6;;;;1;4;8;2
1;1;201578;1;3;1;;;;6;1;6;;6;;2;4;8;2
1;1;51205;1;1;2;;;;6;;11;1;3;1;1;12;8;2
1;1;121450;1;1;1;;;;6;;11;6;5;;1;13;8;2
1;1;32883;1;3;2;;;;6;1;6;;6;;1;4;8;2
1;1;200889;1;3;2;;;;6;;1;;;;2;1;8;
1;1;120575;1;3;2;;;;6;2;8;;6;99;2;5;8;2
1;1;2467;1;3;2;;;;6;2;6;;;;1;3;5;2
1;1;214847;1;1;2;;;;6;;8;;6;2;1;7;8;2
1;1;160648;1;3;1;;;;6;;1;;;;2;2;8;2
1;1;51624;1;1;1;;;;6;;5;3;6;;2;7;8;2
1;1;88604;1;9;2;;;;6;;12;2;6;;1;8;8;2
1;1;84091;1;6;1;;;;6;2;6;;6;;2;4;8;2
1;1;163656;1;3;2;;;;6;2;6;;;;1;3;8;2
1;1;29466;1;3;2;;;;6;1;6;;6;;2;4;8;2
1;1;96876;1;1;1;;;;6;;7;2;5;;1;9;8;2
1;1;199723;1;1;2;;;;6;;5;9;6;99;1;11;9;2
1;1;150803;1;2;2;;;;6;;11;;5;2;2;10;8;2
1;1;29609;1;3;1;;;;6;1;6;;;;2;3;8;2
1;1;140070;1;3;1;;;;6;;8;6;6;;1;5;8;2
1;1;129870;1;1;2;;;;6;;5;;6;;2;9;8;2
1;1;158152;1;2;2;;;;6;;5;;5;1;2;10;8;2
1;1;236723;1;1;1;;;;6;;7;1;5;;1;12;8;2
1;1;1599;1;2;1;;;;6;;11;1;1;;1;8;8;2
1;1;193173;1;2;2;;;;4;;11;1;5;2;2;10;8;2
1;1;219555;1;3;1;;;;6;;11;;3;;1;9;8;2
1;1;106889;1;3;1;;;;6;;8;1;1;;1;7;8;2
1;1;80898;1;9;2;;;;6;;5;6;4;2;2;18;7;2
1;1;205061;1;10;1;;;;6;;8;6;3;;1;13;8;2
1;1;151697;1;3;2;;;;6;1;8;;6;;1;5;8;2
1;1;144109;1;1;1;;;;6;;7;6;1;;1;12;8;2
1;1;75561;1;3;2;;;;6;2;6;;;;1;3;8;2
1;1;31938;1;1;1;;;;6;;7;6;5;;1;9;8;2
1;1;188403;1;7;2;;;;6;;1;;4;10;1;19;7;2
1;1;88916;1;3;1;;;;6;1;6;;;;2;4;8;2
1;1;238372;1;1;2;;;;6;;5;4;5;1;1;9;8;2
1;1;20507;1;3;2;;;;6;;7;1;3;99;1;9;8;2
1;1;177001;1;1;2;;;;6;;11;6;6;1;1;11;8;2
1;1;100678;1;2;2;;;;6;;11;1;5;3;1;9;8;2
1;1;150027;1;3;1;;;;6;1;6;;;;2;4;8;2
1;1;102411;1;8;2;;;;6;;1;;2;99;2;18;8;2
1;1;76481;1;1;1;;;;6;;11;1;5;;1;9;8;2
1;1;25835;1;1;1;;;;6;;8;6;5;;1;9;8;2
1;1;33118;1;7;2;;;;6;;5;;5;4;1;15;1;2
1;1;3831;1;3;1;;;;6;;10;;6;;1;12;8;2
1;1;148617;1;2;2;;;;6;;11;2;5;2;1;13;8;2
1;1;38827;1;2;2;;;;6;1;6;;6;;1;4;8;2
1;1;160406;2;2;1;;;;6;;11;6;5;;2;8;8;2
1;1;56287;1;1;2;;;;6;;5;;2;4;2;10;8;2
1;1;228892;1;1;2;;;;6;;5;;5;3;2;15;8;2
1;1;50833;1;3;1;;;;6;2;6;;;;1;3;8;2
1;1;12202;1;2;2;;;;6;;8;6;5;;1;12;8;2
1;1;208063;1;2;2;;;;6;;12;;5;3;1;14;8;2
1;1;30123;1;3;1;;;;6;;8;1;6;;2;6;8;2
1;1;99205;1;2;2;;;;6;;5;6;5;2;2;9;8;2
1;1;61947;1;5;1;;;;6;;5;1;1;;2;8;8;2
1;1;153296;1;2;2;;;;6;;11;6;5;2;1;7;8;2
1;1;3637;1;1;1;;;;6;;5;1;5;;2;8;8;2
1;1;47850;1;2;2;;;;6;;11;1;5;2;2;8;8;2
1;1;17549;1;2;2;;;;6;;10;1;5;2;1;11;8;2
1;1;49226;1;2;2;;;;6;;6;;5;2;2;7;8;2
1;1;178351;1;3;2;;;;6;1;6;;;;2;4;8;2
1;1;92575;1;1;1;;;;6;;5;;5;;1;15;8;2
1;1;158038;1;1;1;;;;6;;8;1;3;;1;9;8;2
1;1;43699;1;3;2;;;;6;1;11;;6;;1;7;8;2
1;1;57289;1;9;1;;;;6;1;6;;6;;1;5;8;2
1;1;66302;1;1;1;;;;6;;11;;5;;1;14;8;2
1;1;141521;1;3;2;;;;6;2;11;;6;;1;6;8;7
1;1;215811;1;1;1;;;;6;;8;9;1;;1;9;9;2
1;1;197159;1;1;2;;;;6;;12;1;3;1;1;8;8;2
1;1;55429;1;3;2;;;;6;1;8;;6;;1;5;8;2
1;1;150243;1;2;2;;;;6;;6;;6;6;1;10;8;2
1;1;15842;1;1;1;;;;6;;11;6;5;;1;14;8;2
1;1;36185;1;3;1;;;;6;1;6;;6;;2;4;8;2
1;1;109804;1;1;2;;;;6;;7;;6;99;1;15;8;2
1;1;233511;0;12;2;;;;6;;5;9;6;99;1;18;9;2
1;1;22681;1;1;1;;;;6;;8;6;1;;2;8;8;2
1;1;112098;1;3;1;;;;6;;8;1;6;;2;5;8;2
1;1;31484;1;3;2;;;;6;;11;1;6;;1;7;8;2
1;1;62012;1;1;2;;;;6;;11;1;3;3;1;14;8;2
1;1;148587;1;1;1;;;;6;;7;6;1;;1;9;8;2
1;1;176788;1;3;1;;;;7;;11;1;2;;1;9;8;7
1;1;200425;1;2;1;;;;6;2;11;;5;;1;8;8;2
1;1;141376;1;3;1;;;;6;1;11;;6;;1;5;8;2
1;1;32396;1;2;2;;;;6;;11;1;5;;1;9;8;2
1;1;65348;1;6;2;;;;6;1;6;;;;2;3;8;2
1;1;16053;1;3;1;;;;6;2;6;;;;2;3;8;2
1;1;16210;1;1;1;;;;6;;7;;5;;1;15;8;2
1;1;13787;1;1;1;;;;6;;12;1;5;;1;11;8;7
1;1;152230;1;3;2;;;;1;1;6;;6;;1;4;8;2
1;1;56840;1;3;1;;;;6;1;6;;;;1;3;8;2
1;1;18318;1;3;2;;;;6;1;6;;;;2;3;8;2
1;1;128637;1;1;2;;;;6;;7;6;5;3;1;10;8;2
1;1;105837;1;3;2;;;;6;1;6;;6;;1;4;8;2
1;1;120503;1;3;2;;;;6;1;8;;6;;2;5;8;2
1;1;64212;1;1;1;;;;6;;5;;5;;1;17;8;2
1;1;24333;1;1;1;;;;6;;5;1;5;;2;13;8;2
1;1;172968;1;2;2;;;;6;;7;6;5;3;1;8;8;2
1;1;238301;1;3;1;;;;6;2;6;;6;;1;4;8;2
1;1;19716;1;1;2;;;;6;;5;6;1;3;2;7;8;2
1;1;114169;1;3;2;;;;6;1;8;;6;;1;5;8;2
1;1;52276;1;6;1;;;;6;1;8;;6;;2;5;8;2
1;1;25126;1;3;1;;;;6;;11;2;5;;2;8;8;2
1;1;57432;1;1;1;;;;6;;1;;6;;2;15;8;2
1;1;102403;1;1;1;;;;6;;8;;5;;2;11;8;2
1;1;172456;1;3;2;;;;6;1;8;;6;99;2;5;8;2
1;1;47297;1;3;2;;;;6;1;8;;6;;1;5;8;2
1;1;201964;2;3;2;;;;6;1;11;;6;;1;5;8;2
1;1;134431;1;1;1;;;;6;;5;;1;;2;18;8;2
1;1;130776;1;1;1;;;;6;;5;1;5;;1;11;8;2
1;1;42725;1;1;2;;;;6;;12;2;1;3;1;10;8;2
1;1;45397;1;1;1;;;;6;;5;;5;;1;18;8;2
1;1;198740;1;1;2;;;;6;;8;1;5;2;2;9;8;2
1;1;144071;1;1;1;;;;6;;5;6;6;;1;8;8;2
1;1;91856;1;3;2;;;;6;1;6;;6;99;2;4;9;2
1;1;229644;1;1;1;;;;6;;8;6;1;;1;10;8;2
1;1;113895;1;1;2;;;;6;;11;;3;3;2;17;8;2
1;1;185411;1;3;2;;;;6;;1;;;;1;3;8;2
1;1;88455;1;3;1;;;;6;;11;2;6;;1;12;8;2
1;1;31235;1;5;1;;;;7;;12;1;5;;1;10;8;7
1;1;154818;1;2;2;;;;6;;11;1;5;3;1;9;8;2
1;1;113958;1;1;1;;;;6;;7;6;6;;2;14;8;2
1;1;196;1;3;2;;;;6;;8;;6;1;2;6;8;2
1;1;230454;1;2;2;;;;6;;8;;5;3;1;11;8;2
1;1;157373;1;1;1;;;;6;;5;1;5;;1;11;8;2
1;1;150320;1;3;2;;;;6;1;6;;;;1;4;8;2
1;1;201510;1;3;1;;;;6;1;6;;;;1;3;8;2
1;1;4299;1;3;1;;;;6;2;6;;;;2;3;8;2
1;1;120730;1;2;1;;;;6;;7;;5;;1;9;8;2
1;1;75351;1;1;1;;;;6;;7;6;5;;1;9;8;2
1;1;65062;1;2;2;;;;6;;5;6;5;2;2;15;8;2
1;1;178558;1;6;1;;;;6;3;6;;;;2;3;8;2
1;1;49651;1;2;2;;;;6;;10;6;5;99;1;10;8;2
1;1;151954;1;2;2;;;;6;;11;5;5;2;1;14;8;7
1;1;163937;1;1;2;;;;6;;11;1;6;1;1;11;8;2
1;1;52290;1;1;1;;;;6;;11;;5;;1;12;1;7
1;1;165191;1;1;1;;;;6;;11;2;5;;1;14;8;2
1;1;160888;1;3;2;;;;6;;7;;5;2;2;11;8;2
1;1;82614;1;2;2;;;13;6;;5;;5;4;2;17;1;6
1;1;117642;1;1;2;;;;6;;5;;4;6;2;14;5;2
1;1;221080;1;3;1;;;;6;1;2;;;;2;2;8;2
1;1;224170;1;2;2;;;;6;;8;6;5;2;2;8;8;2
1;1;52560;1;3;1;;;;6;;11;1;6;;1;8;8;2
1;1;16424;1;3;1;;;;6;;8;1;6;;1;5;8;2
1;1;38659;1;1;2;;;;6;;5;6;5;2;2;9;8;2
1;1;107594;1;1;1;;;;6;;5;6;2;;2;14;4;2
1;1;95533;1;1;2;;;;6;;5;;5;4;2;8;8;2
1;1;92920;1;3;1;;;;6;;11;1;6;;1;8;8;2
1;1;69423;1;3;2;;;;6;2;11;;6;99;1;7;8;2
1;1;201815;1;3;1;;;;6;1;6;;;;1;3;8;2
1;1;56198;1;1;1;;;;6;1;11;9;5;;2;10;9;2
1;1;58896;1;2;2;;;;6;;5;;5;;1;15;8;2
1;1;120719;1;3;1;;;;6;;11;1;6;;2;7;8;7
1;1;99410;1;2;2;;;;6;;5;6;5;99;1;12;8;2
1;1;25644;1;3;1;;;;6;1;8;;6;;2;5;8;2
1;1;11577;1;3;1;;;;2;1;6;;6;;1;4;8;2
1;1;224206;1;3;1;;;8;1;1;6;;;;1;3;8;6
1;1;184961;1;3;1;;;;6;2;11;1;6;;1;6;8;2
1;1;50708;1;2;2;;;;6;;11;;5;2;1;11;8;2
1;1;88362;1;3;1;;;;6;1;8;;6;;1;5;8;2
1;1;134495;1;1;2;;;;6;1;8;6;5;3;1;9;8;2
1;1;224591;1;3;1;;;;6;1;3;;;;1;2;8;2
1;1;182023;1;3;2;;;;6;3;8;;6;;1;5;8;2
1;1;93470;1;3;2;;;;6;;6;8;5;1;2;7;8;2
1;1;66021;1;3;2;;;;6;1;11;;6;99;1;6;8;2
1;1;31649;1;4;1;;;;6;1;3;;;;1;3;8;2
1;1;7646;1;6;2;;;;6;1;6;;;;1;3;8;2
1;1;171405;1;3;2;;;3;1;1;8;;6;;1;5;8;6
1;1;16019;1;9;2;;;;6;1;6;;;;1;4;8;2
1;1;111388;1;3;1;;;;6;1;6;;;;1;3;8;2
1;1;122795;1;1;1;;;;6;;11;1;5;;1;12;4;2
1;1;212896;1;3;1;;;;6;;1;;;;1;2;8;2
1;1;224045;1;1;1;;;;6;;5;5;5;;1;14;8;2
1;1;86583;1;2;2;;;;6;;11;6;5;1;1;9;8;7
1;1;57721;1;1;2;;;;6;;11;2;3;3;1;13;8;2
1;1;53223;1;9;1;;;;6;;10;6;6;;2;8;8;2
1;1;157649;1;1;1;;;;6;;8;1;5;;1;13;8;2
1;1;175691;1;1;1;;;;6;;5;1;5;;2;7;8;2
1;1;9653;1;3;2;;;;4;;8;;6;;2;6;8;2
1;1;83130;1;9;1;;;;6;;5;1;1;;1;9;8;7
1;1;152799;1;3;2;;;;6;1;6;;;;2;3;8;2
1;1;238410;1;3;1;;;;6;1;11;;6;;1;7;8;2
1;1;59598;1;1;1;;;;6;2;11;1;5;;1;9;8;7
1;1;140282;1;1;2;;;;6;;5;3;5;4;2;12;8;2
1;1;153587;1;3;1;;;;6;1;6;;6;;1;4;8;2
1;1;85116;1;1;2;;;;6;;8;9;6;99;1;8;9;2
1;1;137049;1;6;1;;;;6;2;8;;6;;1;7;8;2
1;1;87663;1;1;2;;;;6;;5;3;6;1;2;14;8;2
1;1;38782;1;1;1;;;;6;;11;1;5;;1;13;8;2
1;1;3055;1;3;1;;;;6;3;8;;6;;1;5;8;2
1;1;31972;1;6;1;;;;6;;1;;;;1;2;8;2
1;1;157502;1;1;1;;;;1;;8;1;1;;1;7;8;2
1;1;116851;1;2;2;;;;6;;7;5;5;4;1;12;8;2
1;1;24924;1;1;1;;;;6;;7;1;6;;2;10;8;2
1;1;169809;1;3;2;;;;6;1;8;1;6;;2;5;8;2
1;1;203000;1;3;1;;;;6;;11;1;1;;1;8;8;2
1;1;70120;1;2;2;;;;6;;7;;1;99;1;9;8;2
1;1;102556;1;1;1;;;;6;;7;6;3;;2;12;8;2
1;1;145955;1;1;1;;;;6;3;11;9;6;;2;8;9;2
1;1;37480;1;3;2;;;;6;;8;;6;;1;5;8;2
1;1;58355;1;3;2;;;;6;;8;;6;;2;7;8;2
1;1;87874;1;1;1;;;;6;;7;;4;;1;16;8;2
1;1;192027;1;1;1;;;;6;;11;6;5;;1;10;8;2
1;1;8212;1;2;2;;;;6;;7;;5;4;2;10;8;2
1;1;217784;1;1;1;;;;6;;6;1;5;;2;9;8;2
1;1;16081;1;1;2;;;;6;;7;;4;99;1;17;8;2
1;1;1837;1;1;1;;;;6;2;11;;6;;2;9;8;2
1;1;90186;1;1;1;;;;6;;6;6;5;;1;17;8;2
1;1;158889;1;2;2;;;;6;;5;;5;3;2;14;8;2
1;1;193395;1;6;1;;;;6;2;6;;;;1;3;8;2
1;1;150712;1;3;2;;;;6;1;8;;6;;2;5;8;2
1;1;85141;1;1;1;;;;6;;12;6;5;;1;7;8;2
1;1;100856;1;1;2;;;;6;;5;;5;3;2;11;8;2
1;1;37711;1;1;1;;;;6;;5;6;5;;1;14;8;2
1;1;215115;1;3;2;;;;6;;8;;6;;2;7;8;2
1;1;16812;1;1;1;;;;6;;11;;5;;1;14;8;2
1;1;56150;1;3;2;;;;6;1;8;;6;;2;5;8;2
1;1;224817;1;1;2;;;;6;;7;;2;6;1;16;7;2
1;1;83691;1;2;1;;;;6;;7;1;5;;1;11;8;2
1;1;101310;1;3;1;;;;6;;11;5;6;;2;8;8;2
1;1;177988;1;1;2;4;;;6;;8;;5;3;1;7;8;9
1;1;162439;1;3;1;;;;6;1;6;;;;1;3;8;2
1;1;169092;1;3;1;;;;6;1;8;;6;;1;5;8;2
1;1;235495;1;1;1;;;;6;;7;1;5;;1;14;8;2
1;1;53564;1;9;2;;;;6;1;11;9;6;99;1;7;9;2
1;1;191528;1;1;1;;;;6;;11;2;5;;2;8;8;2
1;1;168590;1;1;1;;;;6;;11;1;1;;2;13;8;2
1;1;8920;1;2;2;;;;6;;5;6;5;;1;9;1;2
1;1;211479;1;3;1;;;;6;;11;2;5;;1;8;8;7
1;1;177614;1;9;2;;;;6;;5;6;6;1;1;12;8;2
1;1;65457;1;1;1;;;;6;;5;9;3;;1;10;9;2
1;1;55437;1;5;2;;;;6;;5;6;1;1;2;7;8;2
1;1;72368;1;1;1;;;;6;;8;6;5;;2;10;8;2
1;1;160297;1;3;1;;;;6;1;3;;;;1;3;8;2
1;1;238882;1;1;2;;;;6;;5;;6;;2;15;7;2
1;1;228270;1;3;2;;;;6;;12;2;3;;1;10;8;2
1;1;60615;1;3;2;;;;6;1;6;;;;2;4;8;2
1;1;96974;1;3;2;;;;6;2;8;;6;;1;4;8;2
1;1;235018;1;6;1;;;;6;;1;;;;2;2;8;2
1;1;134222;1;3;1;;;;6;2;6;;;;1;3;8;2
1;1;187744;1;1;1;;;;6;;7;;5;;1;15;8;2
1;1;201408;1;1;2;;;;6;;11;2;6;1;1;11;8;2
1;1;19258;1;1;2;;;;6;;1;7;5;3;2;18;8;2
1;1;225443;1;1;2;;;;6;;8;2;3;3;1;11;8;2
1;1;79043;1;1;1;;;;6;;5;6;5;;1;7;8;2
1;1;105286;1;3;1;;;;6;;12;1;6;;1;11;8;2
1;1;237790;1;1;1;;;;6;;5;;4;;1;16;8;2
1;1;202104;1;2;2;;;;6;;8;;1;1;1;6;8;2
1;1;44583;1;3;2;;;;6;;8;;6;;1;5;8;2
1;1;120360;1;3;1;;;;6;1;6;;;;2;4;8;2
1;1;61654;1;1;2;;;;6;;11;2;5;4;1;12;8;2
1;1;123390;1;9;2;;;;6;;11;;6;99;2;13;8;2
1;1;157142;1;2;2;;;;6;;11;;5;2;1;9;8;2
1;1;220492;1;3;2;;;;6;1;6;;;;2;3;8;2
1;1;168294;1;1;2;;;;6;;12;1;6;;1;8;8;7
1;1;224105;1;3;1;;;;6;1;6;;6;;2;4;8;2
1;1;166533;1;1;2;;;;6;;7;6;6;2;2;8;8;2
1;1;52766;1;1;2;;;;6;;8;6;1;4;2;14;8;2
1;1;186886;1;3;1;;;;6;;8;;6;;2;7;8;2
1;1;178379;1;1;1;;;;6;;8;1;2;;1;11;8;2
1;1;101084;1;2;2;;;;6;;5;;5;1;2;9;8;2
1;1;128134;1;9;2;;;;6;1;8;;6;;2;5;8;2
1;1;43533;1;3;1;;;;6;2;9;1;3;;1;9;8;2
1;1;181570;1;8;2;;;;6;;5;1;2;6;1;12;8;2
1;1;10389;1;1;1;;;;6;;11;6;3;;1;17;8;7
1;1;179153;1;2;2;;;;6;;5;6;5;7;1;16;8;2
1;1;65160;1;3;1;;;;6;1;6;;;;1;3;8;2
1;1;114031;1;8;2;;;;6;;5;;4;3;1;16;8;2
1;1;224607;1;3;2;;;;6;1;6;;;;2;3;8;2
1;1;224234;1;3;1;;;;6;1;11;;6;;2;6;8;2
1;1;67088;1;8;2;;;;6;;5;;4;11;1;20;8;2
1;1;152379;1;7;2;;;;6;;7;;5;4;1;11;1;2
1;1;5650;1;2;2;;;;6;;8;;1;2;2;6;8;2
1;1;151621;1;6;2;;;;6;1;11;;6;;1;6;8;2
1;1;115646;1;3;2;;;;6;1;6;;;;1;3;8;2
1;1;186995;1;9;2;;;;6;;5;;6;;2;15;8;2
1;1;50880;1;3;2;;;;6;1;11;;6;;1;8;5;7
1;1;130578;1;3;2;;;;6;2;6;;;;1;3;8;2
1;1;164771;1;1;2;;;;6;1;11;;6;;1;5;8;2
1;1;225867;1;3;2;;;;6;1;6;;6;;1;4;8;2
1;1;8227;1;4;2;;;;6;1;11;;6;;2;5;8;7
1;1;234980;1;1;1;;;;6;;5;6;5;;2;16;5;2
1;1;227956;1;3;2;;;;6;1;6;;;;1;4;8;2
1;1;194365;1;2;2;;;;6;;5;6;5;2;2;11;8;2
1;1;163187;1;3;2;;;;6;;12;2;6;;1;8;8;7
1;1;110309;1;3;1;;;;6;1;6;;6;;1;4;8;2
1;1;130297;1;3;1;;;;6;1;6;;6;;2;4;8;2
1;1;16196;1;1;2;;;;7;;11;;3;6;1;17;4;2
1;1;106475;1;1;2;;;;6;;11;;4;;1;12;8;2
1;1;221782;1;3;2;;;;6;;11;1;6;;1;8;8;2
1;1;156627;1;1;1;;;;6;;7;5;5;;1;13;8;2
1;1;132847;1;1;2;;;;6;;5;;5;5;2;10;8;2
1;1;145232;1;1;1;;;;6;;5;6;5;;2;14;8;2
1;1;127948;1;1;2;;;19;1;;11;2;3;1;1;9;8;6
1;1;189313;1;3;1;;;;6;1;6;;;;2;4;8;2
1;1;67996;1;3;2;;;;6;2;6;;6;;2;4;8;2
1;1;92215;1;3;1;;;;6;1;6;;6;;2;4;8;2
1;1;62196;2;1;1;;;;6;;11;1;5;;1;16;8;2
1;1;67313;1;2;2;;;;6;1;11;;1;99;1;6;8;2
1;1;106695;1;1;1;;;;6;;5;9;3;;1;11;9;2
1;1;186585;1;2;2;;;;6;;5;6;5;2;2;12;8;2
1;1;73482;1;1;2;;;;6;;7;1;2;3;1;10;8;2
1;1;107730;1;2;2;;;;6;;8;1;5;3;1;8;8;2
1;1;208151;1;3;1;;;;6;2;8;;6;;1;5;8;7
1;1;93857;1;1;2;;;;6;;11;4;2;2;1;9;8;2
1;1;159932;1;3;2;;;;6;2;6;;;;1;3;8;2
1;1;174792;1;2;2;;;;6;;8;4;5;1;2;12;8;2
1;1;16858;1;3;1;;;;6;;8;6;6;;1;7;8;2
1;1;110766;1;3;2;;;;6;1;8;;6;;1;4;8;2
1;1;90751;1;2;2;;;;6;;6;1;5;5;2;10;8;2
1;1;89627;1;5;1;;;;6;;8;1;5;;1;12;8;2
1;1;4742;1;1;2;;;;6;;5;;4;5;2;16;5;2
1;1;192465;1;3;2;;;;6;;1;;;;1;2;8;2
1;1;159458;1;2;2;;;;7;;7;;5;2;1;16;8;2
1;1;181399;1;2;2;;;;6;;11;1;5;2;1;8;8;7
1;1;177390;1;3;1;;;;6;1;11;;1;;1;6;8;2
1;1;222005;1;7;2;;;;6;;5;;5;5;1;13;8;2
1;1;173957;1;7;2;;;;6;;1;;6;3;2;19;8;2
1;1;48518;1;2;2;;;;6;;5;;5;2;2;16;7;2
1;1;79815;1;2;2;;;;6;;7;1;5;1;1;9;8;2
1;1;210098;1;6;2;;;;6;2;6;;;;1;4;8;2
1;1;201123;1;3;1;;;;6;1;11;;6;;1;6;8;2
1;1;228083;1;1;1;;;;6;;5;6;5;;2;8;8;2
1;1;228092;1;1;2;;;;6;;8;1;4;;1;13;8;2
1;1;90127;1;1;2;;;;6;;12;2;4;2;1;9;8;2
1;1;212179;1;3;2;;;;6;3;6;;;;2;4;8;2
1;1;1604;1;2;2;;;;6;;6;1;5;3;2;9;8;2
1;1;237074;1;1;1;;;;6;;8;6;5;;2;12;8;2
1;1;114683;1;3;1;;;;6;1;8;;6;;2;5;8;2
1;1;205260;1;1;2;;;;6;;1;;5;7;1;18;7;2
1;1;115811;1;1;2;;;;6;;5;;4;2;1;18;8;2
1;1;71973;1;3;1;;;;6;;11;1;6;;1;8;8;2
1;1;51196;1;2;2;;;;6;;11;4;5;1;2;10;5;2
1;1;80071;1;2;2;;;;6;;5;;5;2;1;11;8;2
1;1;234005;1;3;2;;;;6;2;6;;;;1;3;8;2
1;1;171073;1;3;2;;;;6;2;11;;6;;1;6;5;2
1;1;197173;1;9;2;;;;1;;8;6;1;5;2;11;8;2
1;1;211463;1;3;1;;;;6;;8;;6;;2;5;8;2
1;1;43441;1;2;1;;;;6;;5;;1;;1;13;9;2
1;1;107103;1;3;2;;;;6;;8;7;5;2;1;11;8;2
1;1;134693;1;2;2;;;;6;;8;6;5;3;2;11;8;7
1;1;22606;1;10;1;;;;6;1;11;;6;;1;6;8;2
1;1;148999;1;1;1;;;;6;;12;1;5;;2;9;8;7
1;1;125019;1;3;2;;;;6;;8;1;6;;1;6;8;2
1;1;235505;1;2;2;;;;6;;11;6;1;2;2;7;5;2
1;1;205001;1;3;1;;;;6;1;6;;;;1;4;8;2
1;1;155842;1;2;2;;;;6;;5;6;5;;1;8;8;2
1;1;176191;1;9;2;;;;6;;11;2;5;;2;12;8;2
1;1;1457;1;1;1;;;;6;;11;1;6;;1;8;8;2
1;1;92899;1;1;1;;;;6;;8;6;1;;2;9;8;2
1;1;211062;1;3;1;;;;6;;8;;5;;1;11;8;2
1;1;122001;1;1;1;;;;6;;5;6;5;;2;15;8;2
1;1;23927;1;3;2;;;;6;;7;1;3;3;1;15;8;2
1;1;42523;1;6;1;;;;5;2;2;;;;1;1;9;
1;1;169916;1;1;1;;;;6;;11;;6;;2;12;5;2
1;1;160644;1;3;1;;;;6;;8;1;6;;1;6;8;2
1;1;11888;1;3;1;;;;6;;8;;6;;2;5;8;2
1;1;45896;1;3;1;;;;6;2;8;;6;;1;5;8;7
1;1;126728;1;1;1;;;;6;;7;1;5;;1;8;8;2
1;1;178112;1;2;2;;;;6;;5;;1;5;1;11;8;2
